id,absence_days,extracurricular_activities,weekly_self_study_hours,career_aspiration,math_score,history_score,physics_score,chemistry_score,biology_score,english_score,geography_score,stem_avg,humanities_avg,math_physics_avg,bio_chem_avg,overall_score,study_efficiency,academic_balance,is_at_risk
1,3,0,27,Lawyer,73,81,93,97,63,80,87,81.5,82.67,83.0,80.0,82.0,2.93,-1.17,0
2,2,0,47,Doctor,90,86,96,100,90,88,90,94.0,88.0,93.0,95.0,91.43,1.9,6.0,0
3,9,1,13,Government Officer,81,97,95,96,65,77,94,84.25,89.33,88.0,80.5,86.43,6.17,-5.08,1
4,5,0,3,Artist,71,74,88,80,89,63,86,82.0,74.33,79.5,84.5,78.71,19.68,7.67,0
7,3,1,23,Software Engineer,99,96,97,73,88,76,64,89.25,78.67,98.0,80.5,84.71,3.53,10.58,0
8,2,1,34,Software Engineer,95,95,82,63,84,70,85,81.0,83.33,88.5,73.5,82.0,2.34,-2.33,0
10,3,1,18,Teacher,98,69,88,71,67,71,73,81.0,71.0,93.0,69.0,76.71,4.04,10.0,0
11,2,0,7,Teacher,65,60,97,94,71,81,66,81.75,69.0,81.0,82.5,76.29,9.54,12.75,0
13,7,0,4,Business Owner,94,59,69,67,89,65,73,79.75,65.67,81.5,78.0,73.71,14.74,14.08,0
14,10,0,2,Business Owner,66,94,86,100,57,90,63,77.25,82.33,76.0,78.5,79.43,26.48,-5.08,1
15,3,0,39,Doctor,96,90,86,92,92,95,87,91.5,90.67,91.0,92.0,91.14,2.28,0.83,0
16,6,0,0,Business Owner,94,50,78,64,79,74,84,78.75,69.33,86.0,71.5,74.71,74.71,9.42,0
17,3,1,30,Scientist,92,64,93,91,80,89,72,89.0,75.0,92.5,85.5,83.0,2.68,14.0,0
18,2,1,28,Software Engineer,86,83,85,79,93,76,77,85.75,78.67,85.5,86.0,82.71,2.85,7.08,0
19,1,0,37,Doctor,92,87,92,99,97,87,86,95.0,86.67,92.0,98.0,91.43,2.41,8.33,0
20,2,0,27,Software Engineer,99,65,98,75,66,72,100,84.5,79.0,98.5,70.5,82.14,2.93,5.5,0
21,3,0,15,Software Engineer,100,90,72,98,73,97,72,85.75,86.33,86.0,85.5,86.0,5.38,-0.58,0
22,8,0,4,Business Owner,57,55,78,94,83,88,88,78.0,77.0,67.5,88.5,77.57,15.51,1.0,1
23,9,0,2,Business Owner,89,72,68,72,71,54,90,75.0,72.0,78.5,71.5,73.71,24.57,3.0,1
24,9,0,1,Business Owner,50,76,81,55,56,80,79,60.5,78.33,65.5,55.5,68.14,34.07,-17.83,1
25,4,0,35,Software Engineer,87,91,90,88,95,88,93,90.0,90.67,88.5,91.5,90.29,2.51,-0.67,0
26,5,0,22,Doctor,92,86,87,81,93,90,99,88.25,91.67,89.5,87.0,89.71,3.9,-3.42,0
27,3,0,34,Banker,100,77,80,94,63,90,90,84.25,85.67,90.0,78.5,84.86,2.42,-1.42,0
28,0,0,23,Writer,64,75,93,79,81,96,85,79.25,85.33,78.5,80.0,81.86,3.41,-6.08,0
29,1,1,17,Accountant,79,65,99,71,76,77,83,81.25,75.0,89.0,73.5,78.57,4.36,6.25,0
30,3,0,19,Accountant,82,100,61,97,30,74,73,67.5,82.33,71.5,63.5,73.86,3.69,-14.83,0
31,0,0,14,Software Engineer,88,69,87,100,88,85,72,90.75,75.33,87.5,94.0,84.14,5.61,15.42,0
32,4,0,30,Designer,70,68,92,74,82,85,72,79.5,75.0,81.0,78.0,77.57,2.5,4.5,0
33,4,0,30,Accountant,77,96,98,89,85,62,62,87.25,73.33,87.5,87.0,81.29,2.62,13.92,0
34,1,0,24,Banker,99,84,84,78,78,77,68,84.75,76.33,91.5,78.0,81.14,3.25,8.42,0
37,2,1,19,Construction Engineer,99,94,87,71,89,91,96,86.5,93.67,93.0,80.0,89.57,4.48,-7.17,0
38,1,0,29,Construction Engineer,92,100,85,89,81,91,88,86.75,93.0,88.5,85.0,89.43,2.98,-6.25,0
39,4,0,21,Banker,77,64,64,88,94,82,78,80.75,74.67,70.5,91.0,78.14,3.55,6.08,0
40,4,0,18,Accountant,92,60,66,87,60,83,95,76.25,79.33,79.0,73.5,77.57,4.08,-3.08,0
41,4,0,31,Software Engineer,85,97,64,90,79,81,81,79.5,86.33,74.5,84.5,82.43,2.58,-6.83,0
42,7,0,4,Business Owner,65,55,66,50,88,56,86,67.25,65.67,65.5,69.0,66.57,13.31,1.58,1
43,6,0,3,Business Owner,93,94,92,77,87,98,63,87.25,85.0,92.5,82.0,86.29,21.57,2.25,0
44,4,0,3,Game Developer,97,99,85,96,91,68,66,92.25,77.67,91.0,93.5,86.0,21.5,14.58,0
45,4,0,3,Business Owner,54,99,79,57,53,95,83,60.75,92.33,66.5,55.0,74.29,18.57,-31.58,0
46,5,1,5,Business Owner,88,53,50,58,84,53,96,70.0,67.33,69.0,71.0,68.86,11.48,2.67,1
47,5,1,27,Lawyer,71,85,93,68,100,91,87,83.0,87.67,82.0,84.0,85.0,3.04,-4.67,0
48,0,1,28,Stock Investor,81,98,74,70,97,65,65,80.5,76.0,77.5,83.5,78.57,2.71,4.5,0
50,0,0,14,Accountant,100,89,90,93,30,83,74,78.25,82.0,95.0,61.5,79.86,5.32,-3.75,0
51,6,1,16,Stock Investor,76,72,96,65,89,87,94,81.5,84.33,86.0,77.0,82.71,4.87,-2.83,0
52,2,0,24,Lawyer,99,81,73,70,85,86,61,81.75,76.0,86.0,77.5,79.29,3.17,5.75,0
53,9,0,0,Business Owner,64,70,61,81,82,51,70,72.0,63.67,62.5,81.5,68.43,68.43,8.33,1
54,3,0,32,Banker,90,96,86,61,89,98,68,81.5,87.33,88.0,75.0,84.0,2.55,-5.83,0
55,2,0,3,Game Developer,85,100,92,68,60,77,83,76.25,86.67,88.5,64.0,80.71,20.18,-10.42,0
56,6,0,31,Software Engineer,91,60,84,88,76,71,99,84.75,76.67,87.5,82.0,81.29,2.54,8.08,0
58,2,0,18,Banker,94,78,73,97,67,78,99,82.75,85.0,83.5,82.0,83.71,4.41,-2.25,0
59,7,0,26,Software Engineer,94,89,64,96,91,95,77,86.25,87.0,79.0,93.5,86.57,3.21,-0.75,0
60,4,0,23,Software Engineer,89,99,90,79,85,96,98,85.75,97.67,89.5,82.0,90.86,3.79,-11.92,0
61,2,0,1,Game Developer,91,81,88,71,78,83,76,82.0,80.0,89.5,74.5,81.14,40.57,2.0,0
62,5,0,33,Lawyer,83,86,61,99,99,88,73,85.5,82.33,72.0,99.0,84.14,2.47,3.17,0
63,7,0,2,Business Owner,98,65,53,64,52,96,62,66.75,74.33,75.5,58.0,70.0,23.33,-7.58,1
64,1,0,34,Banker,83,97,65,88,67,95,69,75.75,87.0,74.0,77.5,80.57,2.3,-11.25,0
65,2,0,18,Construction Engineer,91,73,99,70,63,80,78,80.75,77.0,95.0,66.5,79.14,4.17,3.75,0
66,6,0,2,Business Owner,90,54,77,74,76,96,88,79.25,79.33,83.5,75.0,79.29,26.43,-0.08,0
67,3,0,27,Software Engineer,92,86,66,69,100,71,80,81.75,79.0,79.0,84.5,80.57,2.88,2.75,0
68,2,0,8,Real Estate Developer,64,64,73,76,72,97,91,71.25,84.0,68.5,74.0,76.71,8.52,-12.75,0
69,4,0,14,Software Engineer,90,70,85,60,81,71,88,79.0,76.33,87.5,70.5,77.86,5.19,2.67,0
70,10,1,22,Banker,99,81,96,69,91,87,83,88.75,83.67,97.5,80.0,86.57,3.76,5.08,1
71,1,0,15,Designer,89,66,93,81,86,88,70,87.25,74.67,91.0,83.5,81.86,5.12,12.58,0
72,3,0,22,Writer,62,87,93,83,93,97,73,82.75,85.67,77.5,88.0,84.0,3.65,-2.92,0
73,10,0,1,Business Owner,61,70,69,64,59,78,80,63.25,76.0,65.0,61.5,68.71,34.35,-12.75,1
74,8,0,3,Business Owner,51,54,66,87,99,58,68,75.75,60.0,58.5,93.0,69.0,17.25,15.75,1
75,2,0,20,Software Engineer,85,100,64,68,73,81,87,72.5,89.33,74.5,70.5,79.71,3.8,-16.83,0
76,7,1,27,Software Engineer,99,90,96,92,100,98,77,96.75,88.33,97.5,96.0,93.14,3.33,8.42,0
77,3,0,24,Software Engineer,87,63,60,90,89,99,80,81.5,80.67,73.5,89.5,81.14,3.25,0.83,0
80,3,0,16,Software Engineer,87,79,89,68,93,75,92,84.25,82.0,88.0,80.5,83.29,4.9,2.25,0
81,3,0,3,Business Owner,87,67,94,92,62,58,65,83.75,63.33,90.5,77.0,75.0,18.75,20.42,0
82,1,0,15,Stock Investor,76,67,83,85,91,61,67,83.75,65.0,79.5,88.0,75.71,4.73,18.75,0
83,7,0,11,Government Officer,60,80,61,63,95,92,75,69.75,82.33,60.5,79.0,75.14,6.26,-12.58,0
84,7,0,32,Scientist,85,65,99,100,88,93,72,93.0,76.67,92.0,94.0,86.0,2.61,16.33,0
86,1,0,24,Software Engineer,85,71,69,80,70,77,66,76.0,71.33,77.0,75.0,74.0,2.96,4.67,0
87,2,0,9,Government Officer,91,76,71,72,92,67,90,81.5,77.67,81.0,82.0,79.86,7.99,3.83,0
88,3,1,14,Software Engineer,99,95,83,89,81,63,70,88.0,76.0,91.0,85.0,82.86,5.52,12.0,0
89,3,0,16,Stock Investor,93,96,68,87,69,89,100,79.25,95.0,80.5,78.0,86.0,5.06,-15.75,0
90,3,0,29,Software Engineer,89,75,60,80,62,85,73,72.75,77.67,74.5,71.0,74.86,2.5,-4.92,0
91,0,0,14,Accountant,95,78,95,73,32,65,68,73.75,70.33,95.0,52.5,72.29,4.82,3.42,0
92,4,0,10,Government Officer,68,82,95,63,62,98,93,72.0,91.0,81.5,62.5,80.14,7.29,-19.0,0
93,5,0,31,Software Engineer,98,73,73,77,87,98,83,83.75,84.67,85.5,82.0,84.14,2.63,-0.92,0
94,4,0,34,Stock Investor,79,92,79,76,84,67,86,79.5,81.67,79.0,80.0,80.43,2.3,-2.17,0
96,2,1,34,Software Engineer,100,98,89,85,81,64,94,88.75,85.33,94.5,83.0,87.29,2.49,3.42,0
97,3,1,2,Artist,86,76,84,93,76,69,91,84.75,78.67,85.0,84.5,82.14,27.38,6.08,0
98,3,0,4,Real Estate Developer,87,89,93,98,79,72,88,89.25,83.0,90.0,88.5,86.57,17.31,6.25,0
99,0,0,28,Lawyer,100,93,85,61,96,83,86,85.5,87.33,92.5,78.5,86.29,2.98,-1.83,0
100,0,0,5,Game Developer,85,89,94,69,99,93,98,86.75,93.33,89.5,84.0,89.57,14.93,-6.58,0
101,2,0,4,Artist,87,73,98,91,79,60,77,88.75,70.0,92.5,85.0,80.71,16.14,18.75,0
102,2,0,25,Software Engineer,96,80,100,61,81,98,65,84.5,81.0,98.0,71.0,83.0,3.19,3.5,0
103,5,0,29,Writer,76,87,64,74,73,90,99,71.75,92.0,70.0,73.5,80.43,2.68,-20.25,0
104,6,0,1,Artist,90,80,63,94,64,70,79,77.75,76.33,76.5,79.0,77.14,38.57,1.42,0
105,7,0,2,Business Owner,65,60,100,91,87,78,99,85.75,79.0,82.5,89.0,82.86,27.62,6.75,0
106,2,0,0,Real Estate Developer,98,97,62,89,62,95,77,77.75,89.67,80.0,75.5,82.86,82.86,-11.92,0
107,3,0,16,Accountant,91,80,97,89,94,95,84,92.75,86.33,94.0,91.5,90.0,5.29,6.42,0
108,3,1,31,Scientist,86,81,83,81,81,77,86,82.75,81.33,84.5,81.0,82.14,2.57,1.42,0
110,5,1,13,Accountant,78,69,82,60,64,77,82,71.0,76.0,80.0,62.0,73.14,5.22,-5.0,0
111,4,0,24,Stock Investor,76,89,89,83,89,90,64,84.25,81.0,82.5,86.0,82.86,3.31,3.25,0
112,9,0,2,Business Owner,82,54,85,57,50,54,76,68.5,61.33,83.5,53.5,65.43,21.81,7.17,1
113,2,1,4,Business Owner,45,85,94,76,57,93,86,68.0,88.0,69.5,66.5,76.57,15.31,-20.0,0
114,1,0,22,Banker,92,75,65,97,61,76,81,78.75,77.33,78.5,79.0,78.14,3.4,1.42,0
115,6,1,0,Business Owner,43,65,91,75,64,94,100,68.25,86.33,67.0,69.5,76.0,76.0,-18.08,0
117,6,0,1,Business Owner,78,71,50,55,54,97,95,59.25,87.67,64.0,54.5,71.43,35.72,-28.42,1
119,1,1,19,Software Engineer,93,73,94,65,60,63,93,78.0,76.33,93.5,62.5,77.29,3.86,1.67,0
120,6,0,5,Business Owner,55,93,67,74,55,60,64,62.75,72.33,61.0,64.5,66.86,11.14,-9.58,1
121,0,0,13,Teacher,66,90,83,80,76,90,91,76.25,90.33,74.5,78.0,82.29,5.88,-14.08,0
122,4,0,26,Doctor,98,92,91,99,97,88,75,96.25,85.0,94.5,98.0,91.43,3.39,11.25,0
123,4,0,41,Doctor,94,94,94,89,85,86,85,90.5,88.33,94.0,87.0,89.57,2.13,2.17,0
124,3,0,47,Doctor,96,100,96,91,91,96,89,93.5,95.0,96.0,91.0,94.14,1.96,-1.5,0
127,1,0,3,Game Developer,89,67,86,87,87,68,78,87.25,71.0,87.5,87.0,80.29,20.07,16.25,0
128,4,1,14,Accountant,96,67,80,83,86,77,75,86.25,73.0,88.0,84.5,80.57,5.37,13.25,0
131,5,0,25,Stock Investor,96,73,90,85,63,84,87,83.5,81.33,93.0,74.0,82.57,3.18,2.17,0
132,4,0,16,Banker,95,82,66,63,67,92,69,72.75,81.0,80.5,65.0,76.29,4.49,-8.25,0
133,4,0,27,Software Engineer,90,63,69,80,99,69,79,84.5,70.33,79.5,89.5,78.43,2.8,14.17,0
134,6,0,0,Business Owner,88,52,53,56,85,93,78,70.5,74.33,70.5,70.5,72.14,72.14,-3.83,0
135,1,0,3,Designer,87,62,87,96,85,90,74,88.75,75.33,87.0,90.5,83.0,20.75,13.42,0
136,2,0,6,Designer,62,83,84,75,83,85,86,76.0,84.67,73.0,79.0,79.71,11.39,-8.67,0
137,2,0,12,Banker,85,65,60,78,81,96,76,76.0,79.0,72.5,79.5,77.29,5.95,-3.0,0
138,1,1,11,Banker,79,97,76,67,61,90,95,70.75,94.0,77.5,64.0,80.71,6.73,-23.25,0
139,4,0,23,Software Engineer,90,94,98,96,68,82,81,88.0,85.67,94.0,82.0,87.0,3.62,2.33,0
140,2,0,23,Doctor,97,71,82,80,97,93,78,89.0,80.67,89.5,88.5,85.43,3.56,8.33,0
141,0,0,16,Software Engineer,88,69,87,81,77,67,93,83.25,76.33,87.5,79.0,80.29,4.72,6.92,0
142,2,1,3,Artist,71,85,77,89,98,63,100,83.75,82.67,74.0,93.5,83.29,20.82,1.08,0
143,1,0,29,Lawyer,70,99,79,96,60,97,100,76.25,98.67,74.5,78.0,85.86,2.86,-22.42,0
144,3,1,18,Software Engineer,93,68,76,99,80,80,75,87.0,74.33,84.5,89.5,81.57,4.29,12.67,0
145,0,0,3,Game Developer,92,79,81,61,86,72,88,80.0,79.67,86.5,73.5,79.86,19.96,0.33,0
146,3,0,6,Real Estate Developer,83,72,68,94,100,98,92,86.25,87.33,75.5,97.0,86.71,12.39,-1.08,0
147,8,0,2,Business Owner,68,97,51,93,68,58,78,70.0,77.67,59.5,80.5,73.29,24.43,-7.67,1
148,0,0,34,Lawyer,92,90,65,79,96,87,74,83.0,83.67,78.5,87.5,83.29,2.38,-0.67,0
150,5,0,4,Business Owner,76,72,72,65,82,71,93,73.75,78.67,74.0,73.5,75.86,15.17,-4.92,0
152,10,0,2,Business Owner,41,57,97,56,50,98,83,61.0,79.33,69.0,53.0,68.86,22.95,-18.33,1
154,0,0,8,Real Estate Developer,78,67,82,70,65,68,81,73.75,72.0,80.0,67.5,73.0,8.11,1.75,0
155,1,0,33,Software Engineer,89,73,85,84,73,81,98,82.75,84.0,87.0,78.5,83.29,2.45,-1.25,0
158,8,0,1,Business Owner,97,54,62,66,58,69,96,70.75,73.0,79.5,62.0,71.71,35.85,-2.25,1
159,7,1,3,Business Owner,49,64,97,61,62,72,65,67.25,67.0,73.0,61.5,67.14,16.78,0.25,1
162,3,0,24,Construction Engineer,96,66,92,88,65,76,72,85.25,71.33,94.0,76.5,79.29,3.17,13.92,0
163,4,0,33,Construction Engineer,86,88,99,79,93,97,91,89.25,92.0,92.5,86.0,90.43,2.66,-2.75,0
164,1,1,44,Doctor,86,100,100,96,95,97,93,94.25,96.67,93.0,95.5,95.29,2.12,-2.42,0
165,1,0,15,Teacher,88,72,96,60,90,80,88,83.5,80.0,92.0,75.0,82.0,5.12,3.5,0
166,2,0,5,Game Developer,92,81,99,98,77,80,73,91.5,78.0,95.5,87.5,85.71,14.28,13.5,0
167,7,0,5,Business Owner,87,76,71,65,64,81,61,71.75,72.67,79.0,64.5,72.14,12.02,-0.92,0
170,4,1,34,Software Engineer,100,62,67,97,73,84,99,84.25,81.67,83.5,85.0,83.14,2.38,2.58,0
171,1,0,34,Lawyer,91,98,76,99,65,98,71,82.75,89.0,83.5,82.0,85.43,2.44,-6.25,0
172,4,0,25,Stock Investor,81,87,65,85,74,64,81,76.25,77.33,73.0,79.5,76.71,2.95,-1.08,0
173,5,1,31,Accountant,82,66,89,76,68,83,79,78.75,76.0,85.5,72.0,77.57,2.42,2.75,0
174,1,0,33,Lawyer,100,96,75,68,77,97,81,80.0,91.33,87.5,72.5,84.86,2.5,-11.33,0
175,10,1,3,Business Owner,65,100,80,83,57,81,81,71.25,87.33,72.5,70.0,78.14,19.54,-16.08,1
177,3,0,15,Accountant,97,92,95,75,95,90,83,90.5,88.33,96.0,85.0,89.57,5.6,2.17,0
178,3,0,26,Banker,76,94,77,88,85,91,61,81.5,82.0,76.5,86.5,81.71,3.03,-0.5,0
179,5,0,35,Software Engineer,91,99,94,94,95,98,89,93.5,95.33,92.5,94.5,94.29,2.62,-1.83,0
180,4,0,12,Construction Engineer,85,73,89,73,97,66,79,86.0,72.67,87.0,85.0,80.29,6.18,13.33,0
182,1,0,31,Lawyer,73,99,75,70,100,86,62,79.5,82.33,74.0,85.0,80.71,2.52,-2.83,0
184,8,1,5,Business Owner,46,79,75,86,91,88,77,74.5,81.33,60.5,88.5,77.43,12.9,-6.83,1
185,1,0,33,Software Engineer,92,84,85,77,81,69,95,83.75,82.67,88.5,79.0,83.29,2.45,1.08,0
186,3,0,2,Artist,69,78,69,70,100,88,85,77.0,83.67,69.0,85.0,79.86,26.62,-6.67,0
187,5,1,9,Real Estate Developer,78,99,64,99,65,84,80,76.5,87.67,71.0,82.0,81.29,8.13,-11.17,0
188,2,1,0,Business Owner,92,62,86,97,54,76,76,82.25,71.33,89.0,75.5,77.57,77.57,10.92,0
190,5,0,30,Scientist,95,79,98,95,89,99,87,94.25,88.33,96.5,92.0,91.71,2.96,5.92,0
191,7,0,1,Game Developer,99,82,93,83,92,90,60,91.75,77.33,96.0,87.5,85.57,42.78,14.42,0
192,1,1,26,Software Engineer,96,66,79,80,88,61,85,85.75,70.67,87.5,84.0,79.29,2.94,15.08,0
193,2,0,2,Game Developer,85,90,85,74,96,71,80,85.0,80.33,85.0,85.0,83.0,27.67,4.67,0
194,5,0,9,Stock Investor,91,94,82,100,68,66,69,85.25,76.33,86.5,84.0,81.43,8.14,8.92,0
195,2,0,30,Scientist,85,64,93,80,82,70,94,85.0,76.0,89.0,81.0,81.14,2.62,9.0,0
196,3,0,24,Stock Investor,94,73,61,68,65,85,67,72.0,75.0,77.5,66.5,73.29,2.93,-3.0,0
197,4,0,21,Software Engineer,95,69,62,87,84,83,64,82.0,72.0,78.5,85.5,77.71,3.53,10.0,0
198,2,0,14,Teacher,69,90,83,70,83,91,67,76.25,82.67,76.0,76.5,79.0,5.27,-6.42,0
199,1,0,24,Software Engineer,95,72,94,96,91,61,94,94.0,75.67,94.5,93.5,86.14,3.45,18.33,0
200,3,0,34,Lawyer,94,88,65,88,60,81,78,76.75,82.33,79.5,74.0,79.14,2.26,-5.58,0
201,1,1,34,Accountant,82,81,100,81,60,79,96,80.75,85.33,91.0,70.5,82.71,2.36,-4.58,0
202,6,1,27,Software Engineer,99,73,91,91,93,80,100,93.5,84.33,95.0,92.0,89.57,3.2,9.17,0
203,3,0,16,Accountant,85,62,84,80,37,80,71,71.5,71.0,84.5,58.5,71.29,4.19,0.5,1
204,1,1,21,Accountant,100,87,60,92,46,67,96,74.5,83.33,80.0,69.0,78.29,3.56,-8.83,0
205,1,0,1,Artist,98,95,90,81,82,86,98,87.75,93.0,94.0,81.5,90.0,45.0,-5.25,0
206,3,0,17,Software Engineer,97,78,81,67,90,95,79,83.75,84.0,89.0,78.5,83.86,4.66,-0.25,0
208,3,1,12,Accountant,99,73,77,74,62,68,99,78.0,80.0,88.0,68.0,78.86,6.07,-2.0,0
209,2,0,22,Banker,75,83,70,71,86,95,76,75.5,84.67,72.5,78.5,79.43,3.45,-9.17,0
210,1,1,14,Teacher,63,80,99,78,60,84,86,75.0,83.33,81.0,69.0,78.57,5.24,-8.33,0
211,0,0,41,Doctor,96,88,90,100,94,87,96,95.0,90.33,93.0,97.0,93.0,2.21,4.67,0
212,4,0,32,Construction Engineer,91,73,86,73,84,60,71,83.5,68.0,88.5,78.5,76.86,2.33,15.5,0
213,1,0,4,Business Owner,52,58,60,97,93,89,68,75.5,71.67,56.0,95.0,73.86,14.77,3.83,0
214,1,0,22,Doctor,99,71,80,82,95,64,64,89.0,66.33,89.5,88.5,79.29,3.45,22.67,0
215,3,0,17,Banker,84,62,92,74,73,98,91,80.75,83.67,88.0,73.5,82.0,4.56,-2.92,0
216,2,0,2,Artist,100,90,82,79,94,83,78,88.75,83.67,91.0,86.5,86.57,28.86,5.08,0
217,4,0,33,Banker,82,71,93,90,90,76,97,88.75,81.33,87.5,90.0,85.57,2.52,7.42,0
218,5,0,29,Banker,75,88,65,80,76,94,97,74.0,93.0,70.0,78.0,82.14,2.74,-19.0,0
220,6,1,34,Banker,99,88,72,76,68,92,72,78.75,84.0,85.5,72.0,81.0,2.31,-5.25,0
221,3,0,2,Real Estate Developer,99,76,94,88,75,66,84,89.0,75.33,96.5,81.5,83.14,27.71,13.67,0
222,3,0,22,Software Engineer,95,87,79,95,84,90,74,88.25,83.67,87.0,89.5,86.29,3.75,4.58,0
223,7,0,33,Software Engineer,99,61,75,68,66,90,99,77.0,83.33,87.0,67.0,79.71,2.34,-6.33,0
224,5,0,17,Designer,65,72,96,69,78,93,72,77.0,79.0,80.5,73.5,77.86,4.33,-2.0,0
225,7,0,4,Business Owner,85,55,74,71,66,50,99,74.0,68.0,79.5,68.5,71.43,14.29,6.0,1
226,7,1,3,Business Owner,69,78,57,72,71,96,87,67.25,87.0,63.0,71.5,75.71,18.93,-19.75,0
227,7,0,3,Business Owner,75,76,88,65,97,83,85,81.25,81.33,81.5,81.0,81.29,20.32,-0.08,0
228,7,1,17,Software Engineer,91,78,72,69,77,91,96,77.25,88.33,81.5,73.0,82.0,4.56,-11.08,0
229,3,0,6,Real Estate Developer,92,95,61,98,89,85,80,85.0,86.67,76.5,93.5,85.71,12.24,-1.67,0
231,2,0,35,Software Engineer,87,91,98,94,100,87,89,94.75,89.0,92.5,97.0,92.29,2.56,5.75,0
232,3,0,17,Software Engineer,97,88,87,61,86,92,94,82.75,91.33,92.0,73.5,86.43,4.8,-8.58,0
233,1,0,7,Government Officer,97,92,79,88,92,99,85,89.0,92.0,88.0,90.0,90.29,11.29,-3.0,0
234,5,0,16,Designer,98,88,92,84,90,90,71,91.0,83.0,95.0,87.0,87.57,5.15,8.0,0
235,1,0,20,Software Engineer,96,67,88,95,82,75,84,90.25,75.33,92.0,88.5,83.86,3.99,14.92,0
236,7,0,0,Business Owner,98,89,81,56,72,74,94,76.75,85.67,89.5,64.0,80.57,80.57,-8.92,0
237,2,0,27,Lawyer,87,82,95,81,85,84,73,87.0,79.67,91.0,83.0,83.86,3.0,7.33,0
238,0,0,24,Construction Engineer,96,80,86,94,63,72,75,84.75,75.67,91.0,78.5,80.86,3.23,9.08,0
240,6,0,20,Software Engineer,100,72,99,64,70,93,67,83.25,77.33,99.5,67.0,80.71,3.84,5.92,0
241,0,0,27,Software Engineer,91,81,91,76,100,92,87,89.5,86.67,91.0,88.0,88.29,3.15,2.83,0
242,6,0,2,Business Owner,87,62,85,64,63,61,85,74.75,69.33,86.0,63.5,72.43,24.14,5.42,0
243,6,0,16,Banker,75,95,84,87,78,82,86,81.0,87.67,79.5,82.5,83.86,4.93,-6.67,0
244,1,0,27,Banker,86,78,61,71,94,92,65,78.0,78.33,73.5,82.5,78.14,2.79,-0.33,0
245,4,1,24,Accountant,94,62,97,96,74,68,69,90.25,66.33,95.5,85.0,80.0,3.2,23.92,0
246,4,0,23,Accountant,99,64,92,78,30,78,88,74.75,76.67,95.5,54.0,75.57,3.15,-1.92,0
247,1,0,15,Government Officer,84,91,94,66,78,71,93,80.5,85.0,89.0,72.0,82.43,5.15,-4.5,0
248,3,0,25,Stock Investor,92,81,68,96,99,92,79,88.75,84.0,80.0,97.5,86.71,3.34,4.75,0
249,2,0,32,Software Engineer,95,84,95,72,62,80,83,81.0,82.33,95.0,67.0,81.57,2.47,-1.33,0
250,3,0,35,Lawyer,90,88,94,99,92,87,97,93.75,90.67,92.0,95.5,92.43,2.57,3.08,0
251,3,0,3,Artist,93,100,87,66,85,96,87,82.75,94.33,90.0,75.5,87.71,21.93,-11.58,0
252,1,0,28,Designer,69,63,88,73,83,74,94,78.25,77.0,78.5,78.0,77.71,2.68,1.25,0
253,1,0,3,Game Developer,97,80,80,65,91,67,84,83.25,77.0,88.5,78.0,80.57,20.14,6.25,0
254,0,0,21,Accountant,76,72,80,92,41,90,78,72.25,80.0,78.0,66.5,75.57,3.43,-7.75,0
256,7,1,35,Software Engineer,91,87,89,97,93,87,100,92.5,91.33,90.0,95.0,92.0,2.56,1.17,0
257,7,1,14,Accountant,82,95,92,62,73,75,93,77.25,87.67,87.0,67.5,81.71,5.45,-10.42,0
258,7,0,1,Business Owner,59,56,87,97,62,74,61,76.25,63.67,73.0,79.5,70.86,35.43,12.58,1
259,9,1,0,Business Owner,78,71,73,51,80,84,65,70.5,73.33,75.5,65.5,71.71,71.71,-2.83,1
260,2,0,12,Construction Engineer,89,65,82,65,76,95,62,78.0,74.0,85.5,70.5,76.29,5.87,4.0,0
261,3,0,35,Software Engineer,86,91,92,96,90,96,90,91.0,92.33,89.0,93.0,91.57,2.54,-1.33,0
262,4,0,2,Artist,76,93,65,95,76,88,88,78.0,89.67,70.5,85.5,83.0,27.67,-11.67,0
264,3,0,31,Lawyer,91,96,77,76,80,97,80,81.0,91.0,84.0,78.0,85.29,2.67,-10.0,0
265,5,0,4,Business Owner,89,66,80,77,60,88,74,76.5,76.0,84.5,68.5,76.29,15.26,0.5,0
267,3,1,15,Banker,100,86,74,96,80,99,76,87.5,87.0,87.0,88.0,87.29,5.46,0.5,0
268,1,0,30,Doctor,96,68,87,96,91,68,65,92.5,67.0,91.5,93.5,81.57,2.63,25.5,0
269,7,0,17,Banker,94,64,100,71,84,92,99,87.25,85.0,97.0,77.5,86.29,4.79,2.25,0
270,2,0,23,Software Engineer,98,68,80,75,80,81,60,83.25,69.67,89.0,77.5,77.43,3.23,13.58,0
271,1,0,3,Business Owner,53,71,98,95,94,71,77,85.0,73.0,75.5,94.5,79.86,19.96,12.0,0
272,7,0,4,Business Owner,44,64,58,66,87,62,68,63.75,64.67,51.0,76.5,64.14,12.83,-0.92,1
274,10,0,1,Business Owner,51,91,67,79,58,52,75,63.75,72.67,59.0,68.5,67.57,33.78,-8.92,1
275,1,0,24,Lawyer,90,89,82,74,67,92,82,78.25,87.67,86.0,70.5,82.29,3.29,-9.42,0
276,1,0,15,Software Engineer,100,92,90,66,73,68,70,82.25,76.67,95.0,69.5,79.86,4.99,5.58,0
277,7,0,1,Business Owner,95,73,61,91,84,92,94,82.75,86.33,78.0,87.5,84.29,42.14,-3.58,0
278,1,1,33,Lawyer,76,81,96,74,75,80,98,80.25,86.33,86.0,74.5,82.86,2.44,-6.08,0
279,1,0,11,Designer,71,98,96,60,90,79,72,79.25,83.0,83.5,75.0,80.86,6.74,-3.75,0
280,3,0,10,Banker,95,60,87,71,91,84,98,86.0,80.67,91.0,81.0,83.71,7.61,5.33,0
281,7,1,15,Software Engineer,92,88,76,93,69,75,97,82.5,86.67,84.0,81.0,84.29,5.27,-4.17,0
282,5,0,34,Scientist,82,95,96,100,89,64,91,91.75,83.33,89.0,94.5,88.14,2.52,8.42,0
283,3,0,30,Lawyer,85,94,83,76,77,81,92,80.25,89.0,84.0,76.5,84.0,2.71,-8.75,0
284,4,1,4,Artist,82,85,75,92,76,95,85,81.25,88.33,78.5,84.0,84.29,16.86,-7.08,0
285,2,0,28,Stock Investor,98,77,94,63,69,88,100,81.0,88.33,96.0,66.0,84.14,2.9,-7.33,0
286,5,1,29,Doctor,93,96,94,84,91,67,68,90.5,77.0,93.5,87.5,84.71,2.82,13.5,0
287,7,1,30,Lawyer,84,97,60,100,83,88,94,81.75,93.0,72.0,91.5,86.57,2.79,-11.25,0
289,8,0,1,Business Owner,62,64,84,67,78,51,62,72.75,59.0,73.0,72.5,66.86,33.43,13.75,1
290,6,0,16,Software Engineer,92,70,60,94,87,90,86,83.25,82.0,76.0,90.5,82.71,4.87,1.25,0
291,2,1,18,Teacher,64,93,61,61,74,94,64,65.0,83.67,62.5,67.5,73.0,3.84,-18.67,0
292,1,0,4,Game Developer,89,67,97,67,75,94,93,82.0,84.67,93.0,71.0,83.14,16.63,-2.67,0
293,8,0,32,Accountant,99,88,84,87,36,96,86,76.5,90.0,91.5,61.5,82.29,2.49,-13.5,1
294,2,0,12,Banker,95,82,93,99,66,93,86,88.25,87.0,94.0,82.5,87.71,6.75,1.25,0
295,6,0,5,Designer,72,92,67,100,70,94,81,77.25,89.0,69.5,85.0,82.29,13.72,-11.75,0
296,2,1,15,Government Officer,68,89,68,90,68,99,74,73.5,87.33,68.0,79.0,79.43,4.96,-13.83,0
297,3,0,31,Accountant,92,69,78,68,70,80,73,77.0,74.0,85.0,69.0,75.71,2.37,3.0,0
298,2,0,2,Game Developer,97,74,97,60,65,90,97,79.75,87.0,97.0,62.5,82.86,27.62,-7.25,0
300,3,0,20,Software Engineer,88,60,81,85,87,90,76,85.25,75.33,84.5,86.0,81.0,3.86,9.92,0
301,1,1,11,Stock Investor,76,82,70,72,78,60,81,74.0,74.33,73.0,75.0,74.14,6.18,-0.33,0
302,10,0,26,Banker,77,62,97,82,74,98,95,82.5,85.0,87.0,78.0,83.57,3.1,-2.5,1
303,3,0,22,Accountant,89,81,99,71,67,74,89,81.5,81.33,94.0,69.0,81.43,3.54,0.17,0
304,1,1,12,Government Officer,65,69,66,65,90,76,60,71.5,68.33,65.5,77.5,70.14,5.4,3.17,1
305,10,0,4,Business Owner,82,55,76,63,70,61,60,72.75,58.67,79.0,66.5,66.71,13.34,14.08,1
306,3,0,34,Banker,77,60,61,91,62,78,91,72.75,76.33,69.0,76.5,74.29,2.12,-3.58,0
307,0,0,9,Teacher,66,70,88,70,62,70,75,71.5,71.67,77.0,66.0,71.57,7.16,-0.17,1
308,5,0,43,Doctor,90,96,100,87,100,90,89,94.25,91.67,95.0,93.5,93.14,2.12,2.58,0
309,2,0,1,Real Estate Developer,73,87,90,96,61,61,76,80.0,74.67,81.5,78.5,77.71,38.85,5.33,0
310,2,0,19,Software Engineer,89,64,74,97,95,77,88,88.75,76.33,81.5,96.0,83.43,4.17,12.42,0
311,4,0,2,Business Owner,72,55,54,62,75,79,96,65.75,76.67,63.0,68.5,70.43,23.48,-10.92,1
312,1,0,34,Scientist,87,90,89,88,93,87,70,89.25,82.33,88.0,90.5,86.29,2.47,6.92,0
313,4,1,31,Scientist,75,98,96,85,81,69,90,84.25,85.67,85.5,83.0,84.86,2.65,-1.42,0
314,4,0,11,Teacher,80,85,98,99,92,70,96,92.25,83.67,89.0,95.5,88.57,7.38,8.58,0
316,4,0,20,Software Engineer,92,93,74,76,79,65,74,80.25,77.33,83.0,77.5,79.0,3.76,2.92,0
318,3,0,2,Game Developer,99,99,87,80,89,78,87,88.75,88.0,93.0,84.5,88.43,29.48,0.75,0
319,7,0,1,Business Owner,87,88,51,96,77,71,61,77.75,73.33,69.0,86.5,75.86,37.93,4.42,0
320,4,0,34,Software Engineer,87,84,62,76,89,83,93,78.5,86.67,74.5,82.5,82.0,2.34,-8.17,0
321,6,0,17,Software Engineer,90,75,71,64,97,89,88,80.5,84.0,80.5,80.5,82.0,4.56,-3.5,0
322,6,0,34,Doctor,94,83,99,100,94,91,69,96.75,81.0,96.5,97.0,90.0,2.57,15.75,0
326,1,1,26,Lawyer,74,92,81,79,74,85,86,77.0,87.67,77.5,76.5,81.57,3.02,-10.67,0
327,1,0,13,Writer,96,91,96,69,70,99,70,82.75,86.67,96.0,69.5,84.43,6.03,-3.92,0
328,1,1,4,Government Officer,79,77,62,98,76,99,82,78.75,86.0,70.5,87.0,81.86,16.37,-7.25,0
329,2,0,27,Lawyer,70,88,60,68,66,82,60,66.0,76.67,65.0,67.0,70.57,2.52,-10.67,1
331,1,0,25,Software Engineer,91,65,86,66,88,85,60,82.75,70.0,88.5,77.0,77.29,2.97,12.75,0
332,1,0,13,Designer,90,72,78,61,78,88,74,76.75,78.0,84.0,69.5,77.29,5.52,-1.25,0
333,1,0,31,Construction Engineer,87,100,86,60,80,78,96,78.25,91.33,86.5,70.0,83.86,2.62,-13.08,0
334,3,0,8,Teacher,69,99,78,85,98,86,73,82.5,86.0,73.5,91.5,84.0,9.33,-3.5,0
335,9,0,0,Business Owner,66,99,50,62,97,60,84,68.75,81.0,58.0,79.5,74.0,74.0,-12.25,1
336,7,0,6,Government Officer,65,95,78,65,74,69,63,70.5,75.67,71.5,69.5,72.71,10.39,-5.17,0
337,2,0,7,Government Officer,83,81,88,82,97,83,74,87.5,79.33,85.5,89.5,84.0,10.5,8.17,0
338,1,0,32,Lawyer,100,89,95,63,67,92,75,81.25,85.33,97.5,65.0,83.0,2.52,-4.08,0
339,5,1,30,Software Engineer,85,70,78,66,69,62,100,74.5,77.33,81.5,67.5,75.71,2.44,-2.83,0
340,9,0,4,Business Owner,45,98,95,66,84,83,100,72.5,93.67,70.0,75.0,81.57,16.31,-21.17,1
341,5,0,15,Government Officer,73,75,94,82,71,90,75,80.0,80.0,83.5,76.5,80.0,5.0,0.0,0
342,2,0,2,Game Developer,95,83,96,97,72,77,61,90.0,73.67,95.5,84.5,83.0,27.67,16.33,0
343,8,1,32,Lawyer,96,95,61,72,71,83,96,75.0,91.33,78.5,71.5,82.0,2.48,-16.33,1
344,2,0,24,Construction Engineer,94,72,96,93,93,79,64,94.0,71.67,95.0,93.0,84.43,3.38,22.33,0
345,1,0,18,Teacher,92,69,69,60,90,88,95,77.75,84.0,80.5,75.0,80.43,4.23,-6.25,0
346,10,0,5,Business Owner,56,52,76,95,54,59,85,70.25,65.33,66.0,74.5,68.14,11.36,4.92,1
347,3,0,24,Banker,85,74,65,76,100,95,68,81.5,79.0,75.0,88.0,80.43,3.22,2.5,0
348,1,0,16,Designer,65,90,68,99,74,82,86,76.5,86.0,66.5,86.5,80.57,4.74,-9.5,0
349,1,0,15,Writer,64,81,95,87,86,91,80,83.0,84.0,79.5,86.5,83.43,5.21,-1.0,0
350,3,0,26,Software Engineer,100,88,94,67,62,66,96,80.75,83.33,97.0,64.5,81.86,3.03,-2.58,0
351,3,0,15,Teacher,76,64,64,60,75,92,61,68.75,72.33,70.0,67.5,70.29,4.39,-3.58,1
352,1,0,5,Game Developer,97,76,91,76,89,60,85,88.25,73.67,94.0,82.5,82.0,13.67,14.58,0
354,4,0,1,Game Developer,85,64,90,94,68,97,61,84.25,74.0,87.5,81.0,79.86,39.93,10.25,0
355,5,0,10,Construction Engineer,86,91,96,60,91,73,88,83.25,84.0,91.0,75.5,83.57,7.6,-0.75,0
356,6,0,5,Business Owner,100,58,58,100,60,52,82,79.5,64.0,79.0,80.0,72.86,12.14,15.5,0
358,2,1,26,Lawyer,71,81,99,74,74,82,67,79.5,76.67,85.0,74.0,78.29,2.9,2.83,0
359,2,0,14,Government Officer,80,94,97,83,84,77,79,86.0,83.33,88.5,83.5,84.86,5.66,2.67,0
360,7,1,21,Construction Engineer,91,76,96,77,99,64,83,90.75,74.33,93.5,88.0,83.71,3.8,16.42,0
361,2,0,32,Software Engineer,91,87,88,82,95,70,87,89.0,81.33,89.5,88.5,85.71,2.6,7.67,0
362,0,0,30,Software Engineer,100,86,81,100,66,98,97,86.75,93.67,90.5,83.0,89.71,2.89,-6.92,0
363,3,0,13,Teacher,92,79,71,65,99,91,98,81.75,89.33,81.5,82.0,85.0,6.07,-7.58,0
364,7,0,33,Banker,89,76,95,83,84,96,61,87.75,77.67,92.0,83.5,83.43,2.45,10.08,0
365,3,0,15,Accountant,93,92,92,76,49,93,75,77.5,86.67,92.5,62.5,81.43,5.09,-9.17,0
367,2,0,11,Designer,70,73,70,67,96,86,89,75.75,82.67,70.0,81.5,78.71,6.56,-6.92,0
369,7,0,2,Business Owner,62,53,78,77,59,95,80,69.0,76.0,70.0,68.0,72.0,24.0,-7.0,0
370,3,0,4,Stock Investor,83,61,79,99,66,60,76,81.75,65.67,81.0,82.5,74.86,14.97,16.08,0
371,3,0,32,Software Engineer,85,96,87,63,69,69,81,76.0,82.0,86.0,66.0,78.57,2.38,-6.0,0
372,7,0,0,Business Owner,83,55,87,74,73,77,61,79.25,64.33,85.0,73.5,72.86,72.86,14.92,0
373,2,0,4,Business Owner,73,95,54,94,99,58,94,80.0,82.33,63.5,96.5,81.0,16.2,-2.33,0
374,10,1,0,Business Owner,61,65,73,78,77,97,96,72.25,86.0,67.0,77.5,78.14,78.14,-13.75,1
376,2,0,29,Writer,77,87,65,91,71,90,90,76.0,89.0,71.0,81.0,81.57,2.72,-13.0,0
379,1,0,25,Lawyer,95,89,96,89,60,99,93,85.0,93.67,95.5,74.5,88.71,3.41,-8.67,0
381,2,1,32,Stock Investor,75,83,85,65,76,94,60,75.25,79.0,80.0,70.5,76.86,2.33,-3.75,0
383,1,0,22,Software Engineer,91,79,89,74,79,74,61,83.25,71.33,90.0,76.5,78.14,3.4,11.92,0
385,8,0,1,Business Owner,71,69,69,67,70,78,66,69.25,71.0,70.0,68.5,70.0,35.0,-1.75,1
386,4,1,23,Writer,77,94,97,77,63,98,98,78.5,96.67,87.0,70.0,86.29,3.6,-18.17,0
387,0,0,42,Doctor,91,87,93,85,98,85,95,91.75,89.0,92.0,91.5,90.57,2.11,2.75,0
388,1,0,30,Scientist,83,98,100,93,100,77,76,94.0,83.67,91.5,96.5,89.57,2.89,10.33,0
389,1,0,1,Business Owner,75,51,70,84,66,64,88,73.75,67.67,72.5,75.0,71.14,35.57,6.08,1
390,3,1,17,Software Engineer,86,96,68,71,86,94,89,77.75,93.0,77.0,78.5,84.29,4.68,-15.25,0
391,2,0,48,Doctor,86,88,89,89,98,89,96,90.5,91.0,87.5,93.5,90.71,1.85,-0.5,0
392,4,1,24,Software Engineer,85,67,60,82,77,72,72,76.0,70.33,72.5,79.5,73.57,2.94,5.67,0
393,6,0,31,Writer,62,81,80,88,78,94,85,77.0,86.67,71.0,83.0,81.14,2.54,-9.67,0
394,7,0,0,Business Owner,100,65,67,61,76,58,84,76.0,69.0,83.5,68.5,73.0,73.0,7.0,0
395,9,0,2,Business Owner,79,86,97,60,66,74,96,75.5,85.33,88.0,63.0,79.71,26.57,-9.83,1
396,1,0,24,Lawyer,99,97,68,85,86,85,73,84.5,85.0,83.5,85.5,84.71,3.39,-0.5,0
397,7,0,2,Business Owner,46,65,97,100,56,73,95,74.75,77.67,71.5,78.0,76.0,25.33,-2.92,0
398,0,0,32,Software Engineer,85,97,88,61,80,80,84,78.5,87.0,86.5,70.5,82.14,2.49,-8.5,0
399,2,0,4,Government Officer,85,68,89,64,79,66,66,79.25,66.67,87.0,71.5,73.86,14.77,12.58,0
400,4,0,32,Software Engineer,85,87,91,63,95,88,62,83.5,79.0,88.0,79.0,81.57,2.47,4.5,0
401,3,0,16,Stock Investor,99,86,90,100,96,77,60,96.25,74.33,94.5,98.0,86.86,5.11,21.92,0
402,1,0,20,Banker,84,92,63,91,89,92,76,81.75,86.67,73.5,90.0,83.86,3.99,-4.92,0
403,4,0,28,Construction Engineer,85,72,87,72,68,85,78,78.0,78.33,86.0,70.0,78.14,2.69,-0.33,0
404,7,0,30,Software Engineer,100,79,92,92,67,68,72,87.75,73.0,96.0,79.5,81.43,2.63,14.75,0
405,3,0,17,Banker,86,61,68,91,60,86,62,76.25,69.67,77.0,75.5,73.43,4.08,6.58,0
407,5,0,18,Accountant,76,82,76,71,70,89,76,73.25,82.33,76.0,70.5,77.14,4.06,-9.08,0
408,1,0,23,Software Engineer,96,63,69,67,69,92,77,75.25,77.33,82.5,68.0,76.14,3.17,-2.08,0
409,4,1,23,Software Engineer,100,77,75,74,80,94,74,82.25,81.67,87.5,77.0,82.0,3.42,0.58,0
410,6,0,21,Software Engineer,88,84,87,97,94,87,85,91.5,85.33,87.5,95.5,88.86,4.04,6.17,0
411,3,0,27,Software Engineer,96,76,98,89,93,85,75,94.0,78.67,97.0,91.0,87.43,3.12,15.33,0
412,5,0,14,Software Engineer,92,66,96,71,87,89,61,86.5,72.0,94.0,79.0,80.29,5.35,14.5,0
413,2,1,37,Doctor,87,93,99,100,97,92,90,95.75,91.67,93.0,98.5,94.0,2.47,4.08,0
414,3,0,29,Accountant,95,82,74,87,36,61,88,73.0,77.0,84.5,61.5,74.71,2.49,-4.0,0
415,6,0,4,Business Owner,44,76,56,71,66,54,91,59.25,73.67,50.0,68.5,65.43,13.09,-14.42,1
416,3,0,16,Banker,78,89,68,63,81,92,97,72.5,92.67,73.0,72.0,81.14,4.77,-20.17,0
417,4,0,30,Accountant,95,78,93,85,48,68,75,80.25,73.67,94.0,66.5,77.43,2.5,6.58,0
418,7,0,1,Business Owner,57,56,53,75,98,92,73,70.75,73.67,55.0,86.5,72.0,36.0,-2.92,0
419,3,1,24,Software Engineer,86,99,95,94,92,90,77,91.75,88.67,90.5,93.0,90.43,3.62,3.08,0
420,2,0,35,Writer,92,97,100,91,95,90,95,94.5,94.0,96.0,93.0,94.29,2.62,0.5,0
421,1,0,14,Teacher,69,69,84,100,69,77,87,80.5,77.67,76.5,84.5,79.29,5.29,2.83,0
422,1,0,3,Designer,91,62,75,60,82,91,96,77.0,83.0,83.0,71.0,79.57,19.89,-6.0,0
423,4,0,15,Accountant,79,79,97,78,31,99,84,71.25,87.33,88.0,54.5,78.14,4.88,-16.08,0
424,5,0,23,Software Engineer,93,96,80,64,91,68,71,82.0,78.33,86.5,77.5,80.43,3.35,3.67,0
426,3,0,33,Doctor,99,68,100,95,95,88,83,97.25,79.67,99.5,95.0,89.71,2.64,17.58,0
427,0,0,14,Banker,90,69,81,92,65,89,69,82.0,75.67,85.5,78.5,79.29,5.29,6.33,0
428,1,1,0,Artist,71,84,66,75,93,84,69,76.25,79.0,68.5,84.0,77.43,77.43,-2.75,0
429,1,0,34,Lawyer,98,93,67,74,81,87,76,80.0,85.33,82.5,77.5,82.29,2.35,-5.33,0
430,5,0,33,Scientist,94,99,83,94,93,95,93,91.0,95.67,88.5,93.5,93.0,2.74,-4.67,0
431,7,0,7,Stock Investor,92,89,79,76,86,61,81,83.25,77.0,85.5,81.0,80.57,10.07,6.25,0
432,2,0,18,Software Engineer,100,96,74,61,87,94,60,80.5,83.33,87.0,74.0,81.71,4.3,-2.83,0
433,9,0,4,Business Owner,48,55,86,51,54,94,61,59.75,70.0,67.0,52.5,64.14,12.83,-10.25,1
434,6,0,10,Real Estate Developer,63,87,71,68,66,67,99,67.0,84.33,67.0,67.0,74.43,6.77,-17.33,0
435,2,0,22,Software Engineer,89,83,89,91,94,93,69,90.75,81.67,89.0,92.5,86.86,3.78,9.08,0
436,5,0,28,Stock Investor,88,90,93,81,88,90,74,87.5,84.67,90.5,84.5,86.29,2.98,2.83,0
437,2,0,2,Real Estate Developer,98,87,67,97,62,60,79,81.0,75.33,82.5,79.5,78.57,26.19,5.67,0
438,1,0,0,Business Owner,92,86,88,75,60,50,79,78.75,71.67,90.0,67.5,75.71,75.71,7.08,0
439,3,0,24,Doctor,80,60,100,99,98,75,94,94.25,76.33,90.0,98.5,86.57,3.46,17.92,0
440,2,0,15,Construction Engineer,92,63,91,65,69,94,98,79.25,85.0,91.5,67.0,81.71,5.11,-5.75,0
441,2,0,1,Artist,82,95,68,64,97,99,60,77.75,84.67,75.0,80.5,80.71,40.35,-6.92,0
442,1,0,8,Stock Investor,84,74,74,75,99,99,85,83.0,86.0,79.0,87.0,84.29,9.37,-3.0,0
443,7,0,9,Teacher,61,70,65,67,93,81,63,71.5,71.33,63.0,80.0,71.43,7.14,0.17,1
444,4,0,33,Software Engineer,99,87,98,76,65,94,67,84.5,82.67,98.5,70.5,83.71,2.46,1.83,0
445,3,0,32,Accountant,83,69,90,78,39,95,82,72.5,82.0,86.5,58.5,76.57,2.32,-9.5,0
446,9,0,4,Business Owner,56,90,95,59,91,77,99,75.25,88.67,75.5,75.0,81.0,16.2,-13.42,1
447,2,0,2,Business Owner,65,64,52,56,63,82,83,59.0,76.33,58.5,59.5,66.43,22.14,-17.33,1
448,3,0,20,Designer,94,61,77,73,79,65,89,80.75,71.67,85.5,76.0,76.86,3.66,9.08,0
449,1,0,21,Software Engineer,90,96,73,89,93,87,96,86.25,93.0,81.5,91.0,89.14,4.05,-6.75,0
450,3,0,29,Lawyer,94,82,81,90,76,97,86,85.25,88.33,87.5,83.0,86.57,2.89,-3.08,0
452,1,0,24,Accountant,89,67,68,93,98,75,88,87.0,76.67,78.5,95.5,82.57,3.3,10.33,0
453,7,0,30,Doctor,88,98,87,85,96,77,96,89.0,90.33,87.5,90.5,89.57,2.89,-1.33,0
454,1,0,25,Stock Investor,76,94,90,75,92,86,87,83.25,89.0,83.0,83.5,85.71,3.3,-5.75,0
455,1,0,1,Designer,88,78,84,96,92,99,97,90.0,91.33,86.0,94.0,90.57,45.28,-1.33,0
456,4,0,27,Software Engineer,88,76,80,72,100,69,71,85.0,72.0,84.0,86.0,79.43,2.84,13.0,0
457,0,1,4,Real Estate Developer,54,88,82,89,72,60,69,74.25,72.33,68.0,80.5,73.43,14.69,1.92,1
458,2,1,32,Banker,87,87,76,67,68,89,77,74.5,84.33,81.5,67.5,78.71,2.39,-9.83,0
459,1,0,1,Artist,95,73,79,81,82,69,100,84.25,80.67,87.0,81.5,82.71,41.36,3.58,0
460,2,0,32,Designer,72,72,68,81,95,90,99,79.0,87.0,70.0,88.0,82.43,2.5,-8.0,0
461,1,1,4,Real Estate Developer,95,76,70,89,88,87,62,85.5,75.0,82.5,88.5,81.0,16.2,10.5,0
462,4,0,28,Software Engineer,91,97,86,77,83,79,62,84.25,79.33,88.5,80.0,82.14,2.83,4.92,0
463,3,1,32,Lawyer,79,81,63,79,96,96,89,79.25,88.67,71.0,87.5,83.29,2.52,-9.42,0
464,1,0,33,Doctor,80,71,94,92,92,60,78,89.5,69.67,87.0,92.0,81.0,2.38,19.83,0
465,2,0,4,Business Owner,86,90,88,73,50,93,71,74.25,84.67,87.0,61.5,78.71,15.74,-10.42,0
466,1,0,31,Software Engineer,88,88,90,67,77,83,64,80.5,78.33,89.0,72.0,79.57,2.49,2.17,0
467,5,0,17,Construction Engineer,83,95,86,80,64,66,97,78.25,86.0,84.5,72.0,81.57,4.53,-7.75,0
468,2,0,23,Doctor,84,84,80,97,87,97,91,87.0,90.67,82.0,92.0,88.57,3.69,-3.67,0
469,0,0,29,Software Engineer,85,82,81,85,72,90,71,80.75,81.0,83.0,78.5,80.86,2.7,-0.25,0
470,2,0,19,Software Engineer,91,85,96,83,74,87,74,86.0,82.0,93.5,78.5,84.29,4.21,4.0,0
471,4,1,26,Banker,83,71,94,60,63,93,67,75.0,77.0,88.5,61.5,75.86,2.81,-2.0,0
472,7,0,7,Real Estate Developer,97,93,99,98,96,79,88,97.5,86.67,98.0,97.0,92.86,11.61,10.83,0
473,6,0,4,Real Estate Developer,63,68,92,73,66,69,87,73.5,74.67,77.5,69.5,74.0,14.8,-1.17,0
474,6,0,22,Doctor,92,98,90,82,86,86,89,87.5,91.0,91.0,84.0,89.0,3.87,-3.5,0
475,6,1,4,Business Owner,78,78,64,94,79,92,63,78.75,77.67,71.0,86.5,78.29,15.66,1.08,0
476,3,0,29,Lawyer,78,90,69,100,90,91,90,84.25,90.33,73.5,95.0,86.86,2.9,-6.08,0
477,8,1,21,Stock Investor,89,60,93,79,72,76,85,83.25,73.67,91.0,75.5,79.14,3.6,9.58,1
478,3,0,5,Real Estate Developer,53,87,100,84,63,62,95,75.0,81.33,76.5,73.5,77.71,12.95,-6.33,1
481,7,0,2,Business Owner,79,54,81,87,67,74,85,78.5,71.0,80.0,77.0,75.29,25.1,7.5,0
482,4,1,0,Real Estate Developer,93,77,71,62,94,69,72,80.0,72.67,82.0,78.0,76.86,76.86,7.33,0
483,5,1,3,Artist,97,88,67,72,83,87,62,79.75,79.0,82.0,77.5,79.43,19.86,0.75,0
485,3,1,26,Accountant,84,83,80,91,88,61,61,85.75,68.33,82.0,89.5,78.29,2.9,17.42,0
486,5,0,2,Business Owner,56,96,65,61,78,77,95,65.0,89.33,60.5,69.5,75.43,25.14,-24.33,0
488,10,0,5,Business Owner,67,60,97,53,93,78,81,77.5,73.0,82.0,73.0,75.57,12.6,4.5,1
489,10,0,5,Business Owner,97,93,64,74,94,74,76,82.25,81.0,80.5,84.0,81.71,13.62,1.25,1
490,5,0,0,Business Owner,100,67,50,78,73,90,91,75.25,82.67,75.0,75.5,78.43,78.43,-7.42,0
491,5,1,10,Teacher,83,61,76,75,62,79,94,74.0,78.0,79.5,68.5,75.71,6.88,-4.0,0
492,5,0,2,Artist,85,63,83,83,69,94,80,80.0,79.0,84.0,76.0,79.57,26.52,1.0,0
493,5,1,24,Banker,100,96,97,64,76,77,61,84.25,78.0,98.5,70.0,81.57,3.26,6.25,0
494,4,0,46,Doctor,92,98,99,86,100,86,87,94.25,90.33,95.5,93.0,92.57,1.97,3.92,0
495,3,0,31,Writer,88,98,65,68,99,94,79,80.0,90.33,76.5,83.5,84.43,2.64,-10.33,0
496,1,0,33,Lawyer,95,82,62,76,64,91,79,74.25,84.0,78.5,70.0,78.43,2.31,-9.75,0
497,5,0,26,Stock Investor,76,81,84,80,80,84,70,80.0,78.33,80.0,80.0,79.29,2.94,1.67,0
498,2,0,19,Accountant,79,93,72,97,69,78,87,79.25,86.0,75.5,83.0,82.14,4.11,-6.75,0
499,3,0,25,Software Engineer,93,70,84,68,71,85,70,79.0,75.0,88.5,69.5,77.29,2.97,4.0,0
500,3,0,24,Accountant,79,96,78,90,94,76,88,85.25,86.67,78.5,92.0,85.86,3.43,-1.42,0
501,1,0,21,Stock Investor,98,99,72,100,94,77,84,91.0,86.67,85.0,97.0,89.14,4.05,4.33,0
502,8,1,0,Business Owner,93,99,81,67,87,76,60,82.0,78.33,87.0,77.0,80.43,80.43,3.67,1
503,4,0,30,Banker,91,79,78,95,86,89,100,87.5,89.33,84.5,90.5,88.29,2.85,-1.83,0
504,4,0,32,Software Engineer,86,99,77,61,72,92,70,74.0,87.0,81.5,66.5,79.57,2.41,-13.0,0
506,6,0,15,Government Officer,97,94,94,83,91,65,96,91.25,85.0,95.5,87.0,88.57,5.54,6.25,0
507,3,1,4,Game Developer,90,95,89,93,92,99,88,91.0,94.0,89.5,92.5,92.29,18.46,-3.0,0
508,1,1,27,Software Engineer,90,91,62,82,76,70,64,77.5,75.0,76.0,79.0,76.43,2.73,2.5,0
509,5,0,33,Construction Engineer,82,92,95,61,84,81,82,80.5,85.0,88.5,72.5,82.43,2.42,-4.5,0
510,7,0,25,Software Engineer,91,94,89,74,60,77,77,78.5,82.67,90.0,67.0,80.29,3.09,-4.17,0
511,0,0,29,Lawyer,70,94,67,74,84,95,65,73.75,84.67,68.5,79.0,78.43,2.61,-10.92,0
513,3,0,49,Doctor,85,96,99,94,95,92,95,93.25,94.33,92.0,94.5,93.71,1.87,-1.08,0
514,6,0,34,Lawyer,82,85,72,69,63,99,68,71.5,84.0,77.0,66.0,76.86,2.2,-12.5,0
515,4,0,28,Construction Engineer,83,79,92,69,85,71,95,82.25,81.67,87.5,77.0,82.0,2.83,0.58,0
516,2,0,44,Doctor,96,88,100,95,85,94,93,94.0,91.67,98.0,90.0,93.0,2.07,2.33,0
517,1,0,14,Software Engineer,85,87,78,72,91,88,93,81.5,89.33,81.5,81.5,84.86,5.66,-7.83,0
518,4,0,1,Real Estate Developer,95,61,84,98,63,66,80,85.0,69.0,89.5,80.5,78.14,39.07,16.0,0
519,6,0,22,Software Engineer,97,92,87,61,75,62,94,80.0,82.67,92.0,68.0,81.14,3.53,-2.67,0
520,2,0,11,Teacher,95,69,91,97,89,84,66,93.0,73.0,93.0,93.0,84.43,7.04,20.0,0
522,9,0,3,Business Owner,84,55,65,62,56,91,81,66.75,75.67,74.5,59.0,70.57,17.64,-8.92,1
523,5,0,28,Banker,92,100,100,98,83,75,72,93.25,82.33,96.0,90.5,88.57,3.05,10.92,0
524,2,0,0,Business Owner,87,95,78,82,53,59,66,75.0,73.33,82.5,67.5,74.29,74.29,1.67,0
525,5,0,22,Banker,97,87,90,70,96,75,93,88.25,85.0,93.5,83.0,86.86,3.78,3.25,0
526,8,0,3,Business Owner,92,96,77,95,63,57,90,81.75,81.0,84.5,79.0,81.43,20.36,0.75,1
528,3,1,1,Business Owner,50,55,96,72,55,50,64,68.25,56.33,73.0,63.5,63.14,31.57,11.92,1
529,7,0,37,Doctor,97,96,93,94,91,96,87,93.75,93.0,95.0,92.5,93.43,2.46,0.75,0
530,3,1,28,Software Engineer,89,77,69,72,63,84,99,73.25,86.67,79.0,67.5,79.0,2.72,-13.42,0
531,3,0,30,Scientist,77,76,90,95,94,99,94,89.0,89.67,83.5,94.5,89.29,2.88,-0.67,0
532,1,0,19,Stock Investor,91,89,66,69,100,88,79,81.5,85.33,78.5,84.5,83.14,4.16,-3.83,0
533,7,0,2,Business Owner,64,92,70,81,85,55,76,75.0,74.33,67.0,83.0,74.71,24.9,0.67,1
535,10,1,0,Business Owner,56,79,74,66,92,57,61,72.0,65.67,65.0,79.0,69.29,69.29,6.33,1
536,4,0,5,Game Developer,87,70,98,64,65,78,83,78.5,77.0,92.5,64.5,77.86,12.98,1.5,0
537,0,0,17,Software Engineer,99,69,85,91,77,88,75,88.0,77.33,92.0,84.0,83.43,4.64,10.67,0
538,2,0,26,Lawyer,98,88,76,72,92,81,89,84.5,86.0,87.0,82.0,85.14,3.15,-1.5,0
540,6,1,16,Software Engineer,88,96,90,92,68,97,73,84.5,88.67,89.0,80.0,86.29,5.08,-4.17,0
541,8,0,2,Business Owner,71,52,53,64,89,76,70,69.25,66.0,62.0,76.5,67.86,22.62,3.25,1
542,2,0,35,Construction Engineer,96,90,91,95,99,95,99,95.25,94.67,93.5,97.0,95.0,2.64,0.58,0
543,0,0,17,Accountant,81,95,99,65,56,79,98,75.25,90.67,90.0,60.5,81.86,4.55,-15.42,0
544,9,0,3,Business Owner,94,92,63,84,79,66,96,80.0,84.67,78.5,81.5,82.0,20.5,-4.67,1
545,3,0,47,Doctor,94,87,98,90,92,88,100,93.5,91.67,96.0,91.0,92.71,1.93,1.83,0
546,0,0,29,Lawyer,98,87,75,63,85,88,75,80.25,83.33,86.5,74.0,81.57,2.72,-3.08,0
547,10,0,5,Business Owner,100,58,54,97,58,51,80,77.25,63.0,77.0,77.5,71.14,11.86,14.25,1
548,3,1,12,Designer,66,89,65,99,84,84,86,78.5,86.33,65.5,91.5,81.86,6.3,-7.83,0
549,2,0,35,Doctor,94,99,97,94,85,97,97,92.5,97.67,95.5,89.5,94.71,2.63,-5.17,0
550,0,0,3,Game Developer,83,90,93,89,64,63,82,82.25,78.33,88.0,76.5,80.57,20.14,3.92,0
551,8,0,2,Business Owner,92,54,50,88,90,91,95,80.0,80.0,71.0,89.0,80.0,26.67,0.0,1
552,10,0,35,Software Engineer,93,100,90,94,97,98,98,93.5,98.67,91.5,95.5,95.71,2.66,-5.17,1
553,1,0,7,Government Officer,69,92,84,98,98,83,87,87.25,87.33,76.5,98.0,87.29,10.91,-0.08,0
554,4,0,15,Software Engineer,94,71,63,73,66,90,91,74.0,84.0,78.5,69.5,78.29,4.89,-10.0,0
555,1,0,3,Stock Investor,100,92,95,90,67,81,66,88.0,79.67,97.5,78.5,84.43,21.11,8.33,0
557,3,1,28,Lawyer,76,87,99,69,89,93,85,83.25,88.33,87.5,79.0,85.43,2.95,-5.08,0
558,9,0,4,Business Owner,77,62,94,65,77,77,95,78.25,78.0,85.5,71.0,78.14,15.63,0.25,1
559,1,1,4,Artist,84,67,79,60,69,80,98,73.0,81.67,81.5,64.5,76.71,15.34,-8.67,0
560,3,1,16,Software Engineer,95,61,68,75,64,76,66,75.5,67.67,81.5,69.5,72.14,4.24,7.83,0
561,1,0,26,Accountant,90,64,94,84,66,61,72,83.5,65.67,92.0,75.0,75.86,2.81,17.83,0
563,6,0,2,Business Owner,80,81,92,73,71,71,84,79.0,78.67,86.0,72.0,78.86,26.29,0.33,0
564,2,0,34,Software Engineer,87,83,75,73,92,91,71,81.75,81.67,81.0,82.5,81.71,2.33,0.08,0
565,10,0,0,Business Owner,94,75,91,64,67,93,65,79.0,77.67,92.5,65.5,78.43,78.43,1.33,1
566,10,1,3,Artist,87,82,88,100,73,96,75,87.0,84.33,87.5,86.5,85.86,21.46,2.67,1
567,2,0,30,Software Engineer,95,97,88,77,96,96,74,89.0,89.0,91.5,86.5,89.0,2.87,0.0,0
568,3,1,15,Construction Engineer,85,96,82,64,82,94,81,78.25,90.33,83.5,73.0,83.43,5.21,-12.08,0
569,8,1,1,Business Owner,67,65,77,72,94,88,77,77.5,76.67,72.0,83.0,77.14,38.57,0.83,1
570,3,1,6,Government Officer,84,100,92,82,85,70,69,85.75,79.67,88.0,83.5,83.14,11.88,6.08,0
571,7,1,1,Game Developer,83,88,90,100,71,98,96,86.0,94.0,86.5,85.5,89.43,44.72,-8.0,0
572,9,1,5,Business Owner,67,78,68,51,77,72,78,65.75,76.0,67.5,64.0,70.14,11.69,-10.25,1
573,1,0,30,Banker,75,92,72,88,92,77,84,81.75,84.33,73.5,90.0,82.86,2.67,-2.58,0
574,3,1,8,Government Officer,67,76,70,73,81,85,80,72.75,80.33,68.5,77.0,76.0,8.44,-7.58,0
575,9,0,5,Business Owner,67,54,51,72,75,60,88,66.25,67.33,59.0,73.5,66.71,11.12,-1.08,1
576,1,0,5,Artist,72,91,78,97,86,93,77,83.25,87.0,75.0,91.5,84.86,14.14,-3.75,0
577,4,0,4,Government Officer,78,98,76,68,86,91,82,77.0,90.33,77.0,77.0,82.71,16.54,-13.33,0
578,1,0,47,Doctor,85,87,92,96,92,90,88,91.25,88.33,88.5,94.0,90.0,1.88,2.92,0
579,3,1,16,Stock Investor,100,70,69,61,100,65,81,82.5,72.0,84.5,80.5,78.0,4.59,10.5,0
580,5,0,3,Business Owner,56,59,89,68,79,83,68,73.0,70.0,72.5,73.5,71.71,17.93,3.0,1
581,5,1,32,Scientist,93,75,83,99,100,91,74,93.75,80.0,88.0,99.5,87.86,2.66,13.75,0
582,2,0,31,Banker,89,91,85,69,76,92,94,79.75,92.33,87.0,72.5,85.14,2.66,-12.58,0
583,3,0,6,Real Estate Developer,59,88,74,92,72,97,64,74.25,83.0,66.5,82.0,78.0,11.14,-8.75,0
585,6,0,34,Lawyer,89,89,85,74,78,87,82,81.5,86.0,87.0,76.0,83.43,2.38,-4.5,0
586,3,0,26,Software Engineer,86,63,78,78,80,67,97,80.5,75.67,82.0,79.0,78.43,2.9,4.83,0
587,6,0,21,Banker,79,65,91,65,61,88,95,74.0,82.67,85.0,63.0,77.71,3.53,-8.67,0
588,3,0,46,Doctor,96,89,91,90,90,91,99,91.75,93.0,93.5,90.0,92.29,1.96,-1.25,0
589,6,0,48,Doctor,95,90,85,90,96,89,96,91.5,91.67,90.0,93.0,91.57,1.87,-0.17,0
590,1,0,46,Doctor,96,85,90,95,100,96,88,95.25,89.67,93.0,97.5,92.86,1.98,5.58,0
593,0,0,32,Stock Investor,86,70,73,85,67,91,98,77.75,86.33,79.5,76.0,81.43,2.47,-8.58,0
594,10,0,5,Business Owner,42,95,99,61,62,77,99,66.0,90.33,70.5,61.5,76.43,12.74,-24.33,1
595,4,0,31,Lawyer,80,93,93,94,81,81,78,87.0,84.0,86.5,87.5,85.71,2.68,3.0,0
596,4,1,1,Artist,79,97,100,94,65,62,76,84.5,78.33,89.5,79.5,81.86,40.93,6.17,0
597,9,1,4,Business Owner,43,63,91,67,74,71,88,68.75,74.0,67.0,70.5,71.0,14.2,-5.25,1
598,2,1,8,Real Estate Developer,58,84,95,66,99,91,70,79.5,81.67,76.5,82.5,80.43,8.94,-2.17,0
599,3,1,23,Accountant,86,73,83,93,46,91,70,77.0,78.0,84.5,69.5,77.43,3.23,-1.0,0
600,1,0,23,Doctor,96,91,97,84,89,82,75,91.5,82.67,96.5,86.5,87.71,3.65,8.83,0
601,1,0,28,Lawyer,91,88,98,89,75,91,92,88.25,90.33,94.5,82.0,89.14,3.07,-2.08,0
603,0,0,5,Artist,87,91,93,92,97,95,99,92.25,95.0,90.0,94.5,93.43,15.57,-2.75,0
606,4,1,33,Lawyer,84,89,74,79,86,93,95,80.75,92.33,79.0,82.5,85.71,2.52,-11.58,0
607,4,1,34,Lawyer,87,94,74,84,77,82,85,80.5,87.0,80.5,80.5,83.29,2.38,-6.5,0
608,4,0,16,Accountant,82,79,64,75,93,82,60,78.5,73.67,73.0,84.0,76.43,4.5,4.83,0
609,4,0,3,Business Owner,64,61,73,70,87,75,100,73.5,78.67,68.5,78.5,75.71,18.93,-5.17,0
610,3,0,25,Lawyer,77,80,88,84,84,92,82,83.25,84.67,82.5,84.0,83.86,3.23,-1.42,0
611,0,0,4,Stock Investor,86,82,90,69,66,93,94,77.75,89.67,88.0,67.5,82.86,16.57,-11.92,0
612,0,0,4,Real Estate Developer,81,84,76,88,84,89,87,82.25,86.67,78.5,86.0,84.14,16.83,-4.42,0
613,3,0,21,Software Engineer,91,90,92,78,67,86,71,82.0,82.33,91.5,72.5,82.14,3.73,-0.33,0
614,7,0,4,Business Owner,72,99,61,67,95,98,89,73.75,95.33,66.5,81.0,83.0,16.6,-21.58,0
615,3,0,24,Writer,80,70,80,96,72,99,65,82.0,78.0,80.0,84.0,80.29,3.21,4.0,0
617,10,0,2,Business Owner,72,51,52,98,50,90,63,68.0,68.0,62.0,74.0,68.0,22.67,0.0,1
618,3,0,35,Software Engineer,93,85,89,93,90,91,88,91.25,88.0,91.0,91.5,89.86,2.5,3.25,0
619,2,0,24,Doctor,95,85,90,94,91,84,85,92.5,84.67,92.5,92.5,89.14,3.57,7.83,0
620,2,1,46,Doctor,86,93,89,90,100,86,93,91.25,90.67,87.5,95.0,91.0,1.94,0.58,0
621,6,0,1,Business Owner,89,55,89,67,55,64,70,75.0,63.0,89.0,61.0,69.86,34.93,12.0,1
624,5,0,17,Teacher,86,88,98,66,62,95,90,78.0,91.0,92.0,64.0,83.57,4.64,-13.0,0
625,3,0,4,Artist,83,78,68,72,77,89,70,75.0,79.0,75.5,74.5,76.71,15.34,-4.0,0
626,6,0,27,Lawyer,85,92,62,95,65,89,95,76.75,92.0,73.5,80.0,83.29,2.97,-15.25,0
627,3,0,0,Artist,66,78,86,87,64,65,64,75.75,69.0,76.0,75.5,72.86,72.86,6.75,0
628,6,1,16,Accountant,93,80,60,62,43,68,67,64.5,71.67,76.5,52.5,67.57,3.97,-7.17,1
630,2,0,5,Real Estate Developer,52,66,98,83,92,82,91,81.25,79.67,75.0,87.5,80.57,13.43,1.58,0
631,3,1,31,Banker,90,80,84,70,65,89,64,77.25,77.67,87.0,67.5,77.43,2.42,-0.42,0
632,2,1,4,Artist,83,89,99,100,73,86,88,88.75,87.67,91.0,86.5,88.29,17.66,1.08,0
633,1,0,5,Artist,62,89,72,68,85,80,75,71.75,81.33,67.0,76.5,75.86,12.64,-9.58,0
634,1,0,11,Writer,98,72,99,84,60,95,93,85.25,86.67,98.5,72.0,85.86,7.16,-1.42,0
636,0,0,5,Game Developer,97,62,98,70,67,71,70,83.0,67.67,97.5,68.5,76.43,12.74,15.33,0
637,6,0,1,Business Owner,63,60,95,99,87,58,66,86.0,61.33,79.0,93.0,75.43,37.72,24.67,1
638,5,0,2,Artist,98,99,64,88,72,87,99,80.5,95.0,81.0,80.0,86.71,28.9,-14.5,0
639,10,0,1,Business Owner,78,84,84,61,88,67,92,77.75,81.0,81.0,74.5,79.14,39.57,-3.25,1
640,2,1,30,Stock Investor,85,77,89,77,84,71,71,83.75,73.0,87.0,80.5,79.14,2.55,10.75,0
641,6,0,0,Business Owner,59,100,84,93,70,56,74,76.5,76.67,71.5,81.5,76.57,76.57,-0.17,1
643,6,1,24,Accountant,76,62,86,80,47,85,71,72.25,72.67,81.0,63.5,72.43,2.9,-0.42,0
644,7,0,26,Lawyer,80,90,85,89,85,80,68,84.75,79.33,82.5,87.0,82.43,3.05,5.42,0
645,7,0,0,Business Owner,82,74,92,50,77,98,100,75.25,90.67,87.0,63.5,81.86,81.86,-15.42,0
646,1,0,18,Software Engineer,89,64,72,61,75,68,83,74.25,71.67,80.5,68.0,73.14,3.85,2.58,0
647,4,0,20,Software Engineer,89,79,75,80,97,94,68,85.25,80.33,82.0,88.5,83.14,3.96,4.92,0
648,0,0,23,Software Engineer,86,89,94,95,60,90,90,83.75,89.67,90.0,77.5,86.29,3.6,-5.92,0
649,4,0,4,Business Owner,65,76,92,86,93,61,97,84.0,78.0,78.5,89.5,81.43,16.29,6.0,0
650,4,0,30,Banker,77,95,77,84,60,90,89,74.5,91.33,77.0,72.0,81.71,2.64,-16.83,0
651,4,0,34,Banker,88,85,68,62,64,99,66,70.5,83.33,78.0,63.0,76.0,2.17,-12.83,0
652,1,0,26,Accountant,98,77,94,87,44,85,61,80.75,74.33,96.0,65.5,78.0,2.89,6.42,0
653,5,0,27,Lawyer,84,86,90,80,72,99,85,81.5,90.0,87.0,76.0,85.14,3.04,-8.5,0
654,1,1,18,Software Engineer,91,85,66,83,70,71,80,77.5,78.67,78.5,76.5,78.0,4.11,-1.17,0
655,4,0,39,Doctor,97,95,94,90,86,85,95,91.75,91.67,95.5,88.0,91.71,2.29,0.08,0
656,7,1,29,Banker,77,88,63,87,71,93,84,74.5,88.33,70.0,79.0,80.43,2.68,-13.83,0
657,0,1,27,Doctor,100,84,93,96,97,70,95,96.5,83.0,96.5,96.5,90.71,3.24,13.5,0
658,3,1,17,Software Engineer,93,70,62,99,63,83,60,79.25,71.0,77.5,81.0,75.71,4.21,8.25,0
659,5,1,31,Banker,93,99,79,78,64,87,76,78.5,87.33,86.0,71.0,82.29,2.57,-8.83,0
660,4,0,13,Banker,94,89,74,75,73,78,61,79.0,76.0,84.0,74.0,77.71,5.55,3.0,0
661,4,1,12,Banker,88,86,79,93,68,92,99,82.0,92.33,83.5,80.5,86.43,6.65,-10.33,0
662,10,0,0,Business Owner,93,95,94,70,83,86,94,85.0,91.67,93.5,76.5,87.86,87.86,-6.67,1
663,2,1,21,Construction Engineer,83,75,84,68,95,80,88,82.5,81.0,83.5,81.5,81.86,3.72,1.5,0
664,3,0,28,Lawyer,96,93,100,96,97,81,72,97.25,82.0,98.0,96.5,90.71,3.13,15.25,0
665,8,0,35,Accountant,87,88,93,88,96,85,94,91.0,89.0,90.0,92.0,90.14,2.5,2.0,1
666,9,1,24,Lawyer,95,82,84,69,63,85,69,77.75,78.67,89.5,66.0,78.14,3.13,-0.92,1
667,1,0,28,Accountant,87,87,86,84,66,83,81,80.75,83.67,86.5,75.0,82.0,2.83,-2.92,0
668,9,0,0,Business Owner,43,95,64,95,66,67,74,67.0,78.67,53.5,80.5,72.0,72.0,-11.67,1
669,6,0,0,Business Owner,40,100,88,79,71,86,89,69.5,91.67,64.0,75.0,79.0,79.0,-22.17,0
670,2,0,3,Real Estate Developer,64,70,98,82,100,72,78,86.0,73.33,81.0,91.0,80.57,20.14,12.67,0
672,2,0,26,Lawyer,77,96,86,84,90,85,91,84.25,90.67,81.5,87.0,87.0,3.22,-6.42,0
673,10,1,4,Business Owner,40,86,53,63,50,87,77,51.5,83.33,46.5,56.5,65.14,13.03,-31.83,1
674,2,0,24,Construction Engineer,100,89,90,96,72,90,86,89.5,88.33,95.0,84.0,89.0,3.56,1.17,0
675,5,1,22,Software Engineer,89,93,95,88,72,76,71,86.0,80.0,92.0,80.0,83.43,3.63,6.0,0
676,2,0,14,Software Engineer,97,74,76,72,62,69,90,76.75,77.67,86.5,67.0,77.14,5.14,-0.92,0
678,4,0,29,Lawyer,81,88,85,89,81,91,98,84.0,92.33,83.0,85.0,87.57,2.92,-8.33,0
679,6,0,3,Business Owner,100,91,53,78,55,91,74,71.5,85.33,76.5,66.5,77.43,19.36,-13.83,0
680,2,0,4,Designer,80,65,96,73,84,92,73,83.25,76.67,88.0,78.5,80.43,16.09,6.58,0
681,5,0,19,Accountant,79,88,83,84,78,72,79,81.0,79.67,81.0,81.0,80.43,4.02,1.33,0
682,3,0,33,Software Engineer,96,64,100,87,88,60,62,92.75,62.0,98.0,87.5,79.57,2.34,30.75,0
683,1,0,24,Accountant,95,81,91,62,36,79,69,71.0,76.33,93.0,49.0,73.29,2.93,-5.33,0
685,1,1,27,Lawyer,86,97,72,90,95,99,76,85.75,90.67,79.0,92.5,87.86,3.14,-4.92,0
687,0,0,35,Accountant,94,87,100,90,86,86,90,92.5,87.67,97.0,88.0,90.43,2.51,4.83,0
688,0,0,29,Doctor,88,71,87,85,100,78,78,90.0,75.67,87.5,92.5,83.86,2.8,14.33,0
689,2,1,0,Artist,88,69,76,64,90,78,80,79.5,75.67,82.0,77.0,77.86,77.86,3.83,0
691,1,1,29,Construction Engineer,84,66,99,80,71,88,89,83.5,81.0,91.5,75.5,82.43,2.75,2.5,0
692,0,1,17,Software Engineer,96,77,91,85,69,91,91,85.25,86.33,93.5,77.0,85.71,4.76,-1.08,0
693,10,0,1,Business Owner,57,75,64,85,53,95,81,64.75,83.67,60.5,69.0,72.86,36.43,-18.92,1
694,1,0,14,Teacher,93,79,82,67,64,90,65,76.5,78.0,87.5,65.5,77.14,5.14,-1.5,0
696,2,0,35,Construction Engineer,89,99,86,97,98,97,93,92.5,96.33,87.5,97.5,94.14,2.62,-3.83,0
697,3,0,19,Construction Engineer,80,88,94,94,100,99,99,92.0,95.33,87.0,97.0,93.43,4.67,-3.33,0
698,6,0,23,Banker,94,92,61,87,61,94,69,75.75,85.0,77.5,74.0,79.71,3.32,-9.25,0
699,9,0,14,Construction Engineer,99,74,98,69,69,64,96,83.75,78.0,98.5,69.0,81.29,5.42,5.75,1
700,2,0,21,Banker,81,72,87,62,69,93,72,74.75,79.0,84.0,65.5,76.57,3.48,-4.25,0
702,2,1,16,Writer,71,100,99,95,91,96,96,89.0,97.33,85.0,93.0,92.57,5.45,-8.33,0
705,0,0,29,Software Engineer,93,69,79,78,77,73,77,81.75,73.0,86.0,77.5,78.0,2.6,8.75,0
706,5,0,35,Accountant,92,88,87,98,96,85,96,93.25,89.67,89.5,97.0,91.71,2.55,3.58,0
707,2,0,11,Banker,96,87,99,65,98,79,93,89.5,86.33,97.5,81.5,88.14,7.34,3.17,0
708,3,0,4,Artist,83,75,77,61,93,61,75,78.5,70.33,80.0,77.0,75.0,15.0,8.17,0
709,0,0,15,Teacher,78,84,79,96,76,71,71,82.25,75.33,78.5,86.0,79.29,4.96,6.92,0
710,10,0,25,Banker,82,74,84,74,86,81,100,81.5,85.0,83.0,80.0,83.0,3.19,-3.5,1
711,1,0,31,Accountant,94,91,68,61,34,60,63,64.25,71.33,81.0,47.5,67.29,2.1,-7.08,1
712,7,0,30,Doctor,93,73,97,89,88,63,70,91.75,68.67,95.0,88.5,81.86,2.64,23.08,0
713,3,0,17,Teacher,80,95,98,95,96,97,85,92.25,92.33,89.0,95.5,92.29,5.13,-0.08,0
714,10,0,0,Business Owner,55,99,71,94,69,87,84,72.25,90.0,63.0,81.5,79.86,79.86,-17.75,1
715,2,0,10,Government Officer,94,71,83,76,99,95,94,88.0,86.67,88.5,87.5,87.43,7.95,1.33,0
716,2,0,22,Writer,72,72,85,90,75,94,65,80.5,77.0,78.5,82.5,79.0,3.43,3.5,0
717,3,0,16,Software Engineer,98,89,75,68,87,69,96,82.0,84.67,86.5,77.5,83.14,4.89,-2.67,0
719,3,0,35,Software Engineer,99,95,89,90,95,98,99,93.25,97.33,94.0,92.5,95.0,2.64,-4.08,0
720,1,0,25,Stock Investor,97,67,86,95,65,91,76,85.75,78.0,91.5,80.0,82.43,3.17,7.75,0
721,9,0,5,Business Owner,85,64,99,93,89,61,67,91.5,64.0,92.0,91.0,79.71,13.28,27.5,1
723,4,0,15,Banker,89,63,73,83,74,91,83,79.75,79.0,81.0,78.5,79.43,4.96,0.75,0
724,4,1,21,Banker,76,87,63,92,93,87,88,81.0,87.33,69.5,92.5,83.71,3.8,-6.33,0
725,2,0,3,Designer,100,68,80,75,85,82,85,85.0,78.33,90.0,80.0,82.14,20.54,6.67,0
726,1,0,1,Real Estate Developer,77,99,99,76,70,80,90,80.5,89.67,88.0,73.0,84.43,42.22,-9.17,0
727,1,0,32,Software Engineer,85,86,84,81,92,84,93,85.5,87.67,84.5,86.5,86.43,2.62,-2.17,0
728,6,1,25,Lawyer,70,83,63,86,97,88,79,79.0,83.33,66.5,91.5,80.86,3.11,-4.33,0
729,9,0,26,Lawyer,76,83,90,68,96,94,87,82.5,88.0,83.0,82.0,84.86,3.14,-5.5,1
730,7,0,34,Lawyer,75,82,89,65,85,89,81,78.5,84.0,82.0,75.0,80.86,2.31,-5.5,0
731,2,1,25,Stock Investor,97,65,96,87,87,95,100,91.75,86.67,96.5,87.0,89.57,3.44,5.08,0
732,10,0,3,Business Owner,72,81,61,73,96,72,86,75.5,79.67,66.5,84.5,77.29,19.32,-4.17,1
733,3,0,12,Stock Investor,84,69,68,92,86,67,73,82.5,69.67,76.0,89.0,77.0,5.92,12.83,0
735,6,0,50,Doctor,94,87,99,99,86,86,85,94.5,86.0,96.5,92.5,90.86,1.78,8.5,0
736,7,0,15,Designer,80,91,100,87,87,94,100,88.5,95.0,90.0,87.0,91.29,5.71,-6.5,0
737,0,0,34,Software Engineer,87,98,79,87,92,80,93,86.25,90.33,83.0,89.5,88.0,2.51,-4.08,0
738,6,0,27,Stock Investor,93,94,87,92,99,93,88,92.75,91.67,90.0,95.5,92.29,3.3,1.08,0
739,1,0,5,Game Developer,87,69,96,61,72,78,99,79.0,82.0,91.5,66.5,80.29,13.38,-3.0,0
740,10,1,0,Business Owner,64,51,70,94,86,65,80,78.5,65.33,67.0,90.0,72.86,72.86,13.17,1
741,5,0,15,Software Engineer,96,73,91,71,72,74,76,82.5,74.33,93.5,71.5,79.0,4.94,8.17,0
742,2,1,31,Scientist,97,62,93,80,96,94,67,91.5,74.33,95.0,88.0,84.14,2.63,17.17,0
743,6,0,0,Artist,62,79,75,65,71,75,93,68.25,82.33,68.5,68.0,74.29,74.29,-14.08,0
744,1,0,5,Business Owner,97,79,96,94,59,83,64,86.5,75.33,96.5,76.5,81.71,13.62,11.17,0
745,3,0,35,Software Engineer,85,100,90,93,94,97,98,90.5,98.33,87.5,93.5,93.86,2.61,-7.83,0
747,7,0,1,Business Owner,45,68,99,91,88,63,61,80.75,64.0,72.0,89.5,73.57,36.78,16.75,1
748,6,0,2,Business Owner,86,79,86,73,53,84,79,74.5,80.67,86.0,63.0,77.14,25.71,-6.17,0
749,10,0,34,Software Engineer,97,94,73,98,87,97,98,88.75,96.33,85.0,92.5,92.0,2.63,-7.58,1
750,2,1,18,Software Engineer,93,67,65,61,61,96,65,70.0,76.0,79.0,61.0,72.57,3.82,-6.0,0
751,1,0,14,Software Engineer,85,93,75,72,84,63,63,79.0,73.0,80.0,78.0,76.43,5.1,6.0,0
752,1,0,6,Designer,88,88,98,92,71,66,90,87.25,81.33,93.0,81.5,84.71,12.1,5.92,0
753,5,1,2,Artist,100,67,98,71,92,79,99,90.25,81.67,99.0,81.5,86.57,28.86,8.58,0
754,2,0,19,Software Engineer,93,74,88,92,77,89,96,87.5,86.33,90.5,84.5,87.0,4.35,1.17,0
755,1,0,1,Artist,70,63,73,97,63,61,90,75.75,71.33,71.5,80.0,73.86,36.93,4.42,0
756,2,0,13,Banker,82,67,94,88,86,89,98,87.5,84.67,88.0,87.0,86.29,6.16,2.83,0
757,8,0,3,Business Owner,41,76,94,93,79,84,96,76.75,85.33,67.5,86.0,80.43,20.11,-8.58,1
758,2,0,21,Banker,94,74,74,89,67,93,96,81.0,87.67,84.0,78.0,83.86,3.81,-6.67,0
759,2,0,29,Designer,67,69,75,94,98,80,74,83.5,74.33,71.0,96.0,79.57,2.65,9.17,0
760,0,1,11,Government Officer,89,75,64,81,66,82,92,75.0,83.0,76.5,73.5,78.43,6.54,-8.0,0
761,3,0,23,Doctor,82,82,100,93,91,61,83,91.5,75.33,91.0,92.0,84.57,3.52,16.17,0
762,2,0,30,Software Engineer,96,79,93,92,92,71,87,93.25,79.0,94.5,92.0,87.14,2.81,14.25,0
763,1,0,13,Accountant,94,84,84,89,52,97,76,79.75,85.67,89.0,70.5,82.29,5.88,-5.92,0
764,4,0,19,Construction Engineer,84,65,83,99,86,75,67,88.0,69.0,83.5,92.5,79.86,3.99,19.0,0
765,5,0,33,Software Engineer,87,98,97,70,80,67,82,83.5,82.33,92.0,75.0,83.0,2.44,1.17,0
766,2,0,21,Software Engineer,90,93,66,77,72,82,82,76.25,85.67,78.0,74.5,80.29,3.65,-9.42,0
767,7,0,31,Scientist,86,81,91,83,97,83,80,89.25,81.33,88.5,90.0,85.86,2.68,7.92,0
768,6,0,3,Business Owner,48,72,64,65,64,55,79,60.25,68.67,56.0,64.5,63.86,15.96,-8.42,1
769,7,0,3,Business Owner,49,59,99,59,75,54,70,70.5,61.0,74.0,67.0,66.43,16.61,9.5,1
771,5,1,1,Business Owner,40,51,93,100,76,60,99,77.25,70.0,66.5,88.0,74.14,37.07,7.25,1
773,2,0,29,Software Engineer,87,68,75,96,91,72,78,87.25,72.67,81.0,93.5,81.0,2.7,14.58,0
774,2,0,18,Accountant,79,81,68,70,60,65,71,69.25,72.33,73.5,65.0,70.57,3.71,-3.08,1
775,6,1,4,Game Developer,100,100,94,83,62,92,71,84.75,87.67,97.0,72.5,86.0,17.2,-2.92,0
777,2,0,32,Banker,77,64,69,60,92,76,74,74.5,71.33,73.0,76.0,73.14,2.22,3.17,0
778,1,0,32,Lawyer,83,84,96,96,79,80,81,88.5,81.67,89.5,87.5,85.57,2.59,6.83,0
779,2,1,16,Software Engineer,96,79,80,71,67,76,63,78.5,72.67,88.0,69.0,76.0,4.47,5.83,0
781,8,0,2,Business Owner,71,69,95,83,90,93,89,84.75,83.67,83.0,86.5,84.29,28.1,1.08,1
783,3,0,28,Software Engineer,91,61,61,85,64,76,88,75.25,75.0,76.0,74.5,75.14,2.59,0.25,0
784,2,0,2,Real Estate Developer,59,65,72,60,94,63,75,71.25,67.67,65.5,77.0,69.71,23.24,3.58,1
785,3,0,42,Doctor,89,90,91,95,87,92,96,90.5,92.67,90.0,91.0,91.43,2.13,-2.17,0
786,7,0,31,Banker,81,92,68,93,69,78,89,77.75,86.33,74.5,81.0,81.43,2.54,-8.58,0
787,3,0,15,Accountant,77,84,86,97,90,83,92,87.5,86.33,81.5,93.5,87.0,5.44,1.17,0
788,7,0,1,Business Owner,72,58,73,57,67,88,70,67.25,72.0,72.5,62.0,69.29,34.65,-4.75,1
789,5,0,10,Teacher,91,63,78,93,76,76,90,84.5,76.33,84.5,84.5,81.0,7.36,8.17,0
790,5,0,40,Doctor,88,100,94,91,85,91,88,89.5,93.0,91.0,88.0,91.0,2.22,-3.5,0
791,8,0,40,Doctor,94,88,99,92,98,85,95,95.75,89.33,96.5,95.0,93.0,2.27,6.42,1
792,0,0,8,Real Estate Developer,67,72,98,65,61,87,89,72.75,82.67,82.5,63.0,77.0,8.56,-9.92,0
795,7,0,31,Lawyer,95,87,96,97,83,93,88,92.75,89.33,95.5,90.0,91.29,2.85,3.42,0
796,1,0,10,Government Officer,96,91,78,94,81,88,86,87.25,88.33,87.0,87.5,87.71,7.97,-1.08,0
797,3,1,35,Banker,87,99,99,100,98,96,94,96.0,96.33,93.0,99.0,96.14,2.67,-0.33,0
798,3,0,14,Banker,85,88,85,92,96,81,95,89.5,88.0,85.0,94.0,88.86,5.92,1.5,0
799,2,0,7,Government Officer,88,85,100,68,65,97,94,80.25,92.0,94.0,66.5,85.29,10.66,-11.75,0
800,5,0,4,Business Owner,94,68,72,99,83,53,83,87.0,68.0,83.0,91.0,78.86,15.77,19.0,0
801,4,1,14,Teacher,67,100,77,85,73,95,86,75.5,93.67,72.0,79.0,83.29,5.55,-18.17,0
802,1,1,29,Software Engineer,92,63,99,77,82,88,72,87.5,74.33,95.5,79.5,81.86,2.73,13.17,0
803,3,0,20,Accountant,76,75,60,77,71,70,88,71.0,77.67,68.0,74.0,73.86,3.52,-6.67,0
804,3,1,24,Software Engineer,86,75,96,62,81,91,84,81.25,83.33,91.0,71.5,82.14,3.29,-2.08,0
805,3,1,27,Software Engineer,94,94,86,62,73,90,75,78.75,86.33,90.0,67.5,82.0,2.93,-7.58,0
806,3,0,31,Software Engineer,100,85,62,62,89,65,67,78.25,72.33,81.0,75.5,75.71,2.37,5.92,0
807,4,0,27,Lawyer,74,84,71,93,65,98,61,75.75,81.0,72.5,79.0,78.0,2.79,-5.25,0
809,10,0,0,Business Owner,66,97,72,98,86,86,63,80.5,82.0,69.0,92.0,81.14,81.14,-1.5,1
810,2,0,35,Scientist,99,96,100,95,90,95,88,96.0,93.0,99.5,92.5,94.71,2.63,3.0,0
812,5,1,11,Banker,81,71,76,95,99,85,71,87.75,75.67,78.5,97.0,82.57,6.88,12.08,0
813,9,0,10,Banker,95,88,62,85,82,94,73,81.0,85.0,78.5,83.5,82.71,7.52,-4.0,1
814,6,0,3,Business Owner,55,69,53,75,86,95,61,67.25,75.0,54.0,80.5,70.57,17.64,-7.75,1
815,3,0,5,Real Estate Developer,50,62,97,90,93,75,80,82.5,72.33,73.5,91.5,78.14,13.02,10.17,0
816,5,0,34,Software Engineer,98,84,90,83,84,61,99,88.75,81.33,94.0,83.5,85.57,2.44,7.42,0
817,7,0,15,Accountant,88,67,71,85,68,88,67,78.0,74.0,79.5,76.5,76.29,4.77,4.0,0
818,1,0,20,Software Engineer,87,99,92,85,62,69,67,81.5,78.33,89.5,73.5,80.14,3.82,3.17,0
819,1,0,3,Government Officer,73,74,94,76,97,86,85,85.0,81.67,83.5,86.5,83.57,20.89,3.33,0
820,2,1,2,Business Owner,46,71,60,50,85,69,62,60.25,67.33,53.0,67.5,63.29,21.1,-7.08,1
821,1,0,27,Banker,88,82,90,94,99,78,65,92.75,75.0,89.0,96.5,85.14,3.04,17.75,0
822,0,0,29,Software Engineer,95,62,68,64,71,87,60,74.5,69.67,81.5,67.5,72.43,2.41,4.83,0
823,1,1,2,Artist,73,71,60,70,78,72,78,70.25,73.67,66.5,74.0,71.71,23.9,-3.42,1
824,5,0,9,Designer,70,88,100,91,98,68,81,89.75,79.0,85.0,94.5,85.14,8.51,10.75,0
825,7,0,14,Construction Engineer,84,100,99,94,84,86,63,90.25,83.0,91.5,89.0,87.14,5.81,7.25,0
826,8,0,25,Doctor,88,60,87,90,87,86,62,88.0,69.33,87.5,88.5,80.0,3.08,18.67,1
828,9,0,2,Business Owner,46,54,93,57,99,59,73,73.75,62.0,69.5,78.0,68.71,22.9,11.75,1
829,5,0,31,Lawyer,71,92,60,73,74,86,94,69.5,90.67,65.5,73.5,78.57,2.46,-21.17,0
830,5,0,3,Designer,76,77,99,87,95,94,85,89.25,85.33,87.5,91.0,87.57,21.89,3.92,0
831,5,0,12,Designer,78,95,66,70,75,99,84,72.25,92.67,72.0,72.5,81.0,6.23,-20.42,0
832,5,0,5,Business Owner,100,54,70,58,50,95,92,69.5,80.33,85.0,54.0,74.14,12.36,-10.83,0
833,10,0,11,Government Officer,73,97,87,93,78,99,86,82.75,94.0,80.0,85.5,87.57,7.3,-11.25,1
834,2,0,4,Game Developer,96,63,85,77,82,65,88,85.0,72.0,90.5,79.5,79.43,15.89,13.0,0
838,3,0,0,Artist,92,65,95,60,93,69,82,85.0,72.0,93.5,76.5,79.43,79.43,13.0,0
839,6,0,0,Business Owner,81,77,92,97,62,65,92,83.0,78.0,86.5,79.5,80.86,80.86,5.0,0
840,2,0,3,Government Officer,99,69,71,84,96,84,69,87.5,74.0,85.0,90.0,81.71,20.43,13.5,0
841,2,0,26,Lawyer,97,100,87,90,96,86,93,92.5,93.0,92.0,93.0,92.71,3.43,-0.5,0
842,7,0,31,Construction Engineer,80,87,94,68,89,82,76,82.75,81.67,87.0,78.5,82.29,2.57,1.08,0
843,4,0,20,Software Engineer,88,62,91,83,97,83,63,89.75,69.33,89.5,90.0,81.0,3.86,20.42,0
845,10,1,15,Software Engineer,90,81,69,70,95,97,62,81.0,80.0,79.5,82.5,80.57,5.04,1.0,1
846,10,0,1,Business Owner,77,89,50,82,71,78,70,70.0,79.0,63.5,76.5,73.86,36.93,-9.0,1
847,1,1,4,Business Owner,82,69,91,95,82,85,60,87.5,71.33,86.5,88.5,80.57,16.11,16.17,0
848,3,1,2,Real Estate Developer,90,74,88,97,88,73,66,90.75,71.0,89.0,92.5,82.29,27.43,19.75,0
849,5,0,32,Software Engineer,94,90,81,82,100,82,98,89.25,90.0,87.5,91.0,89.57,2.71,-0.75,0
850,7,0,2,Business Owner,87,84,76,87,65,80,72,78.75,78.67,81.5,76.0,78.71,26.24,0.08,0
851,1,0,2,Game Developer,86,66,88,98,68,79,77,85.0,74.0,87.0,83.0,80.29,26.76,11.0,0
852,6,0,19,Banker,84,85,83,69,82,91,69,79.5,81.67,83.5,75.5,80.43,4.02,-2.17,0
853,4,0,12,Accountant,86,63,85,64,98,97,86,83.25,82.0,85.5,81.0,82.71,6.36,1.25,0
854,10,0,5,Business Owner,70,66,98,96,64,65,91,82.0,74.0,84.0,80.0,78.57,13.1,8.0,1
855,4,0,22,Accountant,87,94,72,93,44,92,83,74.0,89.67,79.5,68.5,80.71,3.51,-15.67,0
856,7,0,1,Business Owner,47,78,75,62,61,55,93,61.25,75.33,61.0,61.5,67.29,33.65,-14.08,1
857,0,0,21,Software Engineer,96,63,77,93,61,86,83,81.75,77.33,86.5,77.0,79.86,3.63,4.42,0
858,4,0,5,Business Owner,54,93,96,59,84,79,93,73.25,88.33,75.0,71.5,79.71,13.28,-15.08,0
859,3,1,5,Real Estate Developer,59,100,64,68,86,89,91,69.25,93.33,61.5,77.0,79.57,13.26,-24.08,0
861,4,0,25,Software Engineer,100,62,78,74,72,73,78,81.0,71.0,89.0,73.0,76.71,2.95,10.0,0
862,5,0,34,Scientist,92,81,84,84,84,66,74,86.0,73.67,88.0,84.0,80.71,2.31,12.33,0
863,3,0,0,Real Estate Developer,75,66,91,73,100,94,67,84.75,75.67,83.0,86.5,80.86,80.86,9.08,0
864,0,0,34,Software Engineer,93,74,63,97,64,61,92,79.25,75.67,78.0,80.5,77.71,2.22,3.58,0
865,2,0,31,Lawyer,100,96,67,63,91,96,84,80.25,92.0,83.5,77.0,85.29,2.67,-11.75,0
866,7,0,1,Business Owner,80,84,67,96,88,94,86,82.75,88.0,73.5,92.0,85.0,42.5,-5.25,0
867,1,1,28,Lawyer,100,92,66,96,76,88,77,84.5,85.67,83.0,86.0,85.0,2.93,-1.17,0
868,4,0,5,Business Owner,52,65,74,71,63,59,67,65.0,63.67,63.0,67.0,64.43,10.74,1.33,1
869,1,0,26,Software Engineer,95,69,91,67,67,70,71,80.0,70.0,93.0,67.0,75.71,2.8,10.0,0
871,4,0,22,Software Engineer,96,73,90,84,64,75,62,83.5,70.0,93.0,74.0,77.71,3.38,13.5,0
873,7,0,2,Business Owner,51,98,90,54,77,80,71,68.0,83.0,70.5,65.5,74.43,24.81,-15.0,0
874,5,0,24,Software Engineer,85,100,93,64,81,78,64,80.75,80.67,89.0,72.5,80.71,3.23,0.08,0
875,10,0,15,Accountant,76,86,68,83,82,67,69,77.25,74.0,72.0,82.5,75.86,4.74,3.25,1
876,1,0,24,Software Engineer,92,63,87,92,81,78,74,88.0,71.67,89.5,86.5,81.0,3.24,16.33,0
877,5,0,3,Government Officer,90,89,95,73,79,98,68,84.25,85.0,92.5,76.0,84.57,21.14,-0.75,0
878,6,1,4,Business Owner,73,53,68,60,95,96,99,74.0,82.67,70.5,77.5,77.71,15.54,-8.67,0
879,5,0,42,Doctor,90,89,92,93,97,92,100,93.0,93.67,91.0,95.0,93.29,2.17,-0.67,0
880,6,0,24,Accountant,87,87,86,91,90,75,79,88.5,80.33,86.5,90.5,85.0,3.4,8.17,0
881,1,0,0,Real Estate Developer,93,96,70,92,65,90,84,80.0,90.0,81.5,78.5,84.29,84.29,-10.0,0
882,3,0,4,Real Estate Developer,75,91,68,86,81,72,89,77.5,84.0,71.5,83.5,80.29,16.06,-6.5,0
883,3,0,25,Software Engineer,96,100,99,82,79,95,89,89.0,94.67,97.5,80.5,91.43,3.52,-5.67,0
884,1,1,1,Artist,63,75,68,63,63,73,79,64.25,75.67,65.5,63.0,69.14,34.57,-11.42,1
885,5,0,35,Lawyer,85,90,89,98,100,97,95,93.0,94.0,87.0,99.0,93.43,2.6,-1.0,0
886,7,0,20,Software Engineer,93,61,65,77,97,90,90,83.0,80.33,79.0,87.0,81.86,3.9,2.67,0
889,9,0,1,Business Owner,61,73,76,51,76,50,77,66.0,66.67,68.5,63.5,66.29,33.15,-0.67,1
890,3,0,15,Software Engineer,97,81,65,70,62,96,75,73.5,84.0,81.0,66.0,78.0,4.88,-10.5,0
891,1,0,33,Software Engineer,90,64,91,93,86,91,97,90.0,84.0,90.5,89.5,87.43,2.57,6.0,0
892,10,0,4,Business Owner,90,100,80,66,63,69,66,74.75,78.33,85.0,64.5,76.29,15.26,-3.58,1
893,2,1,24,Software Engineer,85,74,68,68,75,78,95,74.0,82.33,76.5,71.5,77.57,3.1,-8.33,0
894,1,0,13,Banker,82,87,98,73,74,89,66,81.75,80.67,90.0,73.5,81.29,5.81,1.08,0
895,6,0,5,Business Owner,95,88,66,72,92,52,70,81.25,70.0,80.5,82.0,76.43,12.74,11.25,0
896,1,1,12,Government Officer,95,96,66,68,90,91,99,79.75,95.33,80.5,79.0,86.43,6.65,-15.58,0
897,4,1,8,Real Estate Developer,81,90,71,97,81,86,73,82.5,83.0,76.0,89.0,82.71,9.19,-0.5,0
898,2,0,8,Teacher,62,69,99,95,73,79,83,82.25,77.0,80.5,84.0,80.0,8.89,5.25,0
899,5,0,8,Real Estate Developer,95,92,89,64,77,80,66,81.25,79.33,92.0,70.5,80.43,8.94,1.92,0
900,4,1,0,Business Owner,64,62,51,85,74,91,93,68.5,82.0,57.5,79.5,74.29,74.29,-13.5,0
901,5,0,14,Designer,96,67,88,82,90,74,96,89.0,79.0,92.0,86.0,84.71,5.65,10.0,0
902,4,1,3,Business Owner,40,58,57,68,57,99,95,55.5,84.0,48.5,62.5,67.71,16.93,-28.5,1
903,2,0,19,Stock Investor,87,80,84,65,91,84,65,81.75,76.33,85.5,78.0,79.43,3.97,5.42,0
905,7,1,0,Business Owner,51,56,64,85,91,78,97,72.75,77.0,57.5,88.0,74.57,74.57,-4.25,0
906,7,0,5,Real Estate Developer,57,74,98,93,63,70,67,77.75,70.33,77.5,78.0,74.57,12.43,7.42,0
907,6,0,4,Business Owner,84,54,52,52,65,54,69,63.25,59.0,68.0,58.5,61.43,12.29,4.25,1
908,7,0,1,Business Owner,84,83,71,98,93,95,99,86.5,92.33,77.5,95.5,89.0,44.5,-5.83,0
909,8,1,12,Stock Investor,100,84,73,96,97,85,63,91.5,77.33,86.5,96.5,85.43,6.57,14.17,1
910,3,0,27,Software Engineer,90,91,88,95,98,99,71,92.75,87.0,89.0,96.5,90.29,3.22,5.75,0
911,4,1,12,Banker,97,77,66,93,99,78,91,88.75,82.0,81.5,96.0,85.86,6.6,6.75,0
912,3,0,21,Banker,77,93,69,75,88,81,89,77.25,87.67,73.0,81.5,81.71,3.71,-10.42,0
913,9,0,15,Teacher,82,61,79,84,73,95,85,79.5,80.33,80.5,78.5,79.86,4.99,-0.83,1
914,3,0,26,Software Engineer,89,68,83,88,69,79,74,82.25,73.67,86.0,78.5,78.57,2.91,8.58,0
915,10,0,3,Business Owner,43,83,58,89,87,78,86,69.25,82.33,50.5,88.0,74.86,18.72,-13.08,1
916,1,0,31,Lawyer,86,85,66,94,62,86,92,77.0,87.67,76.0,78.0,81.57,2.55,-10.67,0
917,9,0,31,Scientist,92,74,95,97,87,78,68,92.75,73.33,93.5,92.0,84.43,2.64,19.42,1
919,8,0,16,Software Engineer,92,81,71,97,96,72,63,89.0,72.0,81.5,96.5,81.71,4.81,17.0,1
920,5,0,29,Lawyer,77,92,65,62,76,84,100,70.0,92.0,71.0,69.0,79.43,2.65,-22.0,0
921,4,0,31,Software Engineer,90,62,87,63,77,71,68,79.25,67.0,88.5,70.0,74.0,2.31,12.25,0
922,1,0,46,Doctor,91,85,98,96,98,96,93,95.75,91.33,94.5,97.0,93.86,2.0,4.42,0
923,1,0,24,Software Engineer,88,72,96,97,71,60,61,88.0,64.33,92.0,84.0,77.86,3.11,23.67,0
924,2,0,2,Real Estate Developer,98,73,85,78,61,74,96,80.5,81.0,91.5,69.5,80.71,26.9,-0.5,0
925,10,0,2,Business Owner,87,60,67,88,99,56,92,85.25,69.33,77.0,93.5,78.43,26.14,15.92,1
926,3,0,9,Teacher,66,64,82,82,72,96,100,75.5,86.67,74.0,77.0,80.29,8.03,-11.17,0
927,7,0,0,Business Owner,83,98,51,72,90,59,73,74.0,76.67,67.0,81.0,75.14,75.14,-2.67,0
928,8,0,4,Business Owner,40,94,90,68,61,77,92,64.75,87.67,65.0,64.5,74.57,14.91,-22.92,1
929,6,0,4,Business Owner,43,90,78,63,68,63,72,63.0,75.0,60.5,65.5,68.14,13.63,-12.0,1
930,4,0,34,Software Engineer,100,97,74,74,82,75,69,82.5,80.33,87.0,78.0,81.57,2.33,2.17,0
932,5,0,32,Software Engineer,98,86,82,72,79,93,94,82.75,91.0,90.0,75.5,86.29,2.61,-8.25,0
933,4,0,23,Software Engineer,90,95,73,81,81,62,81,81.25,79.33,81.5,81.0,80.43,3.35,1.92,0
934,2,1,20,Software Engineer,90,77,86,91,76,78,62,85.75,72.33,88.0,83.5,80.0,3.81,13.42,0
935,1,0,5,Artist,68,67,65,68,63,97,63,66.0,75.67,66.5,65.5,70.14,11.69,-9.67,1
936,5,1,15,Software Engineer,91,60,98,77,72,74,63,84.5,65.67,94.5,74.5,76.43,4.78,18.83,0
937,3,0,21,Designer,87,74,92,67,85,63,87,82.75,74.67,89.5,76.0,79.29,3.6,8.08,0
938,1,0,30,Software Engineer,91,90,88,92,75,98,91,86.5,93.0,89.5,83.5,89.29,2.88,-6.5,0
939,3,1,15,Accountant,98,72,87,74,100,84,85,89.75,80.33,92.5,87.0,85.71,5.36,9.42,0
940,6,1,18,Banker,85,74,79,82,71,87,67,79.25,76.0,82.0,76.5,77.86,4.1,3.25,0
941,10,0,4,Business Owner,40,97,71,70,73,81,85,63.5,87.67,55.5,71.5,73.86,14.77,-24.17,1
942,3,0,24,Accountant,76,75,76,67,60,77,100,69.75,84.0,76.0,63.5,75.86,3.03,-14.25,0
943,3,0,15,Banker,89,76,84,93,64,86,95,82.5,85.67,86.5,78.5,83.86,5.24,-3.17,0
944,3,0,2,Artist,76,73,74,73,81,87,84,76.0,81.33,75.0,77.0,78.29,26.1,-5.33,0
945,6,0,14,Software Engineer,91,61,100,88,73,84,100,88.0,81.67,95.5,80.5,85.29,5.69,6.33,0
946,1,0,5,Business Owner,55,58,96,88,99,98,71,84.5,75.67,75.5,93.5,80.71,13.45,8.83,0
947,5,0,0,Real Estate Developer,93,88,76,73,67,88,76,77.25,84.0,84.5,70.0,80.14,80.14,-6.75,0
948,1,0,10,Real Estate Developer,84,68,60,86,90,84,81,80.0,77.67,72.0,88.0,79.0,7.18,2.33,0
949,5,0,2,Business Owner,62,65,98,52,66,94,82,69.5,80.33,80.0,59.0,74.14,24.71,-10.83,0
950,3,0,30,Lawyer,80,81,75,72,71,84,87,74.5,84.0,77.5,71.5,78.57,2.53,-9.5,0
951,7,0,28,Doctor,93,84,85,94,95,74,83,91.75,80.33,89.0,94.5,86.86,3.0,11.42,0
952,0,1,29,Lawyer,92,82,63,61,66,84,98,70.5,88.0,77.5,63.5,78.0,2.6,-17.5,0
953,0,0,35,Software Engineer,87,89,91,89,93,92,95,90.0,92.0,89.0,91.0,90.86,2.52,-2.0,0
954,1,0,12,Banker,83,69,93,60,98,83,88,83.5,80.0,88.0,79.0,82.0,6.31,3.5,0
955,3,0,32,Stock Investor,95,75,87,67,96,86,85,86.25,82.0,91.0,81.5,84.43,2.56,4.25,0
956,2,0,27,Accountant,79,65,92,67,78,66,98,79.0,76.33,85.5,72.5,77.86,2.78,2.67,0
959,3,0,2,Game Developer,82,77,95,81,83,73,76,85.25,75.33,88.5,82.0,81.0,27.0,9.92,0
960,2,0,24,Banker,90,98,89,78,74,93,65,82.75,85.33,89.5,76.0,83.86,3.35,-2.58,0
961,4,0,16,Accountant,100,68,62,76,72,94,89,77.5,83.67,81.0,74.0,80.14,4.71,-6.17,0
962,7,1,1,Artist,98,85,75,66,73,88,85,78.0,86.0,86.5,69.5,81.43,40.72,-8.0,0
963,0,0,2,Game Developer,80,84,94,63,62,72,68,74.75,74.67,87.0,62.5,74.71,24.9,0.08,0
964,1,0,35,Writer,89,91,96,100,95,93,86,95.0,90.0,92.5,97.5,92.86,2.58,5.0,0
966,4,0,14,Accountant,94,82,80,80,33,93,78,71.75,84.33,87.0,56.5,77.14,5.14,-12.58,0
968,3,0,41,Doctor,89,89,100,96,96,85,92,95.25,88.67,94.5,96.0,92.43,2.2,6.58,0
970,3,0,35,Software Engineer,91,97,87,93,94,90,88,91.25,91.67,89.0,93.5,91.43,2.54,-0.42,0
971,0,1,30,Construction Engineer,96,98,99,65,95,76,68,88.75,80.67,97.5,80.0,85.29,2.75,8.08,0
972,2,1,12,Banker,81,68,97,86,90,78,80,88.5,75.33,89.0,88.0,82.86,6.37,13.17,0
973,2,0,29,Software Engineer,87,89,61,66,72,90,61,71.5,80.0,74.0,69.0,75.14,2.5,-8.5,0
974,9,1,4,Business Owner,67,56,77,93,95,50,74,83.0,60.0,72.0,94.0,73.14,14.63,23.0,1
975,2,0,0,Artist,100,95,60,89,77,89,67,81.5,83.67,80.0,83.0,82.43,82.43,-2.17,0
976,3,0,17,Software Engineer,88,74,60,60,78,94,69,71.5,79.0,74.0,69.0,74.71,4.15,-7.5,0
977,1,1,20,Software Engineer,86,64,100,76,99,77,86,90.25,75.67,93.0,87.5,84.0,4.0,14.58,0
978,2,0,35,Scientist,85,87,90,88,87,97,100,87.5,94.67,87.5,87.5,90.57,2.52,-7.17,0
979,2,0,26,Software Engineer,93,95,80,88,83,62,65,86.0,74.0,86.5,85.5,80.86,2.99,12.0,0
981,6,0,0,Business Owner,56,67,57,79,87,89,89,69.75,81.67,56.5,83.0,74.86,74.86,-11.92,0
982,7,0,32,Construction Engineer,87,62,84,96,69,98,64,84.0,74.67,85.5,82.5,80.0,2.42,9.33,0
983,4,1,4,Real Estate Developer,97,85,96,61,97,79,70,87.75,78.0,96.5,79.0,83.57,16.71,9.75,0
984,3,0,34,Scientist,86,67,98,86,86,83,89,89.0,79.67,92.0,86.0,85.0,2.43,9.33,0
985,3,0,29,Software Engineer,97,85,81,71,62,62,82,77.75,76.33,89.0,66.5,77.14,2.57,1.42,0
987,5,0,23,Software Engineer,86,64,96,84,86,96,92,88.0,84.0,91.0,85.0,86.29,3.6,4.0,0
988,8,0,5,Business Owner,90,97,54,59,82,76,72,71.25,81.67,72.0,70.5,75.71,12.62,-10.42,1
989,0,0,1,Game Developer,95,87,87,84,95,84,65,90.25,78.67,91.0,89.5,85.29,42.64,11.58,0
990,1,0,31,Banker,90,100,76,76,84,79,84,81.5,87.67,83.0,80.0,84.14,2.63,-6.17,0
992,6,0,3,Business Owner,81,92,72,91,67,71,88,77.75,83.67,76.5,79.0,80.29,20.07,-5.92,0
993,2,0,18,Software Engineer,85,99,86,69,68,98,62,77.0,86.33,85.5,68.5,81.0,4.26,-9.33,0
994,1,1,47,Doctor,94,90,95,85,98,91,96,93.0,92.33,94.5,91.5,92.71,1.93,0.67,0
995,2,0,4,Game Developer,81,71,83,63,80,79,83,76.75,77.67,82.0,71.5,77.14,15.43,-0.92,0
996,1,1,32,Software Engineer,97,87,95,67,98,93,89,89.25,89.67,96.0,82.5,89.43,2.71,-0.42,0
997,3,1,20,Accountant,100,79,72,98,87,76,76,89.25,77.0,86.0,92.5,84.0,4.0,12.25,0
998,6,0,3,Business Owner,54,64,72,80,98,83,85,76.0,77.33,63.0,89.0,76.57,19.14,-1.33,0
999,5,0,19,Software Engineer,97,87,70,74,73,74,81,78.5,80.67,83.5,73.5,79.43,3.97,-2.17,0
1000,1,1,5,Real Estate Developer,65,83,67,84,89,65,73,76.25,73.67,66.0,86.5,75.14,12.52,2.58,0
1001,10,1,0,Business Owner,53,51,57,72,77,78,79,64.75,69.33,55.0,74.5,66.71,66.71,-4.58,1
1002,10,1,9,Real Estate Developer,82,74,80,88,92,96,95,85.5,88.33,81.0,90.0,86.71,8.67,-2.83,1
1003,10,0,4,Business Owner,93,90,79,54,53,99,79,69.75,89.33,86.0,53.5,78.14,15.63,-19.58,1
1004,3,0,22,Software Engineer,93,90,73,94,81,84,74,85.25,82.67,83.0,87.5,84.14,3.66,2.58,0
1005,9,0,3,Business Owner,91,95,88,89,58,81,69,81.5,81.67,89.5,73.5,81.57,20.39,-0.17,1
1006,3,0,33,Scientist,99,91,85,100,84,77,98,92.0,88.67,92.0,92.0,90.57,2.66,3.33,0
1007,0,0,13,Construction Engineer,87,63,81,85,62,98,81,78.75,80.67,84.0,73.5,79.57,5.68,-1.92,0
1009,2,1,10,Real Estate Developer,59,73,90,74,95,77,81,79.5,77.0,74.5,84.5,78.43,7.13,2.5,0
1011,3,1,31,Lawyer,81,98,71,92,74,93,63,79.5,84.67,76.0,83.0,81.71,2.55,-5.17,0
1012,3,1,3,Game Developer,80,92,85,81,94,75,72,85.0,79.67,82.5,87.5,82.71,20.68,5.33,0
1013,0,1,29,Banker,89,66,72,77,79,95,92,79.25,84.33,80.5,78.0,81.43,2.71,-5.08,0
1015,10,0,4,Business Owner,94,61,60,77,75,93,60,76.5,71.33,77.0,76.0,74.29,14.86,5.17,1
1016,3,0,34,Designer,93,70,80,67,77,80,91,79.25,80.33,86.5,72.0,79.71,2.28,-1.08,0
1017,2,0,30,Software Engineer,90,69,91,84,65,86,93,82.5,82.67,90.5,74.5,82.57,2.66,-0.17,0
1019,3,0,32,Accountant,81,91,73,72,49,81,72,68.75,81.33,77.0,60.5,74.14,2.25,-12.58,0
1020,1,0,31,Software Engineer,95,71,88,96,82,65,80,90.25,72.0,91.5,89.0,82.43,2.58,18.25,0
1021,10,0,0,Business Owner,67,50,93,86,66,73,85,78.0,69.33,80.0,76.0,74.29,74.29,8.67,1
1022,7,0,3,Game Developer,83,69,99,88,87,81,68,89.25,72.67,91.0,87.5,82.14,20.54,16.58,0
1023,3,1,5,Artist,87,96,67,64,67,81,90,71.25,89.0,77.0,65.5,78.86,13.14,-17.75,0
1024,3,1,24,Construction Engineer,82,71,84,68,74,64,73,77.0,69.33,83.0,71.0,73.71,2.95,7.67,0
1025,4,0,27,Accountant,97,87,65,90,66,84,75,79.5,82.0,81.0,78.0,80.57,2.88,-2.5,0
1026,1,1,21,Software Engineer,88,67,77,89,97,70,71,87.75,69.33,82.5,93.0,79.86,3.63,18.42,0
1027,4,0,32,Banker,91,94,81,61,61,82,73,73.5,83.0,86.0,61.0,77.57,2.35,-9.5,0
1028,7,0,5,Business Owner,77,60,83,65,81,80,88,76.5,76.0,80.0,73.0,76.29,12.72,0.5,0
1030,8,0,1,Business Owner,100,82,91,82,70,51,77,85.75,70.0,95.5,76.0,79.0,39.5,15.75,1
1031,3,0,22,Banker,96,75,79,72,69,94,64,79.0,77.67,87.5,70.5,78.43,3.41,1.33,0
1032,5,1,15,Accountant,75,64,76,65,44,80,91,65.0,78.33,75.5,54.5,70.71,4.42,-13.33,1
1033,1,0,12,Government Officer,94,84,85,63,67,89,66,77.25,79.67,89.5,65.0,78.29,6.02,-2.42,0
1035,5,0,24,Stock Investor,100,80,74,87,77,95,92,84.5,89.0,87.0,82.0,86.43,3.46,-4.5,0
1036,7,0,18,Accountant,94,97,61,67,77,88,70,74.75,85.0,77.5,72.0,79.14,4.17,-10.25,0
1037,6,0,4,Government Officer,78,78,100,87,98,80,98,90.75,85.33,89.0,92.5,88.43,17.69,5.42,0
1038,6,0,5,Business Owner,65,71,88,57,75,62,62,71.25,65.0,76.5,66.0,68.57,11.43,6.25,1
1039,7,0,32,Writer,68,81,72,76,93,94,97,77.25,90.67,70.0,84.5,83.0,2.52,-13.42,0
1040,8,1,0,Artist,93,78,98,76,86,89,92,88.25,86.33,95.5,81.0,87.43,87.43,1.92,1
1041,2,0,34,Scientist,100,64,95,83,83,94,83,90.25,80.33,97.5,83.0,86.0,2.46,9.92,0
1042,5,0,28,Lawyer,85,99,64,78,63,95,91,72.5,95.0,74.5,70.5,82.14,2.83,-22.5,0
1043,1,1,30,Doctor,80,93,82,89,94,95,70,86.25,86.0,81.0,91.5,86.14,2.78,0.25,0
1044,8,0,31,Lawyer,97,80,60,98,86,83,75,85.25,79.33,78.5,92.0,82.71,2.58,5.92,1
1045,3,1,33,Software Engineer,85,90,100,84,95,77,62,91.0,76.33,92.5,89.5,84.71,2.49,14.67,0
1046,2,0,28,Banker,87,76,87,98,61,92,81,83.25,83.0,87.0,79.5,83.14,2.87,0.25,0
1047,2,0,31,Banker,79,70,82,63,90,89,96,78.5,85.0,80.5,76.5,81.29,2.54,-6.5,0
1048,3,0,7,Government Officer,87,86,73,88,98,71,85,86.5,80.67,80.0,93.0,84.0,10.5,5.83,0
1049,6,0,28,Lawyer,72,88,62,60,97,86,64,72.75,79.33,67.0,78.5,75.57,2.61,-6.58,0
1050,4,1,44,Doctor,89,99,93,99,87,89,98,92.0,95.33,91.0,93.0,93.43,2.08,-3.33,0
1052,2,0,15,Banker,93,84,86,82,62,87,84,80.75,85.0,89.5,72.0,82.57,5.16,-4.25,0
1053,3,0,16,Accountant,75,97,97,83,74,74,74,82.25,81.67,86.0,78.5,82.0,4.82,0.58,0
1054,1,0,18,Banker,75,66,61,69,68,96,63,68.25,75.0,68.0,68.5,71.14,3.74,-6.75,1
1056,5,0,29,Lawyer,86,95,95,72,72,80,65,81.25,80.0,90.5,72.0,80.71,2.69,1.25,0
1057,8,0,30,Lawyer,86,98,97,75,83,95,80,85.25,91.0,91.5,79.0,87.71,2.83,-5.75,1
1058,1,1,32,Software Engineer,99,95,88,68,91,62,75,86.5,77.33,93.5,79.5,82.57,2.5,9.17,0
1059,0,0,19,Software Engineer,95,85,76,96,68,74,93,83.75,84.0,85.5,82.0,83.86,4.19,-0.25,0
1060,2,0,18,Software Engineer,92,72,61,93,86,97,79,83.0,82.67,76.5,89.5,82.86,4.36,0.33,0
1061,5,0,23,Doctor,88,91,96,99,85,62,86,92.0,79.67,92.0,92.0,86.71,3.61,12.33,0
1062,7,0,16,Banker,92,60,76,61,94,93,94,80.75,82.33,84.0,77.5,81.43,4.79,-1.58,0
1063,8,0,1,Business Owner,70,70,75,83,60,86,62,72.0,72.67,72.5,71.5,72.29,36.15,-0.67,1
1064,1,0,35,Scientist,85,90,98,92,89,88,95,91.0,91.0,91.5,90.5,91.0,2.53,0.0,0
1067,10,0,0,Business Owner,63,86,89,87,67,73,80,76.5,79.67,76.0,77.0,77.86,77.86,-3.17,1
1068,3,0,24,Banker,99,77,82,60,88,91,93,82.25,87.0,90.5,74.0,84.29,3.37,-4.75,0
1069,4,0,13,Accountant,93,61,71,82,43,94,88,72.25,81.0,82.0,62.5,76.0,5.43,-8.75,0
1071,1,0,1,Business Owner,81,86,84,78,63,86,73,76.5,81.67,82.5,70.5,78.71,39.35,-5.17,0
1073,7,0,4,Business Owner,68,50,68,53,58,87,74,61.75,70.33,68.0,55.5,65.43,13.09,-8.58,1
1074,7,0,8,Stock Investor,89,97,65,75,61,60,60,72.5,72.33,77.0,68.0,72.43,8.05,0.17,0
1075,1,1,35,Scientist,86,87,89,91,90,85,92,89.0,88.0,87.5,90.5,88.57,2.46,1.0,0
1076,2,1,7,Real Estate Developer,71,96,83,76,60,87,74,72.5,85.67,77.0,68.0,78.14,9.77,-13.17,0
1077,9,0,4,Business Owner,72,69,58,79,70,50,98,69.75,72.33,65.0,74.5,70.86,14.17,-2.58,1
1079,2,0,28,Software Engineer,99,84,75,81,91,87,63,86.5,78.0,87.0,86.0,82.86,2.86,8.5,0
1080,4,0,19,Stock Investor,99,78,74,95,72,65,91,85.0,78.0,86.5,83.5,82.0,4.1,7.0,0
1081,2,0,16,Software Engineer,88,71,82,98,91,73,74,89.75,72.67,85.0,94.5,82.43,4.85,17.08,0
1083,5,0,4,Business Owner,90,99,87,81,90,80,92,87.0,90.33,88.5,85.5,88.43,17.69,-3.33,0
1084,9,0,34,Lawyer,91,88,79,60,82,96,83,78.0,89.0,85.0,71.0,82.71,2.36,-11.0,1
1085,3,0,31,Lawyer,86,92,66,66,100,99,91,79.5,94.0,76.0,83.0,85.71,2.68,-14.5,0
1086,2,0,27,Software Engineer,86,84,98,67,76,75,65,81.75,74.67,92.0,71.5,78.71,2.81,7.08,0
1087,4,0,22,Software Engineer,92,91,85,94,69,80,71,85.0,80.67,88.5,81.5,83.14,3.61,4.33,0
1088,3,1,25,Banker,90,97,64,64,61,81,93,69.75,90.33,77.0,62.5,78.57,3.02,-20.58,0
1089,3,0,19,Accountant,98,69,61,62,82,87,64,75.75,73.33,79.5,72.0,74.71,3.74,2.42,0
1090,1,0,28,Lawyer,72,93,68,62,83,98,67,71.25,86.0,70.0,72.5,77.57,2.67,-14.75,0
1091,3,1,34,Scientist,77,93,83,84,83,84,71,81.75,82.67,80.0,83.5,82.14,2.35,-0.92,0
1092,10,0,5,Business Owner,75,52,84,70,81,99,85,77.5,78.67,79.5,75.5,78.0,13.0,-1.17,1
1093,1,0,34,Lawyer,94,82,83,76,83,93,94,84.0,89.67,88.5,79.5,86.43,2.47,-5.67,0
1094,7,0,34,Banker,75,88,71,62,90,78,95,74.5,87.0,73.0,76.0,79.86,2.28,-12.5,0
1095,0,0,19,Software Engineer,91,91,66,97,62,89,82,79.0,87.33,78.5,79.5,82.57,4.13,-8.33,0
1096,0,0,13,Accountant,75,64,100,63,98,71,73,84.0,69.33,87.5,80.5,77.71,5.55,14.67,0
1097,3,0,18,Accountant,93,79,86,72,89,61,98,85.0,79.33,89.5,80.5,82.57,4.35,5.67,0
1098,5,0,1,Game Developer,86,81,80,85,62,86,69,78.25,78.67,83.0,73.5,78.43,39.22,-0.42,0
1100,5,0,34,Software Engineer,90,91,61,72,64,84,72,71.75,82.33,75.5,68.0,76.29,2.18,-10.58,0
1101,1,0,31,Scientist,92,78,96,91,82,98,100,90.25,92.0,94.0,86.5,91.0,2.84,-1.75,0
1102,2,0,14,Accountant,90,88,71,96,72,74,80,82.25,80.67,80.5,84.0,81.57,5.44,1.58,0
1103,6,1,32,Lawyer,78,92,77,100,61,82,61,79.0,78.33,77.5,80.5,78.71,2.39,0.67,0
1104,10,0,5,Business Owner,82,58,58,91,91,55,98,80.5,70.33,70.0,91.0,76.14,12.69,10.17,1
1105,5,0,33,Software Engineer,86,62,81,63,75,92,95,76.25,83.0,83.5,69.0,79.14,2.33,-6.75,0
1106,1,0,32,Scientist,83,63,93,94,93,90,78,90.75,77.0,88.0,93.5,84.86,2.57,13.75,0
1107,0,0,11,Teacher,69,85,70,79,68,81,89,71.5,85.0,69.5,73.5,77.29,6.44,-13.5,0
1108,0,0,12,Banker,83,81,96,96,62,82,77,84.25,80.0,89.5,79.0,82.43,6.34,4.25,0
1109,2,0,24,Banker,84,63,98,70,92,78,93,86.0,78.0,91.0,81.0,82.57,3.3,8.0,0
1110,2,1,29,Banker,89,71,77,88,66,80,87,80.0,79.33,83.0,77.0,79.71,2.66,0.67,0
1111,0,0,33,Accountant,77,99,73,83,71,82,80,76.0,87.0,75.0,77.0,80.71,2.37,-11.0,0
1112,0,0,13,Construction Engineer,94,88,98,64,99,98,96,88.75,94.0,96.0,81.5,91.0,6.5,-5.25,0
1113,3,0,10,Teacher,93,64,81,74,96,94,98,86.0,85.33,87.0,85.0,85.71,7.79,0.67,0
1114,3,0,38,Doctor,92,88,90,94,88,92,96,91.0,92.0,91.0,91.0,91.43,2.34,-1.0,0
1115,2,0,5,Real Estate Developer,73,87,92,99,84,91,71,87.0,83.0,82.5,91.5,85.29,14.22,4.0,0
1117,10,0,1,Business Owner,87,58,85,82,100,87,91,88.5,78.67,86.0,91.0,84.29,42.14,9.83,1
1118,2,0,21,Software Engineer,88,74,99,72,63,87,79,80.5,80.0,93.5,67.5,80.29,3.65,0.5,0
1120,1,1,15,Banker,96,87,64,88,64,92,77,78.0,85.33,80.0,76.0,81.14,5.07,-7.33,0
1121,3,0,28,Doctor,89,96,85,91,100,91,91,91.25,92.67,87.0,95.5,91.86,3.17,-1.42,0
1122,1,0,5,Real Estate Developer,58,77,69,83,94,70,97,76.0,81.33,63.5,88.5,78.29,13.05,-5.33,0
1123,2,0,35,Doctor,95,98,97,94,88,99,96,93.5,97.67,96.0,91.0,95.29,2.65,-4.17,0
1124,8,1,28,Banker,76,69,86,72,71,79,63,76.25,70.33,81.0,71.5,73.71,2.54,5.92,1
1125,2,0,16,Construction Engineer,87,89,91,76,77,97,61,82.75,82.33,89.0,76.5,82.57,4.86,0.42,0
1127,10,0,3,Business Owner,70,61,83,52,81,97,69,71.5,75.67,76.5,66.5,73.29,18.32,-4.17,1
1128,6,0,35,Construction Engineer,90,86,99,94,100,89,85,95.75,86.67,94.5,97.0,91.86,2.55,9.08,0
1130,3,1,14,Accountant,96,100,96,87,83,81,95,90.5,92.0,96.0,85.0,91.14,6.08,-1.5,0
1131,2,0,11,Banker,88,98,81,61,62,96,60,73.0,84.67,84.5,61.5,78.0,6.5,-11.67,0
1132,2,1,1,Game Developer,99,60,87,94,71,93,93,87.75,82.0,93.0,82.5,85.29,42.64,5.75,0
1133,4,0,14,Teacher,86,99,64,88,84,95,97,80.5,97.0,75.0,86.0,87.57,5.84,-16.5,0
1134,4,1,11,Designer,96,61,85,87,83,80,79,87.75,73.33,90.5,85.0,81.57,6.8,14.42,0
1135,3,0,28,Lawyer,87,99,70,81,62,90,91,75.0,93.33,78.5,71.5,82.86,2.86,-18.33,0
1136,6,0,18,Software Engineer,89,90,96,97,87,84,63,92.25,79.0,92.5,92.0,86.57,4.56,13.25,0
1137,1,0,31,Writer,77,98,67,67,80,90,66,72.75,84.67,72.0,73.5,77.86,2.43,-11.92,0
1138,6,0,2,Business Owner,57,71,51,59,84,74,68,62.75,71.0,54.0,71.5,66.29,22.1,-8.25,1
1139,0,0,32,Accountant,88,93,91,92,53,65,88,81.0,82.0,89.5,72.5,81.43,2.47,-1.0,0
1140,3,0,3,Real Estate Developer,56,75,78,82,98,99,81,78.5,85.0,67.0,90.0,81.29,20.32,-6.5,0
1141,1,0,33,Accountant,94,79,64,79,96,98,93,83.25,90.0,79.0,87.5,86.14,2.53,-6.75,0
1142,3,0,4,Business Owner,57,71,76,59,58,84,73,62.5,76.0,66.5,58.5,68.29,13.66,-13.5,1
1143,4,0,0,Business Owner,81,86,68,65,87,78,82,75.25,82.0,74.5,76.0,78.14,78.14,-6.75,0
1144,2,0,10,Stock Investor,96,83,64,84,98,79,99,85.5,87.0,80.0,91.0,86.14,7.83,-1.5,0
1145,8,0,11,Banker,97,66,76,80,81,82,64,83.5,70.67,86.5,80.5,78.0,6.5,12.83,1
1146,3,0,5,Game Developer,86,76,92,86,75,67,79,84.75,74.0,89.0,80.5,80.14,13.36,10.75,0
1147,4,0,33,Doctor,94,74,95,82,100,63,97,92.75,78.0,94.5,91.0,86.43,2.54,14.75,0
1148,2,1,29,Software Engineer,88,83,94,80,97,95,78,89.75,85.33,91.0,88.5,87.86,2.93,4.42,0
1150,1,0,25,Stock Investor,85,82,88,62,71,71,75,76.5,76.0,86.5,66.5,76.29,2.93,0.5,0
1153,1,0,25,Software Engineer,99,98,80,83,89,68,61,87.75,75.67,89.5,86.0,82.57,3.18,12.08,0
1154,0,0,15,Teacher,67,64,99,84,100,81,78,87.5,74.33,83.0,92.0,81.86,5.12,13.17,0
1155,6,0,10,Banker,84,94,60,83,97,75,97,81.0,88.67,72.0,90.0,84.29,7.66,-7.67,0
1156,3,1,0,Artist,72,62,96,95,97,71,83,90.0,72.0,84.0,96.0,82.29,82.29,18.0,0
1157,1,0,17,Designer,74,88,99,92,93,85,81,89.5,84.67,86.5,92.5,87.43,4.86,4.83,0
1158,5,0,4,Business Owner,74,74,83,52,70,87,95,69.75,85.33,78.5,61.0,76.43,15.29,-15.58,0
1159,3,0,32,Lawyer,91,92,64,69,82,94,61,76.5,82.33,77.5,75.5,79.0,2.39,-5.83,0
1160,5,0,34,Accountant,77,66,94,77,49,83,64,74.25,71.0,85.5,63.0,72.86,2.08,3.25,0
1161,7,0,8,Government Officer,87,90,91,60,95,67,62,83.25,73.0,89.0,77.5,78.86,8.76,10.25,0
1163,1,1,3,Business Owner,92,84,86,80,73,97,88,82.75,89.67,89.0,76.5,85.71,21.43,-6.92,0
1164,9,0,4,Business Owner,71,89,63,50,63,64,69,61.75,74.0,67.0,56.5,67.0,13.4,-12.25,1
1165,1,0,2,Artist,62,100,91,75,99,76,78,81.75,84.67,76.5,87.0,83.0,27.67,-2.92,0
1166,0,0,0,Real Estate Developer,100,85,81,91,75,64,83,86.75,77.33,90.5,83.0,82.71,82.71,9.42,0
1167,5,1,3,Game Developer,94,65,100,77,66,96,68,84.25,76.33,97.0,71.5,80.86,20.22,7.92,0
1168,4,0,4,Artist,98,80,66,94,86,72,86,86.0,79.33,82.0,90.0,83.14,16.63,6.67,0
1169,3,0,21,Construction Engineer,94,81,88,81,71,92,73,83.5,82.0,91.0,76.0,82.86,3.77,1.5,0
1170,3,0,4,Game Developer,92,69,93,67,79,84,69,82.75,74.0,92.5,73.0,79.0,15.8,8.75,0
1171,5,1,1,Business Owner,50,87,93,84,86,73,74,78.25,78.0,71.5,85.0,78.14,39.07,0.25,0
1172,7,0,49,Doctor,99,98,94,96,95,88,92,96.0,92.67,96.5,95.5,94.57,1.89,3.33,0
1173,3,0,12,Teacher,70,68,89,60,79,85,66,74.5,73.0,79.5,69.5,73.86,5.68,1.5,0
1174,6,0,9,Government Officer,92,93,86,61,78,80,62,79.25,78.33,89.0,69.5,78.86,7.89,0.92,0
1175,1,0,20,Banker,82,70,86,66,97,93,91,82.75,84.67,84.0,81.5,83.57,3.98,-1.92,0
1176,7,1,16,Construction Engineer,83,73,82,62,92,68,76,79.75,72.33,82.5,77.0,76.57,4.5,7.42,0
1177,1,0,13,Stock Investor,84,85,64,74,79,92,64,75.25,80.33,74.0,76.5,77.43,5.53,-5.08,0
1180,3,0,38,Doctor,96,92,93,91,88,90,88,92.0,90.0,94.5,89.5,91.14,2.34,2.0,0
1181,4,0,7,Stock Investor,97,63,61,77,74,94,61,77.25,72.67,79.0,75.5,75.29,9.41,4.58,0
1183,0,0,8,Real Estate Developer,68,95,62,65,70,65,64,66.25,74.67,65.0,67.5,69.86,7.76,-8.42,1
1184,9,1,11,Construction Engineer,82,85,94,75,97,98,76,87.0,86.33,88.0,86.0,86.71,7.23,0.67,1
1185,3,1,30,Software Engineer,85,78,99,81,60,83,75,81.25,78.67,92.0,70.5,80.14,2.59,2.58,0
1187,2,0,35,Accountant,87,86,89,94,93,91,88,90.75,88.33,88.0,93.5,89.71,2.49,2.42,0
1188,7,0,4,Business Owner,98,81,58,78,91,74,75,81.25,76.67,78.0,84.5,79.29,15.86,4.58,0
1189,9,1,6,Real Estate Developer,91,94,75,86,84,67,97,84.0,86.0,83.0,85.0,84.86,12.12,-2.0,1
1190,1,0,33,Doctor,100,90,89,91,86,75,72,91.5,79.0,94.5,88.5,86.14,2.53,12.5,0
1191,1,0,1,Real Estate Developer,50,60,70,75,100,62,100,73.75,74.0,60.0,87.5,73.86,36.93,-0.25,1
1192,3,0,11,Designer,75,92,70,62,87,87,98,73.5,92.33,72.5,74.5,81.57,6.8,-18.83,0
1193,7,0,21,Stock Investor,86,62,81,63,92,75,79,80.5,72.0,83.5,77.5,76.86,3.49,8.5,0
1194,3,0,24,Banker,80,66,67,72,78,99,67,74.25,77.33,73.5,75.0,75.57,3.02,-3.08,0
1195,7,0,4,Business Owner,56,66,92,74,79,80,68,75.25,71.33,74.0,76.5,73.57,14.71,3.92,0
1196,1,0,1,Game Developer,91,72,85,78,92,82,85,86.5,79.67,88.0,85.0,83.57,41.78,6.83,0
1197,1,1,12,Construction Engineer,94,65,90,79,97,76,75,90.0,72.0,92.0,88.0,82.29,6.33,18.0,0
1198,7,0,28,Construction Engineer,81,82,99,86,88,60,89,88.5,77.0,90.0,87.0,83.57,2.88,11.5,0
1199,2,0,20,Accountant,94,82,91,94,100,99,69,94.75,83.33,92.5,97.0,89.86,4.28,11.42,0
1200,3,0,35,Doctor,99,89,93,87,86,90,96,91.25,91.67,96.0,86.5,91.43,2.54,-0.42,0
1201,0,0,33,Lawyer,88,83,62,88,100,83,84,84.5,83.33,75.0,94.0,84.0,2.47,1.17,0
1202,6,0,4,Real Estate Developer,79,74,68,82,65,73,89,73.5,78.67,73.5,73.5,75.71,15.14,-5.17,0
1203,4,0,1,Business Owner,49,85,70,90,79,71,67,72.0,74.33,59.5,84.5,73.0,36.5,-2.33,0
1204,5,0,7,Government Officer,97,99,67,87,66,68,67,79.25,78.0,82.0,76.5,78.71,9.84,1.25,0
1205,3,0,27,Construction Engineer,96,70,82,71,99,90,65,87.0,75.0,89.0,85.0,81.86,2.92,12.0,0
1206,2,0,34,Stock Investor,89,71,75,65,74,93,90,75.75,84.67,82.0,69.5,79.57,2.27,-8.92,0
1207,2,0,17,Software Engineer,94,90,77,65,83,79,96,79.75,88.33,85.5,74.0,83.43,4.64,-8.58,0
1209,2,1,9,Real Estate Developer,68,94,92,77,79,88,74,79.0,85.33,80.0,78.0,81.71,8.17,-6.33,0
1210,2,0,3,Real Estate Developer,58,66,99,98,69,65,78,81.0,69.67,78.5,83.5,76.14,19.04,11.33,0
1211,5,0,28,Banker,92,77,75,84,74,82,78,81.25,79.0,83.5,79.0,80.29,2.77,2.25,0
1212,5,0,28,Stock Investor,90,78,86,83,98,71,84,89.25,77.67,88.0,90.5,84.29,2.91,11.58,0
1213,2,0,26,Doctor,84,67,89,96,88,60,88,89.25,71.67,86.5,92.0,81.71,3.03,17.58,0
1214,10,1,4,Business Owner,81,85,50,53,55,91,78,59.75,84.67,65.5,54.0,70.43,14.09,-24.92,1
1215,3,0,15,Teacher,87,89,94,82,81,98,88,86.0,91.67,90.5,81.5,88.43,5.53,-5.67,0
1217,3,1,31,Writer,76,83,100,96,65,98,97,84.25,92.67,88.0,80.5,87.86,2.75,-8.42,0
1218,5,1,7,Government Officer,60,66,65,90,61,96,74,69.0,78.67,62.5,75.5,73.14,9.14,-9.67,0
1220,9,0,3,Business Owner,73,88,57,93,85,85,77,77.0,83.33,65.0,89.0,79.71,19.93,-6.33,1
1221,5,0,31,Lawyer,99,81,80,89,75,83,93,85.75,85.67,89.5,82.0,85.71,2.68,0.08,0
1222,4,0,1,Business Owner,95,57,77,81,83,57,70,84.0,61.33,86.0,82.0,74.29,37.15,22.67,0
1223,4,1,30,Accountant,92,90,92,78,59,68,96,80.25,84.67,92.0,68.5,82.14,2.65,-4.42,0
1224,2,1,28,Lawyer,100,94,76,60,95,90,66,82.75,83.33,88.0,77.5,83.0,2.86,-0.58,0
1225,3,0,24,Doctor,89,67,98,94,89,60,95,92.5,74.0,93.5,91.5,84.57,3.38,18.5,0
1226,1,1,28,Banker,94,66,68,94,62,76,77,79.5,73.0,81.0,78.0,76.71,2.65,6.5,0
1227,6,0,6,Real Estate Developer,89,64,78,85,68,84,99,80.0,82.33,83.5,76.5,81.0,11.57,-2.33,0
1228,9,1,5,Business Owner,74,79,82,51,67,65,82,68.5,75.33,78.0,59.0,71.43,11.9,-6.83,1
1229,2,0,12,Teacher,95,82,70,81,94,93,69,85.0,81.33,82.5,87.5,83.43,6.42,3.67,0
1231,4,0,26,Lawyer,94,91,98,94,88,97,94,93.5,94.0,96.0,91.0,93.71,3.47,-0.5,0
1232,4,0,18,Accountant,85,80,84,96,45,84,90,77.5,84.67,84.5,70.5,80.57,4.24,-7.17,0
1233,5,0,31,Accountant,94,98,74,94,35,95,80,74.25,91.0,84.0,64.5,81.43,2.54,-16.75,0
1234,1,0,17,Teacher,95,88,85,66,70,72,97,79.0,85.67,90.0,68.0,81.86,4.55,-6.67,0
1235,2,1,23,Software Engineer,97,82,100,69,64,73,88,82.5,81.0,98.5,66.5,81.86,3.41,1.5,0
1236,0,0,17,Designer,100,83,67,77,88,76,84,83.0,81.0,83.5,82.5,82.14,4.56,2.0,0
1237,4,0,29,Doctor,99,65,97,89,87,72,86,93.0,74.33,98.0,88.0,85.0,2.83,18.67,0
1238,0,0,13,Designer,97,67,79,76,76,66,97,82.0,76.67,88.0,76.0,79.71,5.69,5.33,0
1239,10,1,2,Business Owner,53,98,66,80,82,89,85,70.25,90.67,59.5,81.0,79.0,26.33,-20.42,1
1241,5,0,35,Designer,99,89,88,94,99,89,92,95.0,90.0,93.5,96.5,92.86,2.58,5.0,0
1242,3,0,28,Accountant,79,83,78,89,83,79,76,82.25,79.33,78.5,86.0,81.0,2.79,2.92,0
1243,6,1,2,Business Owner,94,95,75,73,51,89,77,73.25,87.0,84.5,62.0,79.14,26.38,-13.75,0
1244,6,1,28,Software Engineer,97,73,92,64,66,96,65,79.75,78.0,94.5,65.0,79.0,2.72,1.75,0
1245,3,1,26,Accountant,87,70,65,64,30,72,68,61.5,70.0,76.0,47.0,65.14,2.41,-8.5,1
1246,7,0,26,Stock Investor,82,82,87,92,64,70,72,81.25,74.67,84.5,78.0,78.43,2.9,6.58,0
1247,1,0,22,Doctor,94,98,96,88,96,61,80,93.5,79.67,95.0,92.0,87.57,3.81,13.83,0
1248,1,0,26,Software Engineer,99,85,97,72,79,92,82,86.75,86.33,98.0,75.5,86.57,3.21,0.42,0
1249,1,0,16,Teacher,68,83,74,87,71,86,82,75.0,83.67,71.0,79.0,78.71,4.63,-8.67,0
1250,10,0,2,Business Owner,67,82,81,83,57,59,91,72.0,77.33,74.0,70.0,74.29,24.76,-5.33,1
1251,4,1,10,Banker,92,65,81,79,84,85,74,84.0,74.67,86.5,81.5,80.0,7.27,9.33,0
1252,3,1,21,Writer,69,77,82,93,92,90,71,84.0,79.33,75.5,92.5,82.0,3.73,4.67,0
1253,1,0,30,Software Engineer,92,98,61,99,77,72,75,82.25,81.67,76.5,88.0,82.0,2.65,0.58,0
1254,6,0,24,Accountant,90,64,90,75,64,96,71,79.75,77.0,90.0,69.5,78.57,3.14,2.75,0
1255,1,0,33,Stock Investor,91,92,73,97,61,63,71,80.5,75.33,82.0,79.0,78.29,2.3,5.17,0
1256,5,0,3,Artist,65,67,91,81,97,99,75,83.5,80.33,78.0,89.0,82.14,20.54,3.17,0
1257,2,0,34,Software Engineer,98,80,70,60,88,65,92,79.0,79.0,84.0,74.0,79.0,2.26,0.0,0
1258,6,1,2,Business Owner,70,89,78,87,87,62,85,80.5,78.67,74.0,87.0,79.71,26.57,1.83,0
1259,2,0,17,Software Engineer,97,97,90,69,75,68,70,82.75,78.33,93.5,72.0,80.86,4.49,4.42,0
1260,1,0,18,Accountant,80,71,89,81,75,81,63,81.25,71.67,84.5,78.0,77.14,4.06,9.58,0
1261,2,0,16,Writer,70,75,79,77,65,92,78,72.75,81.67,74.5,71.0,76.57,4.5,-8.92,0
1262,3,1,21,Doctor,96,79,92,85,95,69,65,92.0,71.0,94.0,90.0,83.0,3.77,21.0,0
1263,1,0,24,Software Engineer,99,62,65,67,97,73,96,82.0,77.0,82.0,82.0,79.86,3.19,5.0,0
1265,4,1,24,Stock Investor,86,68,98,87,61,78,96,83.0,80.67,92.0,74.0,82.0,3.28,2.33,0
1266,5,0,27,Construction Engineer,98,100,100,81,73,75,99,88.0,91.33,99.0,77.0,89.43,3.19,-3.33,0
1267,3,0,14,Government Officer,88,74,88,92,83,71,89,87.75,78.0,88.0,87.5,83.57,5.57,9.75,0
1268,8,0,30,Software Engineer,89,65,71,96,65,63,100,80.25,76.0,80.0,80.5,78.43,2.53,4.25,1
1269,1,0,24,Lawyer,88,100,89,87,76,89,85,85.0,91.33,88.5,81.5,87.71,3.51,-6.33,0
1270,4,0,0,Business Owner,78,73,89,86,69,84,97,80.5,84.67,83.5,77.5,82.29,82.29,-4.17,0
1271,3,0,35,Doctor,87,85,96,98,88,99,92,92.25,92.0,91.5,93.0,92.14,2.56,0.25,0
1272,2,0,21,Software Engineer,90,76,64,88,80,75,70,80.5,73.67,77.0,84.0,77.57,3.53,6.83,0
1273,1,0,15,Accountant,88,67,90,89,49,85,63,79.0,71.67,89.0,69.0,75.86,4.74,7.33,0
1274,1,0,5,Game Developer,99,72,90,83,90,99,97,90.5,89.33,94.5,86.5,90.0,15.0,1.17,0
1275,10,0,3,Business Owner,41,99,84,63,92,72,81,70.0,84.0,62.5,77.5,76.0,19.0,-14.0,1
1276,4,0,8,Government Officer,98,90,70,97,69,79,74,83.5,81.0,84.0,83.0,82.43,9.16,2.5,0
1277,0,0,1,Game Developer,91,66,91,62,82,69,62,81.5,65.67,91.0,72.0,74.71,37.35,15.83,0
1278,9,1,5,Business Owner,68,72,92,51,96,88,81,76.75,80.33,80.0,73.5,78.29,13.05,-3.58,1
1279,1,1,26,Banker,79,100,79,60,100,84,93,79.5,92.33,79.0,80.0,85.0,3.15,-12.83,0
1280,2,0,24,Banker,77,66,61,98,90,95,73,81.5,78.0,69.0,94.0,80.0,3.2,3.5,0
1281,5,0,24,Banker,89,100,90,81,86,80,92,86.5,90.67,89.5,83.5,88.29,3.53,-4.17,0
1282,0,1,9,Real Estate Developer,94,69,80,66,62,61,88,75.5,72.67,87.0,64.0,74.29,7.43,2.83,0
1283,2,0,3,Artist,80,85,85,60,77,90,81,75.5,85.33,82.5,68.5,79.71,19.93,-9.83,0
1284,2,0,1,Artist,79,88,97,94,89,82,97,89.75,89.0,88.0,91.5,89.43,44.72,0.75,0
1285,2,0,15,Banker,92,65,88,78,67,95,96,81.25,85.33,90.0,72.5,83.0,5.19,-4.08,0
1286,5,0,32,Banker,85,62,92,89,92,75,78,89.5,71.67,88.5,90.5,81.86,2.48,17.83,0
1287,3,0,26,Accountant,75,83,66,70,57,77,96,67.0,85.33,70.5,63.5,74.86,2.77,-18.33,0
1288,5,1,32,Software Engineer,88,65,75,73,66,98,81,75.5,81.33,81.5,69.5,78.0,2.36,-5.83,0
1289,0,0,35,Banker,93,89,88,86,85,89,95,88.0,91.0,90.5,85.5,89.29,2.48,-3.0,0
1290,3,0,2,Game Developer,86,93,91,64,69,71,64,77.5,76.0,88.5,66.5,76.86,25.62,1.5,0
1291,1,0,13,Government Officer,62,91,92,61,85,98,72,75.0,87.0,77.0,73.0,80.14,5.72,-12.0,0
1292,2,1,20,Stock Investor,82,74,80,60,96,76,99,79.5,83.0,81.0,78.0,81.0,3.86,-3.5,0
1293,5,0,5,Artist,83,94,77,97,78,60,85,83.75,79.67,80.0,87.5,82.0,13.67,4.08,0
1294,1,0,5,Real Estate Developer,98,75,62,64,68,80,79,73.0,78.0,80.0,66.0,75.14,12.52,-5.0,0
1295,2,0,34,Banker,84,74,90,99,90,92,72,90.75,79.33,87.0,94.5,85.86,2.45,11.42,0
1296,6,0,34,Writer,91,75,82,68,88,98,88,82.25,87.0,86.5,78.0,84.29,2.41,-4.75,0
1297,2,0,21,Construction Engineer,83,81,96,62,66,90,91,76.75,87.33,89.5,64.0,81.29,3.7,-10.58,0
1298,4,0,27,Accountant,83,63,84,82,78,60,71,81.75,64.67,83.5,80.0,74.43,2.66,17.08,0
1299,0,0,31,Software Engineer,90,72,62,84,74,75,100,77.5,82.33,76.0,79.0,79.57,2.49,-4.83,0
1300,4,0,31,Lawyer,81,92,97,73,90,90,60,85.25,80.67,89.0,81.5,83.29,2.6,4.58,0
1301,3,0,12,Teacher,89,67,87,61,91,80,76,82.0,74.33,88.0,76.0,78.71,6.05,7.67,0
1302,2,0,13,Construction Engineer,97,65,96,92,91,66,74,94.0,68.33,96.5,91.5,83.0,5.93,25.67,0
1303,3,0,28,Accountant,97,88,88,79,100,74,83,91.0,81.67,92.5,89.5,87.0,3.0,9.33,0
1304,5,0,27,Software Engineer,100,89,98,81,78,91,87,89.25,89.0,99.0,79.5,89.14,3.18,0.25,0
1305,3,0,4,Game Developer,98,63,82,61,79,70,86,80.0,73.0,90.0,70.0,77.0,15.4,7.0,0
1306,2,0,33,Software Engineer,97,98,83,87,60,78,70,81.75,82.0,90.0,73.5,81.86,2.41,-0.25,0
1307,4,0,18,Accountant,78,80,73,91,34,73,60,69.0,71.0,75.5,62.5,69.86,3.68,-2.0,1
1308,0,0,29,Lawyer,100,92,67,89,90,83,89,86.5,88.0,83.5,89.5,87.14,2.9,-1.5,0
1309,1,0,13,Writer,92,77,89,97,61,93,82,84.75,84.0,90.5,79.0,84.43,6.03,0.75,0
1310,4,0,5,Game Developer,81,95,84,85,82,62,63,83.0,73.33,82.5,83.5,78.86,13.14,9.67,0
1311,6,0,15,Software Engineer,98,67,74,94,94,96,85,90.0,82.67,86.0,94.0,86.86,5.43,7.33,0
1313,3,0,27,Accountant,95,88,85,86,76,78,81,85.5,82.33,90.0,81.0,84.14,3.0,3.17,0
1314,1,0,22,Banker,87,90,80,88,71,95,81,81.5,88.67,83.5,79.5,84.57,3.68,-7.17,0
1315,5,1,24,Accountant,85,85,67,91,75,93,81,79.5,86.33,76.0,83.0,82.43,3.3,-6.83,0
1316,6,0,27,Banker,96,72,66,80,72,83,98,78.5,84.33,81.0,76.0,81.0,2.89,-5.83,0
1317,2,0,25,Accountant,83,63,66,67,60,60,61,69.0,61.33,74.5,63.5,65.71,2.53,7.67,1
1318,3,0,17,Construction Engineer,89,92,88,99,92,62,71,92.0,75.0,88.5,95.5,84.71,4.71,17.0,0
1319,1,0,14,Construction Engineer,90,73,98,72,69,84,86,82.25,81.0,94.0,70.5,81.71,5.45,1.25,0
1320,5,0,14,Banker,99,72,74,88,90,81,95,87.75,82.67,86.5,89.0,85.57,5.7,5.08,0
1321,1,0,3,Government Officer,62,67,96,67,82,65,73,76.75,68.33,79.0,74.5,73.14,18.28,8.42,0
1322,7,0,5,Business Owner,42,79,79,59,61,87,65,60.25,77.0,60.5,60.0,67.43,11.24,-16.75,1
1323,10,1,2,Business Owner,46,52,87,80,76,73,76,72.25,67.0,66.5,78.0,70.0,23.33,5.25,1
1324,3,0,4,Game Developer,92,63,100,97,91,87,68,95.0,72.67,96.0,94.0,85.43,17.09,22.33,0
1325,10,0,33,Lawyer,94,89,96,98,61,95,67,87.25,83.67,95.0,79.5,85.71,2.52,3.58,1
1326,2,0,31,Banker,89,99,89,71,74,94,78,80.75,90.33,89.0,72.5,84.86,2.65,-9.58,0
1327,1,0,16,Construction Engineer,90,100,98,95,97,74,63,95.0,79.0,94.0,96.0,88.14,5.18,16.0,0
1329,7,1,5,Business Owner,40,51,67,63,98,54,79,67.0,61.33,53.5,80.5,64.57,10.76,5.67,1
1330,10,0,3,Business Owner,42,92,60,54,68,69,76,56.0,79.0,51.0,61.0,65.86,16.46,-23.0,1
1331,8,0,4,Business Owner,82,91,69,61,79,76,83,72.75,83.33,75.5,70.0,77.29,15.46,-10.58,1
1332,1,1,29,Accountant,82,93,67,79,84,90,64,78.0,82.33,74.5,81.5,79.86,2.66,-4.33,0
1334,2,0,16,Teacher,80,62,66,88,75,98,68,77.25,76.0,73.0,81.5,76.71,4.51,1.25,0
1335,0,0,23,Software Engineer,87,90,92,62,96,77,80,84.25,82.33,89.5,79.0,83.43,3.48,1.92,0
1336,3,0,28,Software Engineer,91,98,60,88,63,78,95,75.5,90.33,75.5,75.5,81.86,2.82,-14.83,0
1337,7,0,31,Lawyer,100,94,94,87,65,83,95,86.5,90.67,97.0,76.0,88.29,2.76,-4.17,0
1338,9,0,5,Business Owner,56,60,88,96,57,68,76,74.25,68.0,72.0,76.5,71.57,11.93,6.25,1
1339,2,0,6,Stock Investor,84,86,96,95,75,61,99,87.5,82.0,90.0,85.0,85.14,12.16,5.5,0
1340,1,0,33,Lawyer,86,86,64,61,97,97,91,77.0,91.33,75.0,79.0,83.14,2.45,-14.33,0
1341,7,0,0,Business Owner,79,67,72,50,75,95,62,69.0,74.67,75.5,62.5,71.43,71.43,-5.67,1
1342,6,1,19,Software Engineer,99,78,61,64,75,66,76,74.75,73.33,80.0,69.5,74.14,3.71,1.42,0
1343,2,0,26,Accountant,95,79,95,62,69,82,94,80.25,85.0,95.0,65.5,82.29,3.05,-4.75,0
1344,1,0,3,Artist,65,67,90,99,93,91,99,86.75,85.67,77.5,96.0,86.29,21.57,1.08,0
1346,5,0,24,Doctor,99,82,81,98,86,85,85,91.0,84.0,90.0,92.0,88.0,3.52,7.0,0
1347,5,0,1,Artist,88,62,65,98,92,64,82,85.75,69.33,76.5,95.0,78.71,39.35,16.42,0
1348,1,0,25,Software Engineer,100,87,88,100,89,98,71,94.25,85.33,94.0,94.5,90.43,3.48,8.92,0
1350,10,0,3,Business Owner,84,75,61,87,86,67,93,79.5,78.33,72.5,86.5,79.0,19.75,1.17,1
1351,3,1,14,Teacher,60,61,71,60,69,91,84,65.0,78.67,65.5,64.5,70.86,4.72,-13.67,1
1352,9,0,31,Stock Investor,96,76,74,92,96,74,99,89.5,83.0,85.0,94.0,86.71,2.71,6.5,1
1353,2,1,9,Real Estate Developer,58,81,100,97,74,90,87,82.25,86.0,79.0,85.5,83.86,8.39,-3.75,0
1354,1,0,8,Teacher,90,67,73,82,66,75,90,77.75,77.33,81.5,74.0,77.57,8.62,0.42,0
1355,2,0,22,Accountant,75,80,65,80,55,86,95,68.75,87.0,70.0,67.5,76.57,3.33,-18.25,0
1356,3,0,11,Banker,76,82,74,79,81,93,72,77.5,82.33,75.0,80.0,79.57,6.63,-4.83,0
1357,10,0,2,Business Owner,81,100,64,61,91,76,93,74.25,89.67,72.5,76.0,80.86,26.95,-15.42,1
1360,9,0,4,Business Owner,89,100,72,73,78,67,91,78.0,86.0,80.5,75.5,81.43,16.29,-8.0,1
1361,4,0,35,Software Engineer,91,98,93,93,88,96,97,91.25,97.0,92.0,90.5,93.71,2.6,-5.75,0
1362,6,0,27,Doctor,85,72,80,85,94,96,87,86.0,85.0,82.5,89.5,85.57,3.06,1.0,0
1363,0,1,14,Accountant,81,84,69,99,55,68,73,76.0,75.0,75.0,77.0,75.57,5.04,1.0,0
1364,10,0,1,Business Owner,67,63,65,95,52,84,77,69.75,74.67,66.0,73.5,71.86,35.93,-4.92,1
1365,4,0,29,Doctor,86,71,86,93,99,92,77,91.0,80.0,86.0,96.0,86.29,2.88,11.0,0
1366,1,0,33,Lawyer,94,85,78,66,95,87,95,83.25,89.0,86.0,80.5,85.71,2.52,-5.75,0
1367,1,0,18,Writer,83,96,72,81,86,93,75,80.5,88.0,77.5,83.5,83.71,4.41,-7.5,0
1369,5,0,3,Business Owner,46,63,60,61,66,91,97,58.25,83.67,53.0,63.5,69.14,17.28,-25.42,1
1370,2,0,19,Software Engineer,95,92,73,94,73,70,94,83.75,85.33,84.0,83.5,84.43,4.22,-1.58,0
1371,1,0,31,Software Engineer,88,68,81,68,73,61,93,77.5,74.0,84.5,70.5,76.0,2.38,3.5,0
1372,5,1,28,Stock Investor,90,73,78,72,63,88,72,75.75,77.67,84.0,67.5,76.57,2.64,-1.92,0
1373,10,0,11,Construction Engineer,100,60,87,60,86,93,75,83.25,76.0,93.5,73.0,80.14,6.68,7.25,1
1374,1,0,16,Designer,76,76,92,86,79,85,78,83.25,79.67,84.0,82.5,81.71,4.81,3.58,0
1375,3,0,4,Artist,73,73,81,78,82,85,66,78.5,74.67,77.0,80.0,76.86,15.37,3.83,0
1376,1,0,15,Banker,96,95,67,88,68,93,75,79.75,87.67,81.5,78.0,83.14,5.2,-7.92,0
1377,4,0,31,Writer,85,87,99,65,66,95,77,78.75,86.33,92.0,65.5,82.0,2.56,-7.58,0
1378,4,0,29,Software Engineer,91,93,62,63,100,85,85,79.0,87.67,76.5,81.5,82.71,2.76,-8.67,0
1380,1,0,29,Designer,79,69,78,78,99,61,87,83.5,72.33,78.5,88.5,78.71,2.62,11.17,0
1381,2,0,23,Software Engineer,99,75,79,87,63,90,90,82.0,85.0,89.0,75.0,83.29,3.47,-3.0,0
1382,2,0,32,Scientist,81,64,81,92,87,84,95,85.25,81.0,81.0,89.5,83.43,2.53,4.25,0
1383,5,0,9,Teacher,91,87,71,98,93,83,81,88.25,83.67,81.0,95.5,86.29,8.63,4.58,0
1384,3,0,16,Software Engineer,91,84,95,97,88,70,77,92.75,77.0,93.0,92.5,86.0,5.06,15.75,0
1385,2,0,29,Software Engineer,100,79,77,61,79,70,69,79.25,72.67,88.5,70.0,76.43,2.55,6.58,0
1386,3,1,5,Artist,60,69,80,87,100,93,92,81.75,84.67,70.0,93.5,83.0,13.83,-2.92,0
1387,3,0,14,Software Engineer,90,95,68,75,71,68,95,76.0,86.0,79.0,73.0,80.29,5.35,-10.0,0
1388,2,0,20,Banker,94,88,78,99,65,76,68,84.0,77.33,86.0,82.0,81.14,3.86,6.67,0
1389,2,0,28,Software Engineer,90,79,64,93,81,63,76,82.0,72.67,77.0,87.0,78.0,2.69,9.33,0
1390,2,0,13,Banker,78,89,83,80,67,90,93,77.0,90.67,80.5,73.5,82.86,5.92,-13.67,0
1391,9,1,3,Business Owner,40,73,88,95,64,61,92,71.75,75.33,64.0,79.5,73.29,18.32,-3.58,1
1392,5,0,26,Banker,97,84,70,90,97,95,87,88.5,88.67,83.5,93.5,88.57,3.28,-0.17,0
1393,3,0,8,Stock Investor,84,98,71,62,89,86,67,76.5,83.67,77.5,75.5,79.57,8.84,-7.17,0
1394,3,0,4,Business Owner,64,66,56,59,68,68,84,61.75,72.67,60.0,63.5,66.43,13.29,-10.92,1
1395,4,1,20,Software Engineer,89,88,86,77,87,88,78,84.75,84.67,87.5,82.0,84.71,4.03,0.08,0
1396,3,0,34,Construction Engineer,99,93,98,74,87,88,78,89.5,86.33,98.5,80.5,88.14,2.52,3.17,0
1397,2,0,42,Doctor,85,96,98,85,95,96,97,90.75,96.33,91.5,90.0,93.14,2.17,-5.58,0
1398,6,0,4,Game Developer,89,78,89,91,76,96,81,86.25,85.0,89.0,83.5,85.71,17.14,1.25,0
1399,6,1,14,Software Engineer,97,92,64,93,60,63,90,78.5,81.67,80.5,76.5,79.86,5.32,-3.17,0
1400,1,0,29,Construction Engineer,86,100,86,96,73,60,77,85.25,79.0,86.0,84.5,82.57,2.75,6.25,0
1401,3,0,34,Lawyer,72,86,69,81,67,98,72,72.25,85.33,70.5,74.0,77.86,2.22,-13.08,0
1402,3,0,1,Artist,63,78,97,67,72,64,67,74.75,69.67,80.0,69.5,72.57,36.28,5.08,1
1403,5,0,27,Software Engineer,99,78,92,65,90,96,96,86.5,90.0,95.5,77.5,88.0,3.14,-3.5,0
1404,4,0,30,Banker,81,85,64,61,86,80,83,73.0,82.67,72.5,73.5,77.14,2.49,-9.67,0
1405,10,0,33,Lawyer,72,80,84,91,96,93,74,85.75,82.33,78.0,93.5,84.29,2.48,3.42,1
1406,1,0,15,Teacher,94,98,65,98,78,96,86,83.75,93.33,79.5,88.0,87.86,5.49,-9.58,0
1407,2,0,5,Real Estate Developer,58,71,73,65,63,85,64,64.75,73.33,65.5,64.0,68.43,11.4,-8.58,1
1409,1,0,28,Doctor,89,76,100,100,99,68,79,97.0,74.33,94.5,99.5,87.29,3.01,22.67,0
1410,9,0,1,Business Owner,96,58,65,62,76,93,77,74.75,76.0,80.5,69.0,75.29,37.65,-1.25,1
1411,2,0,22,Doctor,96,73,80,99,91,82,91,91.5,82.0,88.0,95.0,87.43,3.8,9.5,0
1413,2,0,34,Software Engineer,93,65,81,94,92,60,100,90.0,75.0,87.0,93.0,83.57,2.39,15.0,0
1414,3,0,33,Stock Investor,93,63,69,97,64,82,83,80.75,76.0,81.0,80.5,78.71,2.32,4.75,0
1415,10,1,3,Business Owner,58,65,72,98,56,59,81,71.0,68.33,65.0,77.0,69.86,17.46,2.67,1
1416,1,0,0,Business Owner,73,85,84,88,78,87,76,80.75,82.67,78.5,83.0,81.57,81.57,-1.92,0
1417,9,0,3,Business Owner,93,51,58,70,63,64,89,71.0,68.0,75.5,66.5,69.71,17.43,3.0,1
1418,0,0,20,Accountant,92,66,77,96,92,62,90,89.25,72.67,84.5,94.0,82.14,3.91,16.58,0
1419,1,0,18,Software Engineer,99,99,69,92,95,79,81,88.75,86.33,84.0,93.5,87.71,4.62,2.42,0
1420,1,0,35,Designer,99,96,99,91,94,92,99,95.75,95.67,99.0,92.5,95.71,2.66,0.08,0
1421,2,0,3,Business Owner,73,70,80,74,71,90,80,74.5,80.0,76.5,72.5,76.86,19.22,-5.5,0
1423,4,0,32,Doctor,86,78,81,87,99,71,97,88.25,82.0,83.5,93.0,85.57,2.59,6.25,0
1424,1,0,30,Software Engineer,89,93,71,84,63,61,76,76.75,76.67,80.0,73.5,76.71,2.47,0.08,0
1425,7,0,3,Game Developer,96,64,85,86,93,92,65,90.0,73.67,90.5,89.5,83.0,20.75,16.33,0
1426,2,1,19,Software Engineer,90,73,71,68,74,87,66,75.75,75.33,80.5,71.0,75.57,3.78,0.42,0
1427,2,0,9,Teacher,98,65,66,87,78,84,91,82.25,80.0,82.0,82.5,81.29,8.13,2.25,0
1428,3,0,26,Lawyer,85,87,85,69,80,99,93,79.75,93.0,85.0,74.5,85.43,3.16,-13.25,0
1429,1,0,28,Software Engineer,85,96,100,75,63,87,89,80.75,90.67,92.5,69.0,85.0,2.93,-9.92,0
1430,1,0,35,Banker,89,94,92,98,92,92,99,92.75,95.0,90.5,95.0,93.71,2.6,-2.25,0
1431,4,0,32,Banker,93,97,93,66,83,88,79,83.75,88.0,93.0,74.5,85.57,2.59,-4.25,0
1432,2,0,35,Software Engineer,96,91,95,88,89,85,92,92.0,89.33,95.5,88.5,90.86,2.52,2.67,0
1433,3,0,26,Designer,84,64,98,100,89,79,96,92.75,79.67,91.0,94.5,87.14,3.23,13.08,0
1434,3,0,14,Banker,76,97,99,83,74,94,99,83.0,96.67,87.5,78.5,88.86,5.92,-13.67,0
1435,4,0,26,Banker,80,78,71,69,76,97,77,74.0,84.0,75.5,72.5,78.29,2.9,-10.0,0
1436,5,1,3,Real Estate Developer,63,77,89,79,79,60,81,77.5,72.67,76.0,79.0,75.43,18.86,4.83,1
1437,1,0,33,Construction Engineer,90,86,100,90,76,66,83,89.0,78.33,95.0,83.0,84.43,2.48,10.67,0
1438,1,0,35,Banker,85,93,85,91,86,94,89,86.75,92.0,85.0,88.5,89.0,2.47,-5.25,0
1440,2,0,23,Designer,74,90,90,80,91,92,100,83.75,94.0,82.0,85.5,88.14,3.67,-10.25,0
1441,2,1,27,Lawyer,83,89,95,70,95,80,70,85.75,79.67,89.0,82.5,83.14,2.97,6.08,0
1442,6,0,31,Software Engineer,87,96,79,79,74,86,85,79.75,89.0,83.0,76.5,83.71,2.62,-9.25,0
1443,1,0,26,Banker,90,77,84,70,77,86,70,80.25,77.67,87.0,73.5,79.14,2.93,2.58,0
1444,4,0,1,Real Estate Developer,73,71,95,63,62,85,99,73.25,85.0,84.0,62.5,78.29,39.15,-11.75,0
1445,2,0,7,Teacher,79,78,100,90,89,80,68,89.5,75.33,89.5,89.5,83.43,10.43,14.17,0
1446,1,1,4,Real Estate Developer,62,84,74,74,66,61,90,69.0,78.33,68.0,70.0,73.0,14.6,-9.33,1
1447,0,0,31,Software Engineer,87,78,96,84,97,89,82,91.0,83.0,91.5,90.5,87.57,2.74,8.0,0
1448,7,1,23,Accountant,81,83,79,94,37,84,71,72.75,79.33,80.0,65.5,75.57,3.15,-6.58,0
1450,10,0,1,Business Owner,90,50,84,90,83,62,100,86.75,70.67,87.0,86.5,79.86,39.93,16.08,1
1451,3,0,4,Artist,75,69,97,98,60,60,85,82.5,71.33,86.0,79.0,77.71,15.54,11.17,0
1452,0,1,23,Construction Engineer,94,61,81,64,75,72,61,78.5,64.67,87.5,69.5,72.57,3.02,13.83,0
1453,3,0,15,Government Officer,91,68,62,82,70,92,73,76.25,77.67,76.5,76.0,76.86,4.8,-1.42,0
1454,2,0,24,Lawyer,96,88,68,95,67,95,75,81.5,86.0,82.0,81.0,83.43,3.34,-4.5,0
1455,2,0,31,Software Engineer,85,76,82,85,73,60,90,81.25,75.33,83.5,79.0,78.71,2.46,5.92,0
1456,4,0,29,Lawyer,71,93,90,89,69,94,79,79.75,88.67,80.5,79.0,83.57,2.79,-8.92,0
1457,3,0,49,Doctor,98,90,87,92,92,99,98,92.25,95.67,92.5,92.0,93.71,1.87,-3.42,0
1459,7,1,33,Accountant,99,82,69,84,79,88,67,82.75,79.0,84.0,81.5,81.14,2.39,3.75,0
1460,5,1,10,Designer,71,70,87,62,92,63,80,78.0,71.0,79.0,77.0,75.0,6.82,7.0,0
1461,1,0,13,Government Officer,74,76,81,69,98,96,65,80.5,79.0,77.5,83.5,79.86,5.7,1.5,0
1462,6,1,25,Banker,93,60,71,63,75,76,77,75.5,71.0,82.0,69.0,73.57,2.83,4.5,0
1463,2,0,35,Lawyer,89,90,99,91,94,96,85,93.25,90.33,94.0,92.5,92.0,2.56,2.92,0
1464,8,1,1,Business Owner,66,53,85,84,98,86,79,83.25,72.67,75.5,91.0,78.71,39.35,10.58,1
1465,1,0,29,Stock Investor,80,96,79,95,74,95,61,82.0,84.0,79.5,84.5,82.86,2.76,-2.0,0
1466,3,0,20,Software Engineer,97,93,67,85,90,72,96,84.75,87.0,82.0,87.5,85.71,4.08,-2.25,0
1467,3,0,49,Doctor,87,86,87,91,86,96,92,87.75,91.33,87.0,88.5,89.29,1.79,-3.58,0
1468,4,0,13,Teacher,77,87,83,81,60,92,76,75.25,85.0,80.0,70.5,79.43,5.67,-9.75,0
1470,2,1,18,Teacher,89,75,65,100,74,71,75,82.0,73.67,77.0,87.0,78.43,4.13,8.33,0
1471,1,0,23,Software Engineer,86,79,69,60,76,76,92,72.75,82.33,77.5,68.0,76.86,3.2,-9.58,0
1472,0,0,10,Real Estate Developer,82,86,91,68,80,62,81,80.25,76.33,86.5,74.0,78.57,7.14,3.92,0
1473,4,1,4,Artist,79,100,75,85,100,81,64,84.75,81.67,77.0,92.5,83.43,16.69,3.08,0
1474,1,0,11,Construction Engineer,89,70,92,100,100,95,65,95.25,76.67,90.5,100.0,87.29,7.27,18.58,0
1475,3,0,15,Teacher,77,73,67,67,88,89,99,74.75,87.0,72.0,77.5,80.0,5.0,-12.25,0
1476,1,1,16,Banker,95,79,85,73,74,86,68,81.75,77.67,90.0,73.5,80.0,4.71,4.08,0
1477,10,1,5,Business Owner,63,54,57,51,63,88,83,58.5,75.0,60.0,57.0,65.57,10.93,-16.5,1
1478,1,1,26,Software Engineer,98,85,95,92,74,79,63,89.75,75.67,96.5,83.0,83.71,3.1,14.08,0
1480,10,0,3,Business Owner,40,81,54,70,53,98,61,54.25,80.0,47.0,61.5,65.29,16.32,-25.75,1
1481,4,1,32,Software Engineer,89,84,84,100,77,62,69,87.5,71.67,86.5,88.5,80.71,2.45,15.83,0
1482,5,0,24,Doctor,86,75,97,93,88,74,97,91.0,82.0,91.5,90.5,87.14,3.49,9.0,0
1483,3,1,20,Software Engineer,99,77,60,99,100,83,72,89.5,77.33,79.5,99.5,84.29,4.01,12.17,0
1484,5,1,1,Business Owner,67,61,61,82,69,87,97,69.75,81.67,64.0,75.5,74.86,37.43,-11.92,0
1485,9,0,0,Business Owner,43,87,81,61,65,53,84,62.5,74.67,62.0,63.0,67.71,67.71,-12.17,1
1486,8,1,5,Business Owner,40,97,92,93,92,65,82,79.25,81.33,66.0,92.5,80.14,13.36,-2.08,1
1487,2,0,5,Business Owner,65,93,67,73,57,72,97,65.5,87.33,66.0,65.0,74.86,12.48,-21.83,0
1488,6,0,1,Business Owner,96,92,64,54,87,60,88,75.25,80.0,80.0,70.5,77.29,38.65,-4.75,0
1489,1,1,27,Software Engineer,96,92,80,61,66,98,70,75.75,86.67,88.0,63.5,80.43,2.87,-10.92,0
1490,1,0,29,Lawyer,90,84,90,81,92,83,69,88.25,78.67,90.0,86.5,84.14,2.8,9.58,0
1491,9,0,4,Business Owner,85,57,77,81,65,75,85,77.0,72.33,81.0,73.0,75.0,15.0,4.67,1
1492,8,1,4,Business Owner,92,96,80,98,61,84,74,82.75,84.67,86.0,79.5,83.57,16.71,-1.92,1
1493,3,0,21,Doctor,100,82,84,100,90,62,87,93.5,77.0,92.0,95.0,86.43,3.93,16.5,0
1494,3,0,31,Stock Investor,94,63,98,73,63,98,100,82.0,87.0,96.0,68.0,84.14,2.63,-5.0,0
1495,3,0,15,Banker,85,76,94,89,85,83,80,88.25,79.67,89.5,87.0,84.57,5.29,8.58,0
1496,0,0,30,Lawyer,80,84,82,69,91,80,96,80.5,86.67,81.0,80.0,83.14,2.68,-6.17,0
1497,1,0,31,Software Engineer,99,61,91,73,89,62,82,88.0,68.33,95.0,81.0,79.57,2.49,19.67,0
1498,7,0,23,Writer,70,91,81,61,64,93,96,69.0,93.33,75.5,62.5,79.43,3.31,-24.33,0
1499,1,0,23,Designer,62,72,78,96,70,74,72,76.5,72.67,70.0,83.0,74.86,3.12,3.83,0
1500,0,0,27,Software Engineer,94,97,73,79,84,66,64,82.5,75.67,83.5,81.5,79.57,2.84,6.83,0
1501,3,1,5,Real Estate Developer,79,93,100,83,78,80,87,85.0,86.67,89.5,80.5,85.71,14.28,-1.67,0
1502,10,0,4,Business Owner,47,75,53,60,90,59,86,62.5,73.33,50.0,75.0,67.14,13.43,-10.83,1
1503,9,0,21,Banker,100,73,70,71,73,96,67,78.5,78.67,85.0,72.0,78.57,3.57,-0.17,1
1504,5,0,26,Banker,90,69,75,98,70,75,80,83.25,74.67,82.5,84.0,79.57,2.95,8.58,0
1505,2,0,13,Teacher,63,94,65,98,69,90,85,73.75,89.67,64.0,83.5,80.57,5.76,-15.92,0
1507,4,0,25,Software Engineer,95,94,69,73,71,93,71,77.0,86.0,82.0,72.0,80.86,3.11,-9.0,0
1509,2,0,29,Construction Engineer,87,86,95,92,91,79,64,91.25,76.33,91.0,91.5,84.86,2.83,14.92,0
1510,4,0,1,Real Estate Developer,89,100,81,62,75,68,71,76.75,79.67,85.0,68.5,78.0,39.0,-2.92,0
1511,2,0,11,Stock Investor,89,65,82,77,90,76,84,84.5,75.0,85.5,83.5,80.43,6.7,9.5,0
1512,1,0,26,Lawyer,90,100,89,69,100,95,94,87.0,96.33,89.5,84.5,91.0,3.37,-9.33,0
1513,0,0,12,Teacher,99,75,71,90,92,78,69,88.0,74.0,85.0,91.0,82.0,6.31,14.0,0
1514,0,0,32,Software Engineer,91,75,77,95,80,95,88,85.75,86.0,84.0,87.5,85.86,2.6,-0.25,0
1515,5,0,28,Accountant,75,99,60,90,51,77,84,69.0,86.67,67.5,70.5,76.57,2.64,-17.67,0
1517,6,0,17,Software Engineer,90,64,79,66,96,61,81,82.75,68.67,84.5,81.0,76.71,4.26,14.08,0
1518,2,0,31,Software Engineer,93,74,80,79,70,66,91,80.5,77.0,86.5,74.5,79.0,2.47,3.5,0
1519,2,1,25,Accountant,93,74,96,69,71,82,76,82.25,77.33,94.5,70.0,80.14,3.08,4.92,0
1520,7,0,14,Software Engineer,92,74,90,87,89,94,87,89.5,85.0,91.0,88.0,87.57,5.84,4.5,0
1521,2,0,2,Game Developer,86,60,91,82,73,77,64,83.0,67.0,88.5,77.5,76.14,25.38,16.0,0
1522,10,0,5,Business Owner,64,69,85,99,76,98,60,81.0,75.67,74.5,87.5,78.71,13.12,5.33,1
1523,2,0,2,Artist,91,87,84,91,96,88,82,90.5,85.67,87.5,93.5,88.43,29.48,4.83,0
1524,3,0,33,Scientist,76,66,96,86,85,62,68,85.75,65.33,86.0,85.5,77.0,2.26,20.42,0
1526,1,0,5,Artist,63,86,72,72,90,75,92,74.25,84.33,67.5,81.0,78.57,13.1,-10.08,0
1527,3,0,23,Software Engineer,94,61,72,70,87,82,76,80.75,73.0,83.0,78.5,77.43,3.23,7.75,0
1528,10,0,2,Business Owner,70,75,59,91,53,97,95,68.25,89.0,64.5,72.0,77.14,25.71,-20.75,1
1529,3,0,23,Banker,83,69,66,95,93,77,77,84.25,74.33,74.5,94.0,80.0,3.33,9.92,0
1530,6,0,3,Business Owner,50,61,50,96,70,58,86,66.5,68.33,50.0,83.0,67.29,16.82,-1.83,1
1531,0,0,48,Doctor,99,89,96,98,89,98,93,95.5,93.33,97.5,93.5,94.57,1.93,2.17,0
1532,3,0,32,Banker,76,85,62,65,79,81,61,70.5,75.67,69.0,72.0,72.71,2.2,-5.17,0
1533,4,1,3,Business Owner,71,66,52,99,87,89,70,77.25,75.0,61.5,93.0,76.29,19.07,2.25,0
1535,4,0,21,Software Engineer,87,74,81,65,74,91,82,76.75,82.33,84.0,69.5,79.14,3.6,-5.58,0
1536,10,0,0,Business Owner,93,84,65,56,67,92,81,70.25,85.67,79.0,61.5,76.86,76.86,-15.42,1
1537,0,0,25,Lawyer,87,87,69,71,74,91,74,75.25,84.0,78.0,72.5,79.0,3.04,-8.75,0
1538,3,0,10,Government Officer,93,68,61,78,80,65,77,78.0,70.0,77.0,79.0,74.57,6.78,8.0,0
1539,1,0,4,Game Developer,96,64,91,69,60,62,62,79.0,62.67,93.5,64.5,72.0,14.4,16.33,0
1541,8,0,0,Business Owner,50,80,100,81,61,68,72,73.0,73.33,75.0,71.0,73.14,73.14,-0.33,1
1543,0,1,16,Construction Engineer,99,88,88,90,82,88,90,89.75,88.67,93.5,86.0,89.29,5.25,1.08,0
1544,4,0,12,Stock Investor,100,67,100,60,94,72,70,88.5,69.67,100.0,77.0,80.43,6.19,18.83,0
1545,9,0,4,Business Owner,77,59,60,98,74,76,60,77.25,65.0,68.5,86.0,72.0,14.4,12.25,1
1546,3,1,23,Software Engineer,88,73,86,75,65,62,83,78.5,72.67,87.0,70.0,76.0,3.17,5.83,0
1547,6,0,15,Accountant,88,99,64,79,52,75,92,70.75,88.67,76.0,65.5,78.43,4.9,-17.92,0
1548,2,0,31,Stock Investor,99,88,97,97,71,67,79,91.0,78.0,98.0,84.0,85.43,2.67,13.0,0
1549,8,0,3,Business Owner,50,88,58,78,83,97,88,67.25,91.0,54.0,80.5,77.43,19.36,-23.75,1
1551,5,0,35,Banker,89,86,96,92,97,89,95,93.5,90.0,92.5,94.5,92.0,2.56,3.5,0
1552,5,0,27,Designer,93,97,77,70,81,83,87,80.25,89.0,85.0,75.5,84.0,3.0,-8.75,0
1553,5,0,32,Software Engineer,96,83,67,86,81,92,73,82.5,82.67,81.5,83.5,82.57,2.5,-0.17,0
1554,4,0,24,Software Engineer,92,98,93,60,74,84,97,79.75,93.0,92.5,67.0,85.43,3.42,-13.25,0
1555,3,1,29,Software Engineer,99,72,65,66,71,85,83,75.25,80.0,82.0,68.5,77.29,2.58,-4.75,0
1556,10,1,4,Business Owner,86,59,81,55,77,69,87,74.75,71.67,83.5,66.0,73.43,14.69,3.08,1
1557,4,0,17,Software Engineer,91,92,95,90,73,75,95,87.25,87.33,93.0,81.5,87.29,4.85,-0.08,0
1558,3,0,18,Banker,95,91,74,61,94,86,87,81.0,88.0,84.5,77.5,84.0,4.42,-7.0,0
1559,5,0,15,Government Officer,61,94,87,74,92,79,97,78.5,90.0,74.0,83.0,83.43,5.21,-11.5,0
1560,1,0,32,Writer,65,89,70,71,74,97,64,70.0,83.33,67.5,72.5,75.71,2.29,-13.33,0
1561,7,0,3,Game Developer,94,97,97,75,79,68,92,86.25,85.67,95.5,77.0,86.0,21.5,0.58,0
1562,5,0,31,Designer,94,68,89,90,91,98,72,91.0,79.33,91.5,90.5,86.0,2.69,11.67,0
1563,5,1,3,Business Owner,56,67,87,97,88,57,86,82.0,70.0,71.5,92.5,76.86,19.22,12.0,1
1564,7,0,25,Software Engineer,89,63,88,73,78,84,74,82.0,73.67,88.5,75.5,78.43,3.02,8.33,0
1565,1,1,0,Real Estate Developer,65,70,100,66,71,61,61,75.5,64.0,82.5,68.5,70.57,70.57,11.5,1
1566,1,0,29,Stock Investor,91,96,63,81,97,74,66,83.0,78.67,77.0,89.0,81.14,2.7,4.33,0
1567,1,0,17,Banker,88,100,71,85,72,91,81,79.0,90.67,79.5,78.5,84.0,4.67,-11.67,0
1568,4,0,0,Business Owner,49,51,57,80,89,53,76,68.75,60.0,53.0,84.5,65.0,65.0,8.75,1
1569,5,0,25,Writer,73,94,74,72,80,98,100,74.75,97.33,73.5,76.0,84.43,3.25,-22.58,0
1570,2,0,23,Software Engineer,94,94,74,66,73,92,80,76.75,88.67,84.0,69.5,81.86,3.41,-11.92,0
1571,5,0,4,Business Owner,84,61,59,76,72,54,66,72.75,60.33,71.5,74.0,67.43,13.49,12.42,1
1572,7,1,11,Construction Engineer,97,91,91,61,68,77,97,79.25,88.33,94.0,64.5,83.14,6.93,-9.08,0
1574,2,0,48,Doctor,96,97,98,98,97,96,89,97.25,94.0,97.0,97.5,95.86,1.96,3.25,0
1575,4,1,0,Business Owner,44,98,53,68,94,91,84,64.75,91.0,48.5,81.0,76.0,76.0,-26.25,0
1576,7,1,12,Banker,97,64,90,69,88,83,77,86.0,74.67,93.5,78.5,81.14,6.24,11.33,0
1577,1,1,31,Banker,77,93,65,68,71,75,76,70.25,81.33,71.0,69.5,75.0,2.34,-11.08,0
1578,9,0,19,Accountant,89,99,96,72,84,62,98,85.25,86.33,92.5,78.0,85.71,4.29,-1.08,1
1579,0,0,17,Software Engineer,86,92,65,81,73,84,79,76.25,85.0,75.5,77.0,80.0,4.44,-8.75,0
1581,2,0,11,Teacher,61,75,95,62,93,92,87,77.75,84.67,78.0,77.5,80.71,6.73,-6.92,0
1582,6,0,2,Business Owner,81,90,75,83,70,55,62,77.25,69.0,78.0,76.5,73.71,24.57,8.25,0
1583,2,1,32,Doctor,90,99,94,91,92,85,64,91.75,82.67,92.0,91.5,87.86,2.66,9.08,0
1584,7,0,5,Game Developer,88,60,87,95,65,75,76,83.75,70.33,87.5,80.0,78.0,13.0,13.42,0
1585,5,1,23,Doctor,86,92,84,82,88,84,65,85.0,80.33,85.0,85.0,83.0,3.46,4.67,0
1586,8,0,14,Banker,78,75,82,91,86,76,69,84.25,73.33,80.0,88.5,79.57,5.3,10.92,1
1587,6,0,1,Business Owner,73,90,70,80,64,53,79,71.75,74.0,71.5,72.0,72.71,36.35,-2.25,0
1588,4,0,32,Scientist,98,82,91,93,85,75,78,91.75,78.33,94.5,89.0,86.0,2.61,13.42,0
1589,1,0,34,Scientist,81,79,100,88,81,64,95,87.5,79.33,90.5,84.5,84.0,2.4,8.17,0
1591,1,0,24,Lawyer,84,95,87,100,96,92,76,91.75,87.67,85.5,98.0,90.0,3.6,4.08,0
1592,5,0,32,Lawyer,81,90,82,80,98,81,91,85.25,87.33,81.5,89.0,86.14,2.61,-2.08,0
1593,2,0,21,Banker,100,77,90,83,88,91,80,90.25,82.67,95.0,85.5,87.0,3.95,7.58,0
1594,6,0,0,Business Owner,83,50,59,77,66,87,60,71.25,65.67,71.0,71.5,68.86,68.86,5.58,1
1595,6,0,34,Accountant,87,75,90,82,99,66,92,89.5,77.67,88.5,90.5,84.43,2.41,11.83,0
1596,2,0,14,Designer,96,94,60,62,86,79,79,76.0,84.0,78.0,74.0,79.43,5.3,-8.0,0
1597,3,0,25,Software Engineer,98,76,69,75,76,98,81,79.5,85.0,83.5,75.5,81.86,3.15,-5.5,0
1598,3,0,5,Game Developer,83,66,97,95,91,76,80,91.5,74.0,90.0,93.0,84.0,14.0,17.5,0
1599,10,0,3,Business Owner,86,59,83,81,100,82,99,87.5,80.0,84.5,90.5,84.29,21.07,7.5,1
1600,7,0,20,Designer,82,67,88,62,73,64,79,76.25,70.0,85.0,67.5,73.57,3.5,6.25,0
1601,1,1,26,Designer,82,98,78,63,83,91,94,76.5,94.33,80.0,73.0,84.14,3.12,-17.83,0
1602,9,0,2,Business Owner,100,71,70,86,80,91,62,84.0,74.67,85.0,83.0,80.0,26.67,9.33,1
1603,3,1,1,Real Estate Developer,100,80,88,81,93,93,84,90.5,85.67,94.0,87.0,88.43,44.22,4.83,0
1604,10,0,1,Business Owner,83,93,75,55,82,51,91,73.75,78.33,79.0,68.5,75.71,37.85,-4.58,1
1605,10,0,25,Banker,93,92,71,89,91,76,61,86.0,76.33,82.0,90.0,81.86,3.15,9.67,1
1606,5,0,35,Lawyer,86,86,100,86,94,87,85,91.5,86.0,93.0,90.0,89.14,2.48,5.5,0
1607,3,0,2,Business Owner,50,78,67,95,82,97,80,73.5,85.0,58.5,88.5,78.43,26.14,-11.5,0
1608,7,0,5,Business Owner,78,68,56,50,76,67,97,65.0,77.33,67.0,63.0,70.29,11.72,-12.33,1
1609,3,0,24,Software Engineer,91,69,82,87,100,93,100,90.0,87.33,86.5,93.5,88.86,3.55,2.67,0
1610,0,0,5,Artist,73,100,78,77,71,61,66,74.75,75.67,75.5,74.0,75.14,12.52,-0.92,0
1611,6,0,3,Game Developer,99,66,81,69,82,73,72,82.75,70.33,90.0,75.5,77.43,19.36,12.42,0
1612,6,0,5,Game Developer,88,82,99,65,83,65,98,83.75,81.67,93.5,74.0,82.86,13.81,2.08,0
1613,1,0,33,Lawyer,100,82,85,68,97,81,100,87.5,87.67,92.5,82.5,87.57,2.58,-0.17,0
1615,5,0,32,Banker,99,61,76,95,79,78,66,87.25,68.33,87.5,87.0,79.14,2.4,18.92,0
1616,0,1,14,Banker,81,99,85,72,67,78,69,76.25,82.0,83.0,69.5,78.71,5.25,-5.75,0
1617,3,0,47,Doctor,90,86,98,97,99,96,85,96.0,89.0,94.0,98.0,93.0,1.94,7.0,0
1619,5,1,3,Real Estate Developer,68,91,78,63,90,95,80,74.75,88.67,73.0,76.5,80.71,20.18,-13.92,0
1620,1,1,42,Doctor,93,90,93,89,92,93,100,91.75,94.33,93.0,90.5,92.86,2.16,-2.58,0
1621,1,0,22,Construction Engineer,94,95,80,60,89,93,88,80.75,92.0,87.0,74.5,85.57,3.72,-11.25,0
1622,7,0,1,Business Owner,88,96,74,90,82,70,83,83.5,83.0,81.0,86.0,83.29,41.64,0.5,0
1623,1,1,21,Banker,75,93,66,63,68,91,99,68.0,94.33,70.5,65.5,79.29,3.6,-26.33,0
1624,4,0,50,Doctor,99,89,87,90,87,90,95,90.75,91.33,93.0,88.5,91.0,1.78,-0.58,0
1625,7,0,29,Accountant,93,64,86,82,35,73,84,74.0,73.67,89.5,58.5,73.86,2.46,0.33,0
1626,4,0,31,Lawyer,73,95,78,79,84,89,96,78.5,93.33,75.5,81.5,84.86,2.65,-14.83,0
1627,6,0,5,Real Estate Developer,64,61,76,100,93,61,65,83.25,62.33,70.0,96.5,74.29,12.38,20.92,1
1628,1,1,25,Lawyer,76,87,98,88,94,86,64,89.0,79.0,87.0,91.0,84.71,3.26,10.0,0
1629,2,0,22,Stock Investor,91,93,82,81,95,91,70,87.25,84.67,86.5,88.0,86.14,3.75,2.58,0
1630,8,1,1,Business Owner,70,98,51,51,96,96,70,67.0,88.0,60.5,73.5,76.0,38.0,-21.0,1
1631,5,0,26,Doctor,90,92,95,85,93,69,65,90.75,75.33,92.5,89.0,84.14,3.12,15.42,0
1632,9,0,3,Business Owner,93,83,61,95,70,93,65,79.75,80.33,77.0,82.5,80.0,20.0,-0.58,1
1634,1,0,1,Business Owner,51,69,85,61,59,81,63,64.0,71.0,68.0,60.0,67.0,33.5,-7.0,1
1636,3,0,27,Accountant,96,64,76,97,81,87,99,87.5,83.33,86.0,89.0,85.71,3.06,4.17,0
1637,5,0,24,Software Engineer,93,75,84,66,74,99,66,79.25,80.0,88.5,70.0,79.57,3.18,-0.75,0
1639,2,0,47,Doctor,90,90,93,87,93,99,100,90.75,96.33,91.5,90.0,93.14,1.94,-5.58,0
1641,2,0,29,Software Engineer,89,90,72,98,96,84,87,88.75,87.0,80.5,97.0,88.0,2.93,1.75,0
1642,2,1,14,Software Engineer,86,99,90,61,66,96,87,75.75,94.0,88.0,63.5,83.57,5.57,-18.25,0
1643,5,0,4,Artist,80,61,89,98,73,90,88,85.0,79.67,84.5,85.5,82.71,16.54,5.33,0
1644,4,0,15,Software Engineer,93,77,85,95,60,99,67,83.25,81.0,89.0,77.5,82.29,5.14,2.25,0
1645,5,0,32,Software Engineer,87,91,86,96,65,77,83,83.5,83.67,86.5,80.5,83.57,2.53,-0.17,0
1646,7,0,33,Stock Investor,86,88,96,86,87,99,80,88.75,89.0,91.0,86.5,88.86,2.61,-0.25,0
1647,4,1,29,Software Engineer,87,80,97,98,91,64,97,93.25,80.33,92.0,94.5,87.71,2.92,12.92,0
1648,2,0,31,Lawyer,96,83,97,100,85,92,69,94.5,81.33,96.5,92.5,88.86,2.78,13.17,0
1649,5,0,29,Lawyer,90,89,70,90,83,82,87,83.25,86.0,80.0,86.5,84.43,2.81,-2.75,0
1650,5,0,0,Business Owner,89,65,65,91,76,91,92,80.25,82.67,77.0,83.5,81.29,81.29,-2.42,0
1651,6,0,1,Business Owner,98,62,75,72,81,73,93,81.5,76.0,86.5,76.5,79.14,39.57,5.5,0
1652,3,0,42,Doctor,99,100,87,96,93,92,88,93.75,93.33,93.0,94.5,93.57,2.18,0.42,0
1653,9,1,2,Business Owner,99,65,100,93,91,60,83,95.75,69.33,99.5,92.0,84.43,28.14,26.42,1
1654,3,0,1,Real Estate Developer,55,81,72,100,87,85,94,78.5,86.67,63.5,93.5,82.0,41.0,-8.17,0
1655,1,0,11,Government Officer,86,87,64,74,60,89,84,71.0,86.67,75.0,67.0,77.71,6.48,-15.67,0
1656,4,0,18,Software Engineer,89,65,60,70,86,62,74,76.25,67.0,74.5,78.0,72.29,3.8,9.25,0
1657,2,1,35,Software Engineer,94,97,90,93,85,95,92,90.5,94.67,92.0,89.0,92.29,2.56,-4.17,0
1658,1,0,1,Game Developer,85,61,100,75,70,89,80,82.5,76.67,92.5,72.5,80.0,40.0,5.83,0
1660,2,0,21,Banker,75,67,64,80,79,77,80,74.5,74.67,69.5,79.5,74.57,3.39,-0.17,0
1661,2,1,18,Construction Engineer,82,61,89,88,74,78,72,83.25,70.33,85.5,81.0,77.71,4.09,12.92,0
1662,6,0,5,Business Owner,41,53,64,62,79,50,65,61.5,56.0,52.5,70.5,59.14,9.86,5.5,1
1663,5,0,2,Business Owner,44,79,83,50,52,79,96,57.25,84.67,63.5,51.0,69.0,23.0,-27.42,1
1664,5,1,27,Lawyer,81,94,61,86,72,97,82,75.0,91.0,71.0,79.0,81.86,2.92,-16.0,0
1665,6,0,18,Banker,77,90,74,65,100,76,80,79.0,82.0,75.5,82.5,80.29,4.23,-3.0,0
1666,2,0,28,Software Engineer,97,97,70,94,66,83,66,81.75,82.0,83.5,80.0,81.86,2.82,-0.25,0
1667,5,0,1,Business Owner,66,83,79,65,57,61,86,66.75,76.67,72.5,61.0,71.0,35.5,-9.92,1
1668,7,0,42,Doctor,91,96,96,90,97,85,98,93.5,93.0,93.5,93.5,93.29,2.17,0.5,0
1669,8,0,21,Accountant,76,84,95,66,84,74,64,80.25,74.0,85.5,75.0,77.57,3.53,6.25,1
1670,4,0,31,Software Engineer,97,93,60,90,85,72,83,83.0,82.67,78.5,87.5,82.86,2.59,0.33,0
1671,8,0,34,Lawyer,83,94,93,62,92,98,94,82.5,95.33,88.0,77.0,88.0,2.51,-12.83,1
1672,1,1,5,Real Estate Developer,98,83,93,73,100,82,81,91.0,82.0,95.5,86.5,87.14,14.52,9.0,0
1673,3,0,46,Doctor,91,88,88,91,85,95,88,88.75,90.33,89.5,88.0,89.43,1.9,-1.58,0
1674,3,0,9,Government Officer,82,84,93,89,88,76,98,88.0,86.0,87.5,88.5,87.14,8.71,2.0,0
1675,5,0,26,Lawyer,77,86,62,85,72,98,90,74.0,91.33,69.5,78.5,81.43,3.02,-17.33,0
1676,3,0,31,Software Engineer,95,98,76,61,87,72,100,79.75,90.0,85.5,74.0,84.14,2.63,-10.25,0
1677,4,0,27,Writer,80,76,71,62,92,99,77,76.25,84.0,75.5,77.0,79.57,2.84,-7.75,0
1678,7,0,28,Software Engineer,89,79,97,61,64,79,72,77.75,76.67,93.0,62.5,77.29,2.67,1.08,0
1679,3,1,5,Government Officer,69,87,91,82,86,77,80,82.0,81.33,80.0,84.0,81.71,13.62,0.67,0
1680,2,0,4,Business Owner,76,72,58,66,66,62,60,66.5,64.67,67.0,66.0,65.71,13.14,1.83,1
1681,1,0,33,Doctor,85,97,95,97,98,84,94,93.75,91.67,90.0,97.5,92.86,2.73,2.08,0
1682,3,0,16,Banker,79,100,72,89,68,99,76,77.0,91.67,75.5,78.5,83.29,4.9,-14.67,0
1683,1,0,15,Teacher,85,76,63,62,74,82,96,71.0,84.67,74.0,68.0,76.86,4.8,-13.67,0
1684,7,0,10,Government Officer,78,69,87,93,83,94,75,85.25,79.33,82.5,88.0,82.71,7.52,5.92,0
1686,1,0,12,Stock Investor,93,86,61,71,98,79,87,80.75,84.0,77.0,84.5,82.14,6.32,-3.25,0
1687,3,0,25,Banker,94,76,100,60,80,94,61,83.5,77.0,97.0,70.0,80.71,3.1,6.5,0
1688,3,0,23,Banker,95,83,94,83,75,99,75,86.75,85.67,94.5,79.0,86.29,3.6,1.08,0
1689,6,0,8,Real Estate Developer,81,67,93,65,87,84,79,81.5,76.67,87.0,76.0,79.43,8.83,4.83,0
1690,4,0,32,Accountant,87,100,60,99,45,73,86,72.75,86.33,73.5,72.0,78.57,2.38,-13.58,0
1691,10,0,0,Business Owner,55,86,54,78,55,60,88,60.5,78.0,54.5,66.5,68.0,68.0,-17.5,1
1692,8,0,0,Business Owner,77,71,68,53,70,72,69,67.0,70.67,72.5,61.5,68.57,68.57,-3.67,1
1693,1,0,6,Stock Investor,82,79,60,80,65,64,71,71.75,71.33,71.0,72.5,71.57,10.22,0.42,1
1694,6,0,5,Artist,81,97,88,81,63,88,67,78.25,84.0,84.5,72.0,80.71,13.45,-5.75,0
1695,0,0,16,Software Engineer,99,70,86,61,70,90,66,79.0,75.33,92.5,65.5,77.43,4.55,3.67,0
1696,5,1,4,Real Estate Developer,87,77,64,84,84,94,80,79.75,83.67,75.5,84.0,81.43,16.29,-3.92,0
1697,8,0,2,Business Owner,94,62,100,87,91,89,93,93.0,81.33,97.0,89.0,88.0,29.33,11.67,1
1699,2,1,34,Lawyer,97,89,76,61,91,91,70,81.25,83.33,86.5,76.0,82.14,2.35,-2.08,0
1700,1,0,7,Designer,83,81,70,90,73,89,87,79.0,85.67,76.5,81.5,81.86,10.23,-6.67,0
1701,0,0,14,Construction Engineer,92,92,92,66,90,68,66,85.0,75.33,92.0,78.0,80.86,5.39,9.67,0
1702,1,0,24,Doctor,100,74,80,84,85,82,74,87.25,76.67,90.0,84.5,82.71,3.31,10.58,0
1703,4,0,25,Software Engineer,86,69,79,85,63,82,77,78.25,76.0,82.5,74.0,77.29,2.97,2.25,0
1704,8,0,3,Business Owner,48,80,73,67,84,99,83,68.0,87.33,60.5,75.5,76.29,19.07,-19.33,1
1705,7,1,0,Business Owner,69,56,71,84,52,71,88,69.0,71.67,70.0,68.0,70.14,70.14,-2.67,1
1708,3,1,1,Artist,90,96,89,88,94,73,77,90.25,82.0,89.5,91.0,86.71,43.36,8.25,0
1709,5,1,19,Stock Investor,85,66,61,85,75,94,76,76.5,78.67,73.0,80.0,77.43,3.87,-2.17,0
1710,2,0,2,Designer,82,73,64,95,87,73,99,82.0,81.67,73.0,91.0,81.86,27.29,0.33,0
1711,4,0,3,Game Developer,80,61,96,89,96,61,80,90.25,67.33,88.0,92.5,80.43,20.11,22.92,0
1712,10,1,1,Business Owner,41,53,98,67,61,83,97,66.75,77.67,69.5,64.0,71.43,35.72,-10.92,1
1713,1,0,48,Doctor,99,93,88,92,99,94,95,94.5,94.0,93.5,95.5,94.29,1.92,0.5,0
1714,2,0,32,Lawyer,95,95,92,61,63,81,100,77.75,92.0,93.5,62.0,83.86,2.54,-14.25,0
1716,1,0,22,Doctor,91,92,81,98,88,76,99,89.5,89.0,86.0,93.0,89.29,3.88,0.5,0
1717,5,0,16,Banker,98,75,69,65,67,79,72,74.75,75.33,83.5,66.0,75.0,4.41,-0.58,0
1718,6,0,15,Construction Engineer,90,71,93,73,80,78,69,84.0,72.67,91.5,76.5,79.14,4.95,11.33,0
1719,3,1,26,Software Engineer,85,68,73,94,88,86,77,85.0,77.0,79.0,91.0,81.57,3.02,8.0,0
1720,5,0,46,Doctor,100,97,94,87,89,91,100,92.5,96.0,97.0,88.0,94.0,2.0,-3.5,0
1721,4,0,31,Scientist,77,81,80,95,80,74,80,83.0,78.33,78.5,87.5,81.0,2.53,4.67,0
1722,10,0,4,Business Owner,92,98,60,74,63,89,80,72.25,89.0,76.0,68.5,79.43,15.89,-16.75,1
1723,9,0,5,Business Owner,53,87,60,94,93,65,88,75.0,80.0,56.5,93.5,77.14,12.86,-5.0,1
1724,6,0,21,Accountant,79,74,78,97,87,85,79,85.25,79.33,78.5,92.0,82.71,3.76,5.92,0
1725,2,0,26,Designer,85,89,72,80,99,94,90,84.0,91.0,78.5,89.5,87.0,3.22,-7.0,0
1726,1,0,3,Artist,99,85,60,81,75,78,78,78.75,80.33,79.5,78.0,79.43,19.86,-1.58,0
1727,1,1,11,Banker,99,91,73,77,81,75,90,82.5,85.33,86.0,79.0,83.71,6.98,-2.83,0
1728,6,0,5,Business Owner,65,68,74,50,98,60,83,71.75,70.33,69.5,74.0,71.14,11.86,1.42,1
1729,8,1,19,Software Engineer,94,83,72,63,65,63,74,73.5,73.33,83.0,64.0,73.43,3.67,0.17,1
1730,7,0,3,Business Owner,73,52,89,85,74,66,79,80.25,65.67,81.0,79.5,74.0,18.5,14.58,0
1731,5,0,15,Software Engineer,85,76,61,93,98,87,67,84.25,76.67,73.0,95.5,81.0,5.06,7.58,0
1732,4,0,32,Lawyer,87,82,74,77,100,93,65,84.5,80.0,80.5,88.5,82.57,2.5,4.5,0
1733,5,0,4,Business Owner,77,58,90,72,75,88,90,78.5,78.67,83.5,73.5,78.57,15.71,-0.17,0
1734,1,0,31,Scientist,85,60,92,92,85,62,84,88.5,68.67,88.5,88.5,80.0,2.5,19.83,0
1735,2,0,19,Software Engineer,91,69,90,76,79,80,82,84.0,77.0,90.5,77.5,81.0,4.05,7.0,0
1736,1,0,16,Software Engineer,86,96,83,78,71,78,75,79.5,83.0,84.5,74.5,81.0,4.76,-3.5,0
1737,1,0,29,Lawyer,78,80,72,65,90,99,95,76.25,91.33,75.0,77.5,82.71,2.76,-15.08,0
1738,3,0,26,Lawyer,71,92,92,96,81,81,85,85.0,86.0,81.5,88.5,85.43,3.16,-1.0,0
1739,4,0,27,Lawyer,72,85,92,83,84,96,81,82.75,87.33,82.0,83.5,84.71,3.03,-4.58,0
1740,3,0,35,Software Engineer,88,92,88,100,89,94,87,91.25,91.0,88.0,94.5,91.14,2.53,0.25,0
1742,2,0,28,Doctor,81,75,94,93,87,77,67,88.75,73.0,87.5,90.0,82.0,2.83,15.75,0
1743,1,0,32,Banker,92,69,92,91,82,89,69,89.25,75.67,92.0,86.5,83.43,2.53,13.58,0
1744,0,0,33,Accountant,84,64,82,81,85,84,89,83.0,79.0,83.0,83.0,81.29,2.39,4.0,0
1745,2,1,18,Stock Investor,89,60,82,90,96,67,68,89.25,65.0,85.5,93.0,78.86,4.15,24.25,0
1746,1,0,18,Software Engineer,94,66,84,92,71,81,99,85.25,82.0,89.0,81.5,83.86,4.41,3.25,0
1748,5,0,25,Stock Investor,81,88,85,90,93,62,96,87.25,82.0,83.0,91.5,85.0,3.27,5.25,0
1749,1,1,18,Teacher,80,93,89,79,89,93,100,84.25,95.33,84.5,84.0,89.0,4.68,-11.08,0
1751,4,1,34,Lawyer,87,90,98,90,83,94,84,89.5,89.33,92.5,86.5,89.43,2.56,0.17,0
1752,7,0,4,Business Owner,58,50,73,54,94,51,74,69.75,58.33,65.5,74.0,64.86,12.97,11.42,1
1753,3,0,14,Government Officer,60,90,87,91,78,77,82,79.0,83.0,73.5,84.5,80.71,5.38,-4.0,0
1754,5,0,8,Real Estate Developer,91,70,88,68,88,63,68,83.75,67.0,89.5,78.0,76.57,8.51,16.75,0
1755,3,0,35,Scientist,95,97,89,97,99,85,92,95.0,91.33,92.0,98.0,93.43,2.6,3.67,0
1756,3,0,2,Artist,70,100,92,73,67,68,76,75.5,81.33,81.0,70.0,78.0,26.0,-5.83,0
1757,2,0,27,Lawyer,76,100,94,81,60,85,73,77.75,86.0,85.0,70.5,81.29,2.9,-8.25,0
1758,5,0,20,Accountant,79,65,78,65,57,99,92,69.75,85.33,78.5,61.0,76.43,3.64,-15.58,0
1759,4,0,21,Software Engineer,92,96,92,63,73,60,81,80.0,79.0,92.0,68.0,79.57,3.62,1.0,0
1760,5,0,6,Government Officer,89,73,71,97,78,99,60,83.75,77.33,80.0,87.5,81.0,11.57,6.42,0
1761,3,0,18,Banker,85,95,77,71,75,95,94,77.0,94.67,81.0,73.0,84.57,4.45,-17.67,0
1762,2,0,7,Real Estate Developer,92,66,88,91,61,84,69,83.0,73.0,90.0,76.0,78.71,9.84,10.0,0
1763,2,0,24,Software Engineer,87,63,79,81,95,75,64,85.5,67.33,83.0,88.0,77.71,3.11,18.17,0
1764,5,0,21,Accountant,77,77,97,66,87,73,75,81.75,75.0,87.0,76.5,78.86,3.58,6.75,0
1765,10,0,2,Business Owner,73,56,59,62,58,83,80,63.0,73.0,66.0,60.0,67.29,22.43,-10.0,1
1766,0,0,34,Lawyer,91,85,81,93,100,87,77,91.25,83.0,86.0,96.5,87.71,2.51,8.25,0
1767,7,1,0,Business Owner,76,96,89,83,78,54,61,81.5,70.33,82.5,80.5,76.71,76.71,11.17,0
1768,4,0,17,Software Engineer,86,70,94,96,74,67,60,87.5,65.67,90.0,85.0,78.14,4.34,21.83,0
1769,5,0,10,Banker,81,77,88,92,65,92,87,81.5,85.33,84.5,78.5,83.14,7.56,-3.83,0
1770,4,1,35,Lawyer,98,88,88,89,90,90,90,91.25,89.33,93.0,89.5,90.43,2.51,1.92,0
1771,3,0,27,Software Engineer,88,67,96,70,66,76,71,80.0,71.33,92.0,68.0,76.29,2.72,8.67,0
1772,2,1,30,Scientist,85,83,94,100,89,68,89,92.0,80.0,89.5,94.5,86.86,2.8,12.0,0
1773,2,0,35,Lawyer,90,89,96,94,100,88,85,95.0,87.33,93.0,97.0,91.71,2.55,7.67,0
1774,5,0,5,Game Developer,97,83,93,67,85,63,66,85.5,70.67,95.0,76.0,79.14,13.19,14.83,0
1775,6,1,10,Government Officer,78,84,71,93,78,78,87,80.0,83.0,74.5,85.5,81.29,7.39,-3.0,0
1776,8,0,1,Business Owner,53,98,90,81,61,65,93,71.25,85.33,71.5,71.0,77.29,38.65,-14.08,1
1777,10,0,0,Business Owner,77,53,92,98,56,53,93,80.75,66.33,84.5,77.0,74.57,74.57,14.42,1
1778,3,0,30,Lawyer,97,88,94,75,66,91,64,83.0,81.0,95.5,70.5,82.14,2.65,2.0,0
1779,4,0,3,Business Owner,88,100,58,59,96,64,87,75.25,83.67,73.0,77.5,78.86,19.72,-8.42,0
1780,3,1,18,Construction Engineer,98,67,80,68,80,88,85,81.5,80.0,89.0,74.0,80.86,4.26,1.5,0
1781,8,1,0,Business Owner,92,78,78,85,94,94,73,87.25,81.67,85.0,89.5,84.86,84.86,5.58,1
1782,5,0,15,Software Engineer,92,92,74,96,95,77,76,89.25,81.67,83.0,95.5,86.0,5.38,7.58,0
1783,3,0,43,Doctor,86,99,87,88,99,89,86,90.0,91.33,86.5,93.5,90.57,2.06,-1.33,0
1784,5,0,16,Designer,91,69,97,76,97,81,86,90.25,78.67,94.0,86.5,85.29,5.02,11.58,0
1785,3,0,23,Accountant,92,75,100,78,32,84,69,75.5,76.0,96.0,55.0,75.71,3.15,-0.5,0
1786,2,0,2,Game Developer,82,75,93,67,69,65,74,77.75,71.33,87.5,68.0,75.0,25.0,6.42,0
1787,1,0,34,Lawyer,99,81,92,86,65,99,79,85.5,86.33,95.5,75.5,85.86,2.45,-0.83,0
1788,2,0,34,Software Engineer,95,90,65,84,86,88,94,82.5,90.67,80.0,85.0,86.0,2.46,-8.17,0
1789,3,0,18,Software Engineer,100,93,99,65,72,79,88,84.0,86.67,99.5,68.5,85.14,4.48,-2.67,0
1791,3,1,3,Business Owner,80,95,96,96,94,84,93,91.5,90.67,88.0,95.0,91.14,22.78,0.83,0
1792,4,0,31,Doctor,93,81,88,90,89,95,81,90.0,85.67,90.5,89.5,88.14,2.75,4.33,0
1793,5,1,17,Software Engineer,95,75,79,79,93,85,71,86.5,77.0,87.0,86.0,82.43,4.58,9.5,0
1794,0,0,10,Banker,81,92,76,81,73,92,63,77.75,82.33,78.5,77.0,79.71,7.25,-4.58,0
1795,1,0,5,Designer,75,88,63,64,84,74,72,71.5,78.0,69.0,74.0,74.29,12.38,-6.5,0
1796,4,0,8,Stock Investor,80,69,70,60,71,60,89,70.25,72.67,75.0,65.5,71.29,7.92,-2.42,1
1797,4,0,3,Business Owner,52,81,62,77,74,91,92,66.25,88.0,57.0,75.5,75.57,18.89,-21.75,0
1798,3,0,30,Doctor,95,94,82,87,93,93,90,89.25,92.33,88.5,90.0,90.57,2.92,-3.08,0
1799,2,0,20,Accountant,99,70,97,93,87,90,88,94.0,82.67,98.0,90.0,89.14,4.24,11.33,0
1800,5,0,25,Software Engineer,85,87,68,74,74,85,68,75.25,80.0,76.5,74.0,77.29,2.97,-4.75,0
1801,4,1,23,Construction Engineer,96,89,86,84,64,60,66,82.5,71.67,91.0,74.0,77.86,3.24,10.83,0
1802,7,0,3,Game Developer,91,63,86,81,90,98,63,87.0,74.67,88.5,85.5,81.71,20.43,12.33,0
1803,1,0,24,Software Engineer,89,82,76,92,97,66,60,88.5,69.33,82.5,94.5,80.29,3.21,19.17,0
1804,1,0,37,Doctor,98,87,96,89,100,85,91,95.75,87.67,97.0,94.5,92.29,2.43,8.08,0
1806,2,0,5,Business Owner,75,71,68,91,79,62,94,78.25,75.67,71.5,85.0,77.14,12.86,2.58,0
1807,3,0,6,Real Estate Developer,74,63,74,63,78,90,83,72.25,78.67,74.0,70.5,75.0,10.71,-6.42,0
1808,7,0,40,Doctor,85,99,87,85,91,88,90,87.0,92.33,86.0,88.0,89.29,2.18,-5.33,0
1810,4,1,34,Doctor,91,71,99,96,85,79,74,92.75,74.67,95.0,90.5,85.0,2.43,18.08,0
1811,2,0,24,Software Engineer,90,76,100,73,90,64,86,88.25,75.33,95.0,81.5,82.71,3.31,12.92,0
1812,6,0,35,Scientist,91,91,92,95,98,91,85,94.0,89.0,91.5,96.5,91.86,2.55,5.0,0
1813,6,0,0,Business Owner,80,83,93,81,95,87,61,87.25,77.0,86.5,88.0,82.86,82.86,10.25,0
1814,1,0,35,Doctor,95,89,92,87,95,86,93,92.25,89.33,93.5,91.0,91.0,2.53,2.92,0
1816,1,1,1,Business Owner,54,55,50,100,77,61,78,70.25,64.67,52.0,88.5,67.86,33.93,5.58,1
1817,2,0,16,Construction Engineer,87,80,85,60,96,81,83,82.0,81.33,86.0,78.0,81.71,4.81,0.67,0
1818,5,0,28,Software Engineer,100,75,72,79,61,94,82,78.0,83.67,86.0,70.0,80.43,2.77,-5.67,0
1819,3,0,14,Government Officer,93,99,72,79,83,87,73,81.75,86.33,82.5,81.0,83.71,5.58,-4.58,0
1820,3,0,25,Doctor,99,70,89,86,92,65,64,91.5,66.33,94.0,89.0,80.71,3.1,25.17,0
1821,2,0,16,Banker,99,99,90,63,63,77,60,78.75,78.67,94.5,63.0,78.71,4.63,0.08,0
1822,4,0,28,Stock Investor,76,80,89,74,61,86,93,75.0,86.33,82.5,67.5,79.86,2.75,-11.33,0
1823,0,0,15,Software Engineer,92,100,83,74,73,66,83,80.5,83.0,87.5,73.5,81.57,5.1,-2.5,0
1824,10,0,46,Doctor,100,93,88,98,99,89,95,96.25,92.33,94.0,98.5,94.57,2.01,3.92,1
1825,2,0,34,Lawyer,89,97,77,90,93,87,90,87.25,91.33,83.0,91.5,89.0,2.54,-4.08,0
1826,2,0,27,Lawyer,97,81,71,77,90,86,80,83.75,82.33,84.0,83.5,83.14,2.97,1.42,0
1827,4,0,28,Doctor,99,63,97,90,99,99,100,96.25,87.33,98.0,94.5,92.43,3.19,8.92,0
1828,3,0,33,Scientist,100,63,96,95,92,76,88,95.75,75.67,98.0,93.5,87.14,2.56,20.08,0
1829,5,0,12,Banker,86,87,72,66,94,78,94,79.5,86.33,79.0,80.0,82.43,6.34,-6.83,0
1830,0,0,27,Lawyer,77,99,94,81,80,87,98,83.0,94.67,85.5,80.5,88.0,3.14,-11.67,0
1831,1,0,15,Government Officer,86,96,67,76,74,66,69,75.75,77.0,76.5,75.0,76.29,4.77,-1.25,0
1832,1,1,3,Real Estate Developer,75,64,98,65,88,65,71,81.5,66.67,86.5,76.5,75.14,18.78,14.83,0
1833,2,0,26,Lawyer,94,93,92,67,61,85,94,78.5,90.67,93.0,64.0,83.71,3.1,-12.17,0
1834,1,0,35,Designer,94,88,87,97,93,86,94,92.75,89.33,90.5,95.0,91.29,2.54,3.42,0
1835,1,0,20,Banker,89,92,75,85,65,81,69,78.5,80.67,82.0,75.0,79.43,3.78,-2.17,0
1836,3,0,14,Writer,89,73,96,84,96,98,77,91.25,82.67,92.5,90.0,87.57,5.84,8.58,0
1837,2,1,24,Software Engineer,89,82,83,62,66,86,90,75.0,86.0,86.0,64.0,79.71,3.19,-11.0,0
1838,2,0,8,Government Officer,81,78,82,83,63,85,75,77.25,79.33,81.5,73.0,78.14,8.68,-2.08,0
1840,10,1,2,Business Owner,79,95,70,92,63,57,67,76.0,73.0,74.5,77.5,74.71,24.9,3.0,1
1842,1,0,14,Banker,78,66,92,61,98,76,99,82.25,80.33,85.0,79.5,81.43,5.43,1.92,0
1843,4,0,19,Accountant,83,60,95,68,33,62,73,69.75,65.0,89.0,50.5,67.71,3.39,4.75,1
1844,0,0,29,Stock Investor,86,95,61,96,89,99,84,83.0,92.67,73.5,92.5,87.14,2.9,-9.67,0
1845,1,0,2,Artist,87,78,74,75,95,69,99,82.75,82.0,80.5,85.0,82.43,27.48,0.75,0
1846,6,0,25,Lawyer,81,82,69,94,88,95,84,83.0,87.0,75.0,91.0,84.71,3.26,-4.0,0
1847,0,0,6,Government Officer,83,73,83,66,93,68,89,81.25,76.67,83.0,79.5,79.29,11.33,4.58,0
1848,2,1,11,Banker,81,85,91,94,97,93,65,90.75,81.0,86.0,95.5,86.57,7.21,9.75,0
1849,1,1,4,Designer,65,95,89,96,78,85,80,82.0,86.67,77.0,87.0,84.0,16.8,-4.67,0
1850,2,0,33,Lawyer,83,91,76,71,82,82,79,78.0,84.0,79.5,76.5,80.57,2.37,-6.0,0
1851,3,1,22,Doctor,98,79,87,86,98,85,85,92.25,83.0,92.5,92.0,88.29,3.84,9.25,0
1852,0,0,34,Doctor,83,84,91,84,85,91,92,85.75,89.0,87.0,84.5,87.14,2.49,-3.25,0
1853,1,0,22,Software Engineer,85,60,85,76,90,75,93,84.0,76.0,85.0,83.0,80.57,3.5,8.0,0
1854,10,0,5,Business Owner,68,66,82,63,91,67,89,76.0,74.0,75.0,77.0,75.14,12.52,2.0,1
1855,1,0,11,Government Officer,86,82,60,65,83,69,78,73.5,76.33,73.0,74.0,74.71,6.23,-2.83,0
1856,1,0,12,Government Officer,83,87,87,80,81,79,98,82.75,88.0,85.0,80.5,85.0,6.54,-5.25,0
1858,0,0,6,Real Estate Developer,91,66,91,62,70,87,90,78.5,81.0,91.0,66.0,79.57,11.37,-2.5,0
1859,9,1,0,Business Owner,53,95,87,60,68,74,68,67.0,79.0,70.0,64.0,72.14,72.14,-12.0,1
1860,2,1,26,Lawyer,73,85,80,64,69,95,64,71.5,81.33,76.5,66.5,75.71,2.8,-9.83,0
1861,0,0,19,Banker,97,95,91,97,96,90,67,95.25,84.0,94.0,96.5,90.43,4.52,11.25,0
1862,0,0,3,Government Officer,91,97,72,62,86,78,72,77.75,82.33,81.5,74.0,79.71,19.93,-4.58,0
1863,1,0,14,Banker,91,65,75,60,93,79,82,79.75,75.33,83.0,76.5,77.86,5.19,4.42,0
1864,9,0,12,Writer,81,72,87,84,97,94,89,87.25,85.0,84.0,90.5,86.29,6.64,2.25,1
1865,1,0,18,Software Engineer,92,99,100,64,100,65,99,89.0,87.67,96.0,82.0,88.43,4.65,1.33,0
1866,5,0,4,Business Owner,85,53,95,76,61,88,82,79.25,74.33,90.0,68.5,77.14,15.43,4.92,0
1867,1,0,34,Construction Engineer,83,60,80,92,84,60,70,84.75,63.33,81.5,88.0,75.57,2.16,21.42,0
1869,3,1,5,Real Estate Developer,80,88,94,60,65,63,91,74.75,80.67,87.0,62.5,77.29,12.88,-5.92,0
1870,1,1,16,Accountant,87,81,69,82,70,62,66,77.0,69.67,78.0,76.0,73.86,4.34,7.33,0
1871,0,0,31,Scientist,88,61,95,91,99,64,90,93.25,71.67,91.5,95.0,84.0,2.62,21.58,0
1872,6,0,1,Business Owner,41,83,54,87,97,65,69,69.75,72.33,47.5,92.0,70.86,35.43,-2.58,1
1873,3,0,35,Banker,87,93,88,97,91,88,88,90.75,89.67,87.5,94.0,90.29,2.51,1.08,0
1874,1,1,41,Doctor,89,95,97,99,87,90,91,93.0,92.0,93.0,93.0,92.57,2.2,1.0,0
1875,5,1,1,Business Owner,89,53,77,96,76,63,90,84.5,68.67,83.0,86.0,77.71,38.85,15.83,0
1876,2,0,6,Real Estate Developer,53,97,81,86,71,87,78,72.75,87.33,67.0,78.5,79.0,11.29,-14.58,0
1877,3,0,30,Scientist,92,88,99,92,89,66,76,93.0,76.67,95.5,90.5,86.0,2.77,16.33,0
1878,3,0,32,Banker,85,84,66,66,78,98,69,73.75,83.67,75.5,72.0,78.0,2.36,-9.92,0
1879,2,0,18,Software Engineer,89,67,93,83,65,94,67,82.5,76.0,91.0,74.0,79.71,4.2,6.5,0
1880,1,0,2,Business Owner,98,92,82,56,71,79,89,76.75,86.67,90.0,63.5,81.0,27.0,-9.92,0
1881,5,0,5,Business Owner,66,52,71,76,67,72,60,70.0,61.33,68.5,71.5,66.29,11.05,8.67,1
1882,2,0,32,Lawyer,90,96,95,80,93,95,67,89.5,86.0,92.5,86.5,88.0,2.67,3.5,0
1883,2,0,18,Teacher,84,93,74,76,95,90,64,82.25,82.33,79.0,85.5,82.29,4.33,-0.08,0
1884,7,0,27,Lawyer,88,81,73,70,60,95,68,72.75,81.33,80.5,65.0,76.43,2.73,-8.58,0
1886,2,0,15,Teacher,86,63,82,61,96,98,83,81.25,81.33,84.0,78.5,81.29,5.08,-0.08,0
1887,9,0,1,Business Owner,60,72,66,95,67,78,94,72.0,81.33,63.0,81.0,76.0,38.0,-9.33,1
1888,10,0,2,Business Owner,41,59,69,70,100,65,72,70.0,65.33,55.0,85.0,68.0,22.67,4.67,1
1889,2,0,31,Software Engineer,94,62,66,95,66,64,62,80.25,62.67,80.0,80.5,72.71,2.27,17.58,0
1890,3,0,2,Artist,64,69,79,89,72,64,82,76.0,71.67,71.5,80.5,74.14,24.71,4.33,1
1891,4,0,2,Game Developer,99,97,87,93,79,83,94,89.5,91.33,93.0,86.0,90.29,30.1,-1.83,0
1892,6,0,5,Business Owner,46,53,92,71,90,76,81,74.75,70.0,69.0,80.5,72.71,12.12,4.75,0
1893,1,0,21,Software Engineer,89,87,81,67,93,98,68,82.5,84.33,85.0,80.0,83.29,3.79,-1.83,0
1894,6,0,12,Designer,83,79,87,66,78,93,82,78.5,84.67,85.0,72.0,81.14,6.24,-6.17,0
1895,5,0,0,Business Owner,51,55,87,51,77,87,65,66.5,69.0,69.0,64.0,67.57,67.57,-2.5,1
1896,5,0,26,Accountant,79,90,82,92,70,60,80,80.75,76.67,80.5,81.0,79.0,2.93,4.08,0
1897,3,0,15,Accountant,97,73,64,95,71,68,78,81.75,73.0,80.5,83.0,78.0,4.88,8.75,0
1898,1,0,14,Accountant,100,68,85,85,62,63,92,83.0,74.33,92.5,73.5,79.29,5.29,8.67,0
1899,6,0,9,Teacher,70,99,60,79,71,79,75,70.0,84.33,65.0,75.0,76.14,7.61,-14.33,0
1901,7,0,17,Teacher,67,80,86,98,83,82,76,83.5,79.33,76.5,90.5,81.71,4.54,4.17,0
1902,3,1,9,Real Estate Developer,71,95,72,88,89,78,67,80.0,80.0,71.5,88.5,80.0,8.0,0.0,0
1903,5,1,14,Banker,87,64,68,60,81,75,67,74.0,68.67,77.5,70.5,71.71,4.78,5.33,1
1904,1,1,3,Game Developer,80,79,94,74,83,83,61,82.75,74.33,87.0,78.5,79.14,19.78,8.42,0
1905,9,1,22,Software Engineer,94,80,72,90,60,78,94,79.0,84.0,83.0,75.0,81.14,3.53,-5.0,1
1906,3,0,10,Real Estate Developer,83,91,82,93,71,80,85,82.25,85.33,82.5,82.0,83.57,7.6,-3.08,0
1907,1,0,1,Business Owner,63,69,57,60,80,92,62,65.0,74.33,60.0,70.0,69.0,34.5,-9.33,1
1909,2,0,36,Doctor,94,100,95,92,95,88,88,94.0,92.0,94.5,93.5,93.14,2.52,2.0,0
1910,3,0,34,Software Engineer,99,75,87,76,95,99,67,89.25,80.33,93.0,85.5,85.43,2.44,8.92,0
1911,3,0,32,Doctor,82,98,100,100,100,64,87,95.5,83.0,91.0,100.0,90.14,2.73,12.5,0
1912,2,0,28,Software Engineer,95,82,100,60,77,95,80,83.0,85.67,97.5,68.5,84.14,2.9,-2.67,0
1913,10,0,3,Business Owner,55,92,59,78,61,83,60,63.25,78.33,57.0,69.5,69.71,17.43,-15.08,1
1914,2,0,32,Software Engineer,90,90,82,64,75,82,93,77.75,88.33,86.0,69.5,82.29,2.49,-10.58,0
1915,2,0,4,Business Owner,46,77,90,78,66,76,86,70.0,79.67,68.0,72.0,74.14,14.83,-9.67,0
1916,2,0,21,Accountant,91,100,98,96,66,87,65,87.75,84.0,94.5,81.0,86.14,3.92,3.75,0
1917,1,1,22,Writer,72,100,78,100,98,92,97,87.0,96.33,75.0,99.0,91.0,3.96,-9.33,0
1918,4,0,28,Banker,79,87,98,87,99,94,88,90.75,89.67,88.5,93.0,90.29,3.11,1.08,0
1919,3,0,35,Construction Engineer,85,90,96,95,95,88,90,92.75,89.33,90.5,95.0,91.29,2.54,3.42,0
1920,1,0,35,Lawyer,100,87,85,90,92,99,94,91.75,93.33,92.5,91.0,92.43,2.57,-1.58,0
1921,4,1,16,Banker,96,70,65,63,97,97,98,80.25,88.33,80.5,80.0,83.71,4.92,-8.08,0
1922,1,1,20,Banker,85,96,71,67,98,92,91,80.25,93.0,78.0,82.5,85.71,4.08,-12.75,0
1923,4,0,27,Software Engineer,90,82,98,61,92,67,80,85.25,76.33,94.0,76.5,81.43,2.91,8.92,0
1924,6,0,14,Banker,94,96,94,99,67,98,67,88.5,87.0,94.0,83.0,87.86,5.86,1.5,0
1925,1,0,35,Construction Engineer,98,85,100,94,93,92,94,96.25,90.33,99.0,93.5,93.71,2.6,5.92,0
1926,6,0,2,Business Owner,62,54,77,60,74,62,76,68.25,64.0,69.5,67.0,66.43,22.14,4.25,1
1927,4,0,3,Artist,63,97,80,84,90,63,64,79.25,74.67,71.5,87.0,77.29,19.32,4.58,1
1928,2,0,32,Lawyer,72,95,71,74,84,97,66,75.25,86.0,71.5,79.0,79.86,2.42,-10.75,0
1929,6,1,33,Software Engineer,94,90,79,69,100,72,98,85.5,86.67,86.5,84.5,86.0,2.53,-1.17,0
1930,2,1,24,Banker,99,84,94,76,62,79,67,82.75,76.67,96.5,69.0,80.14,3.21,6.08,0
1932,5,0,8,Teacher,61,100,85,99,65,79,86,77.5,88.33,73.0,82.0,82.14,9.13,-10.83,0
1933,2,1,8,Teacher,68,95,76,97,91,78,71,83.0,81.33,72.0,94.0,82.29,9.14,1.67,0
1935,1,1,6,Government Officer,66,94,67,79,64,89,75,69.0,86.0,66.5,71.5,76.29,10.9,-17.0,0
1936,0,0,15,Software Engineer,100,95,72,77,66,68,76,78.75,79.67,86.0,71.5,79.14,4.95,-0.92,0
1937,1,0,12,Government Officer,74,86,70,94,71,70,63,77.25,73.0,72.0,82.5,75.43,5.8,4.25,0
1938,6,0,1,Artist,96,66,76,71,94,72,86,84.25,74.67,86.0,82.5,80.14,40.07,9.58,0
1939,2,0,14,Software Engineer,90,92,95,88,88,85,92,90.25,89.67,92.5,88.0,90.0,6.0,0.58,0
1940,3,0,26,Accountant,92,86,61,78,56,68,85,71.75,79.67,76.5,67.0,75.14,2.78,-7.92,0
1941,1,0,31,Doctor,99,78,99,88,96,96,90,95.5,88.0,99.0,92.0,92.29,2.88,7.5,0
1943,2,0,28,Accountant,98,88,81,65,59,84,87,75.75,86.33,89.5,62.0,80.29,2.77,-10.58,0
1945,1,1,19,Software Engineer,96,96,80,93,82,65,70,87.75,77.0,88.0,87.5,83.14,4.16,10.75,0
1946,3,0,17,Stock Investor,80,98,99,90,64,86,93,83.25,92.33,89.5,77.0,87.14,4.84,-9.08,0
1948,2,0,23,Software Engineer,91,79,70,94,77,83,81,83.0,81.0,80.5,85.5,82.14,3.42,2.0,0
1949,6,0,0,Business Owner,91,96,78,70,50,50,69,72.25,71.67,84.5,60.0,72.0,72.0,0.58,0
1950,0,1,19,Banker,83,70,72,65,63,88,94,70.75,84.0,77.5,64.0,76.43,3.82,-13.25,0
1951,2,1,33,Lawyer,89,89,69,87,69,97,79,78.5,88.33,79.0,78.0,82.71,2.43,-9.83,0
1952,2,1,1,Game Developer,81,73,99,72,100,90,64,88.0,75.67,90.0,86.0,82.71,41.36,12.33,0
1953,2,0,35,Writer,97,85,86,99,96,90,88,94.5,87.67,91.5,97.5,91.57,2.54,6.83,0
1954,1,0,3,Real Estate Developer,93,91,61,68,83,82,63,76.25,78.67,77.0,75.5,77.29,19.32,-2.42,0
1955,2,0,2,Game Developer,99,86,83,80,69,96,88,82.75,90.0,91.0,74.5,85.86,28.62,-7.25,0
1956,5,1,16,Software Engineer,95,97,68,79,63,88,63,76.25,82.67,81.5,71.0,79.0,4.65,-6.42,0
1957,3,0,38,Doctor,100,92,87,94,85,97,100,91.5,96.33,93.5,89.5,93.57,2.4,-4.83,0
1958,2,0,3,Artist,62,67,85,97,98,62,73,85.5,67.33,73.5,97.5,77.71,19.43,18.17,1
1959,10,1,3,Game Developer,88,71,99,74,76,97,87,84.25,85.0,93.5,75.0,84.57,21.14,-0.75,1
1960,5,0,11,Teacher,75,100,100,82,63,84,82,80.0,88.67,87.5,72.5,83.71,6.98,-8.67,0
1961,1,0,1,Game Developer,87,91,97,82,79,69,62,86.25,74.0,92.0,80.5,81.0,40.5,12.25,0
1963,3,0,43,Doctor,88,98,94,96,96,89,92,93.5,93.0,91.0,96.0,93.29,2.12,0.5,0
1964,1,0,47,Doctor,86,93,91,94,93,88,86,91.0,89.0,88.5,93.5,90.14,1.88,2.0,0
1965,1,0,9,Government Officer,68,65,95,88,62,87,62,78.25,71.33,81.5,75.0,75.29,7.53,6.92,0
1966,6,0,2,Business Owner,67,54,71,50,55,51,66,60.75,57.0,69.0,52.5,59.14,19.71,3.75,1
1967,4,0,5,Business Owner,82,69,92,85,59,87,83,79.5,79.67,87.0,72.0,79.57,13.26,-0.17,0
1969,3,0,25,Software Engineer,95,91,64,65,60,84,99,71.0,91.33,79.5,62.5,79.71,3.07,-20.33,0
1970,5,0,9,Real Estate Developer,72,82,76,69,67,92,87,71.0,87.0,74.0,68.0,77.86,7.79,-16.0,0
1971,1,0,27,Accountant,99,87,67,91,36,76,64,73.25,75.67,83.0,63.5,74.29,2.65,-2.42,0
1972,2,1,19,Banker,75,88,71,80,65,85,60,72.75,77.67,73.0,72.5,74.86,3.74,-4.92,0
1973,1,0,31,Scientist,77,80,86,87,98,98,88,87.0,88.67,81.5,92.5,87.71,2.74,-1.67,0
1974,4,1,26,Software Engineer,95,97,84,97,75,92,92,87.75,93.67,89.5,86.0,90.29,3.34,-5.92,0
1975,6,1,11,Banker,77,97,88,89,74,95,64,82.0,85.33,82.5,81.5,83.43,6.95,-3.33,0
1976,6,0,6,Designer,90,74,92,67,83,73,89,83.0,78.67,91.0,75.0,81.14,11.59,4.33,0
1977,8,0,2,Business Owner,74,59,82,51,91,96,94,74.5,83.0,78.0,71.0,78.14,26.05,-8.5,1
1978,10,1,5,Business Owner,56,66,87,64,95,89,76,75.5,77.0,71.5,79.5,76.14,12.69,-1.5,1
1979,7,0,5,Business Owner,72,69,91,69,53,73,95,71.25,79.0,81.5,61.0,74.57,12.43,-7.75,0
1980,3,0,27,Lawyer,87,86,83,80,90,90,61,85.0,79.0,85.0,85.0,82.43,2.94,6.0,0
1981,2,0,30,Lawyer,80,81,96,92,100,91,87,92.0,86.33,88.0,96.0,89.57,2.89,5.67,0
1982,5,0,21,Software Engineer,98,72,64,68,76,84,72,76.5,76.0,81.0,72.0,76.29,3.47,0.5,0
1983,0,0,8,Teacher,83,91,69,74,98,86,76,81.0,84.33,76.0,86.0,82.43,9.16,-3.33,0
1984,2,0,21,Banker,92,77,91,79,98,77,87,90.0,80.33,91.5,88.5,85.86,3.9,9.67,0
1985,3,0,18,Banker,79,68,64,68,97,78,84,77.0,76.67,71.5,82.5,76.86,4.05,0.33,0
1986,4,0,3,Government Officer,72,81,89,92,88,87,82,85.25,83.33,80.5,90.0,84.43,21.11,1.92,0
1987,1,0,32,Doctor,89,74,94,87,92,82,79,90.5,78.33,91.5,89.5,85.29,2.58,12.17,0
1988,6,0,8,Designer,97,91,61,75,95,61,89,82.0,80.33,79.0,85.0,81.29,9.03,1.67,0
1990,2,0,17,Stock Investor,77,86,97,85,77,88,93,84.0,89.0,87.0,81.0,86.14,4.79,-5.0,0
1991,0,0,17,Software Engineer,98,63,64,82,64,96,79,77.0,79.33,81.0,73.0,78.0,4.33,-2.33,0
1992,4,0,27,Lawyer,88,96,79,70,95,90,99,83.0,95.0,83.5,82.5,88.14,3.15,-12.0,0
1993,2,1,12,Banker,79,83,76,99,100,84,71,88.5,79.33,77.5,99.5,84.57,6.51,9.17,0
1994,3,0,46,Doctor,92,92,91,95,88,94,93,91.5,93.0,91.5,91.5,92.14,1.96,-1.5,0
1995,1,0,19,Accountant,76,62,90,82,93,71,61,85.25,64.67,83.0,87.5,76.43,3.82,20.58,0
1996,2,0,30,Construction Engineer,83,77,84,73,75,84,82,78.75,81.0,83.5,74.0,79.71,2.57,-2.25,0
1997,2,0,20,Software Engineer,89,65,73,80,87,67,73,82.25,68.33,81.0,83.5,76.29,3.63,13.92,0
1998,5,0,14,Software Engineer,97,85,63,93,68,94,78,80.25,85.67,80.0,80.5,82.57,5.5,-5.42,0
1999,10,1,5,Business Owner,51,96,72,89,95,88,75,76.75,86.33,61.5,92.0,80.86,13.48,-9.58,1
2000,5,0,27,Accountant,82,99,91,69,83,93,100,81.25,97.33,86.5,76.0,88.14,3.15,-16.08,0
