Attendance,Hours_Studied,Access_to_Resources,Previous_Scores,Parental_Involvement,Tutoring_Sessions,Exam_Score,Risk_Tier
84,23,3,73,1,0,67,1
64,19,2,59,1,2,61,0
98,24,2,91,2,2,74,2
89,29,2,98,1,1,71,2
92,19,2,65,2,3,70,2
88,19,2,89,2,3,71,2
84,29,1,68,2,1,67,1
78,25,3,50,1,1,66,1
94,17,3,80,2,0,69,2
98,23,2,71,2,0,72,2
80,17,3,88,1,4,68,1
97,17,3,87,2,2,71,2
83,21,2,97,2,2,70,2
82,9,2,72,2,2,66,1
78,10,3,74,2,1,65,0
68,17,2,70,2,2,64,0
60,14,1,65,2,0,60,0
70,22,2,82,1,1,65,0
80,15,2,91,2,3,67,1
75,12,3,58,2,3,66,1
78,29,2,99,2,0,69,2
99,19,3,84,2,1,72,2
74,20,3,89,2,1,66,1
78,11,2,100,3,1,66,1
65,17,3,75,1,2,63,0
62,21,1,54,3,0,64,0
91,13,2,90,1,1,65,0
83,22,3,94,3,0,71,2
90,16,2,58,2,1,66,1
66,18,3,51,3,2,64,0
83,16,2,57,1,0,63,0
70,31,3,66,2,1,69,2
69,20,2,96,2,2,67,1
60,14,2,50,3,2,61,0
65,25,2,90,3,2,68,1
72,13,2,93,1,1,61,0
65,21,1,91,2,2,64,0
99,8,2,54,2,2,67,1
72,12,2,84,1,1,63,0
65,21,2,98,1,1,64,0
68,24,2,56,3,3,67,1
84,21,2,52,2,1,65,0
63,19,3,94,1,1,64,0
94,18,3,82,2,3,70,2
98,11,2,82,2,1,68,1
70,16,2,98,2,2,65,0
78,17,2,88,2,1,68,1
61,26,1,70,2,2,64,0
86,22,2,72,1,3,68,1
77,9,2,57,2,2,63,0
71,22,2,65,1,1,64,0
68,18,2,72,3,0,64,0
86,16,2,63,1,2,67,1
77,24,1,96,3,0,67,1
67,26,3,51,2,2,66,1
88,26,3,79,2,1,72,2
83,15,3,89,2,1,65,0
94,18,2,87,2,1,71,2
65,22,1,82,3,2,66,1
91,26,1,71,2,0,68,1
87,17,2,96,2,1,70,2
65,19,2,66,2,0,62,0
88,13,3,88,1,2,68,1
78,13,3,96,2,2,67,1
98,25,3,56,1,0,71,2
66,28,3,97,2,0,68,1
86,20,2,89,2,1,69,2
75,26,3,81,1,3,70,2
98,22,3,69,2,1,69,2
73,16,2,95,2,1,65,0
98,22,1,52,2,3,70,2
96,29,1,72,2,1,71,2
71,20,2,88,2,1,65,0
92,29,2,91,1,2,72,2
100,4,3,60,3,0,69,2
70,25,2,52,2,1,66,1
77,21,2,90,1,4,68,1
81,18,1,71,3,0,65,0
72,21,2,57,2,1,64,0
61,8,2,54,2,1,60,0
69,19,3,82,2,1,65,0
71,22,2,79,3,1,66,1
78,29,3,93,3,5,74,2
67,17,2,52,2,2,62,0
95,15,2,93,2,2,70,2
88,17,3,94,2,0,69,2
63,25,3,72,2,3,67,1
86,22,1,54,1,2,64,0
86,17,3,97,2,3,71,2
98,23,1,54,2,0,68,1
60,21,2,80,3,0,64,0
70,26,1,75,2,1,63,0
97,16,2,92,2,0,71,2
97,18,2,75,3,0,69,2
89,18,2,73,3,3,100,2
91,11,2,94,2,3,68,1
64,22,2,98,1,1,62,0
81,22,2,77,2,2,68,1
69,20,3,73,3,2,66,1
67,19,2,92,1,0,64,0
92,12,2,92,2,2,67,1
65,17,3,66,2,1,65,0
79,18,2,79,2,0,65,0
98,15,2,58,3,0,69,2
67,19,2,82,2,1,63,0
99,22,1,92,2,3,72,2
100,31,2,59,2,2,76,2
82,21,3,66,2,3,69,2
67,22,2,72,2,3,67,1
73,20,2,92,3,2,69,2
77,8,2,87,3,0,63,0
72,20,2,66,2,3,67,1
71,20,3,62,1,2,66,1
99,35,3,85,3,2,79,2
66,19,2,74,2,1,64,0
89,22,3,80,3,1,73,2
60,20,3,82,1,2,63,0
84,13,2,78,2,1,65,0
97,27,3,81,1,0,73,2
72,25,3,94,3,2,70,2
67,25,2,93,3,2,68,1
86,15,2,57,2,1,65,0
89,28,3,79,1,0,71,2
88,12,2,72,1,2,64,0
73,24,3,64,2,4,68,1
70,33,2,82,2,1,69,2
98,14,2,76,2,0,69,2
97,17,2,89,2,1,69,2
78,21,2,55,2,1,67,1
94,17,2,65,1,4,68,1
78,11,3,51,2,2,64,0
77,20,2,87,2,0,66,1
66,14,1,96,3,3,63,0
77,23,2,79,2,0,66,1
81,14,2,81,2,1,66,1
61,29,3,52,2,3,67,1
78,15,3,75,3,1,65,0
91,18,2,76,1,1,68,1
87,25,1,52,2,1,68,1
85,13,2,89,3,0,65,0
96,21,2,64,2,2,71,2
61,28,3,86,2,1,65,0
82,10,1,70,2,3,64,0
91,21,2,100,3,0,72,2
82,22,2,61,2,2,65,0
73,25,3,53,2,0,66,1
65,13,3,99,1,0,61,0
96,12,3,62,1,2,68,1
79,23,3,82,3,3,69,2
95,22,3,69,2,1,72,2
83,22,3,82,2,2,71,2
87,22,3,80,3,2,70,2
92,16,3,85,2,1,68,1
86,21,2,51,1,2,67,1
76,22,2,92,2,1,68,1
81,16,2,74,2,3,68,1
92,31,2,76,2,2,72,2
75,23,3,71,1,0,65,0
76,13,3,99,2,2,66,1
64,24,2,90,2,0,65,0
97,14,2,66,2,2,67,1
64,25,3,89,2,2,66,1
86,27,2,72,2,1,69,2
77,15,2,94,2,0,66,1
76,26,3,52,2,4,69,2
87,22,1,68,3,0,67,1
63,25,2,71,3,1,66,1
84,31,2,87,2,2,71,2
91,19,1,59,3,5,70,2
93,15,2,64,3,2,71,2
67,15,2,86,2,1,66,1
96,15,2,54,2,3,67,1
86,20,1,60,3,1,66,1
95,22,3,88,2,0,72,2
79,22,2,94,2,1,68,1
82,25,2,86,2,3,69,2
97,20,2,76,2,2,71,2
96,29,2,55,2,0,70,2
78,18,2,91,2,2,67,1
71,36,2,56,2,2,69,2
76,24,3,69,1,2,65,0
76,15,3,53,3,1,65,0
71,14,2,85,2,2,64,0
71,23,1,75,1,1,63,0
94,19,2,95,1,3,69,2
63,24,1,57,2,1,64,0
87,23,3,91,3,0,72,2
67,20,2,76,1,0,63,0
74,15,3,68,1,3,64,0
62,11,3,82,2,3,64,0
71,17,2,90,2,5,67,1
91,25,2,72,2,2,71,2
95,21,2,62,2,1,70,2
69,13,1,96,2,0,61,0
79,21,3,66,2,2,67,1
79,22,2,100,3,4,72,2
95,15,1,88,1,1,66,1
91,21,3,84,2,1,70,2
81,20,2,51,3,3,67,1
87,13,1,72,3,2,67,1
94,22,2,75,1,2,71,2
60,23,2,69,3,1,66,1
76,26,2,57,2,1,68,1
96,26,2,68,2,3,74,2
90,12,1,54,2,1,64,0
82,14,2,65,2,1,65,0
81,23,2,54,1,1,66,1
74,23,3,88,2,0,66,1
81,23,1,84,2,2,68,1
86,43,2,97,3,2,78,2
77,23,3,69,2,1,67,1
89,27,3,89,2,3,74,2
94,26,3,79,2,1,74,2
66,24,1,82,2,1,62,0
78,18,2,77,3,2,66,1
76,25,2,89,2,3,69,2
87,15,3,52,2,2,68,1
70,19,1,54,2,0,89,2
86,17,1,55,3,2,66,1
95,20,2,64,1,2,68,1
77,34,1,80,2,0,69,2
96,9,2,82,2,0,67,1
100,24,3,86,3,2,75,2
64,10,3,64,2,0,60,0
69,17,2,83,3,2,66,1
98,27,3,56,1,1,73,2
98,20,1,50,2,1,68,1
64,14,2,85,2,0,62,0
61,16,2,86,2,2,62,0
66,24,1,81,3,1,65,0
100,16,1,63,3,2,69,2
67,21,2,96,2,3,64,0
80,20,3,94,2,0,67,1
94,16,3,76,3,0,70,2
61,33,2,99,2,2,70,2
84,24,1,65,3,3,69,2
71,8,1,75,3,0,61,0
94,21,2,96,2,0,69,2
71,16,2,73,3,1,63,0
87,25,1,74,2,0,67,1
87,15,2,54,1,1,65,0
69,19,2,61,2,3,66,1
61,23,2,58,1,4,63,0
76,25,3,78,2,2,68,1
72,13,3,66,3,0,65,0
92,18,2,54,1,1,67,1
92,17,1,75,1,2,68,1
78,16,3,83,2,0,64,0
84,31,2,87,2,0,71,2
84,22,2,92,2,0,69,2
93,12,2,74,2,1,67,1
77,26,2,70,1,2,65,0
71,33,2,84,1,1,68,1
71,26,2,51,3,1,67,1
81,11,2,82,2,3,67,1
78,17,3,70,2,2,66,1
78,28,2,73,3,2,70,2
64,16,1,65,3,3,65,0
89,23,1,56,1,4,69,2
69,25,2,70,2,1,65,0
68,14,2,65,3,1,63,0
77,20,2,98,2,2,67,1
69,1,2,97,3,1,61,0
83,14,1,82,2,0,65,0
75,18,3,95,1,1,66,1
78,13,3,88,2,0,66,1
81,30,1,67,2,1,69,2
68,11,2,80,2,2,63,0
66,17,3,61,1,1,65,0
95,21,1,84,1,0,67,1
77,29,3,52,3,2,69,2
76,11,2,92,1,4,65,0
61,27,2,79,2,1,65,0
80,20,1,53,3,0,65,0
82,14,3,94,2,2,67,1
82,23,2,94,1,1,66,1
88,21,3,93,2,4,72,2
67,16,3,89,2,3,66,1
70,20,2,84,2,2,65,0
92,18,2,70,3,1,69,2
98,21,1,57,2,2,68,1
65,24,1,64,2,1,64,0
80,30,3,67,1,3,69,2
69,13,1,68,2,0,59,0
62,33,2,78,3,0,68,1
73,8,2,60,2,0,60,0
66,19,3,59,2,1,62,0
88,24,2,86,1,0,67,1
81,22,3,50,1,4,68,1
66,16,3,57,2,3,64,0
60,19,3,72,2,3,65,0
92,17,1,57,1,2,65,0
67,16,2,98,3,0,63,0
84,25,1,84,2,2,70,2
73,22,2,72,1,3,66,1
83,16,3,56,2,4,68,1
73,25,1,69,1,3,66,1
63,22,1,83,1,3,63,0
69,25,2,98,3,1,66,1
68,24,2,74,2,1,65,0
77,15,2,85,2,1,66,1
86,17,1,60,3,2,67,1
71,24,2,81,2,0,66,1
60,24,2,62,1,4,63,0
81,20,2,60,2,3,66,1
84,21,2,75,2,1,67,1
99,28,2,61,2,1,71,2
84,16,3,86,2,1,67,1
79,23,3,97,2,1,69,2
83,19,2,70,2,2,67,1
97,19,2,66,3,2,72,2
93,27,1,59,3,2,70,2
73,25,3,70,2,0,67,1
69,25,3,78,1,0,64,0
71,28,2,69,2,1,67,1
80,20,3,81,1,3,69,2
90,24,1,83,1,0,68,1
80,18,2,55,2,2,63,0
63,22,3,85,2,4,68,1
89,19,2,95,3,0,70,2
92,21,1,51,2,0,66,1
72,24,3,78,3,0,68,1
87,15,1,80,3,0,67,1
77,33,3,85,1,0,69,2
96,14,1,69,2,0,66,1
94,13,2,91,2,3,68,1
81,27,2,77,2,2,69,2
88,25,2,70,2,1,70,2
95,24,3,86,2,1,74,2
80,24,3,96,2,0,70,2
73,20,2,91,2,1,66,1
90,15,2,97,3,1,69,2
69,20,3,63,2,0,64,0
76,16,3,56,1,1,62,0
95,26,3,77,1,0,70,2
89,19,2,52,3,2,68,1
76,15,2,84,2,0,65,0
69,18,3,62,3,3,65,0
74,22,3,73,3,3,71,2
71,17,2,83,3,2,66,1
67,15,2,74,2,0,61,0
90,21,2,62,1,2,67,1
70,21,3,94,1,0,65,0
78,17,3,88,2,0,65,0
75,17,3,80,2,1,65,0
99,21,2,85,2,4,73,2
76,11,2,71,2,1,62,0
63,12,3,69,2,0,60,0
64,16,2,58,1,1,61,0
84,19,2,90,1,2,67,1
84,22,2,69,3,3,70,2
77,29,3,85,1,1,69,2
77,25,1,65,2,0,66,1
62,19,2,90,2,2,64,0
81,20,2,55,3,1,68,1
80,14,2,81,3,1,67,1
66,20,2,90,2,0,64,0
64,18,2,83,2,2,65,0
65,22,3,85,1,2,66,1
64,15,2,76,2,2,63,0
84,23,2,78,3,2,68,1
68,29,3,53,2,1,66,1
70,19,2,63,2,3,63,0
67,22,2,86,1,1,63,0
98,24,2,97,3,1,74,2
94,18,3,77,2,1,70,2
69,21,3,86,3,2,68,1
73,20,2,84,2,0,66,1
68,21,1,100,2,0,63,0
80,15,3,90,1,4,67,1
61,20,2,81,2,1,62,0
87,23,3,56,3,1,71,2
81,29,2,68,3,2,72,2
96,26,2,63,2,1,72,2
67,33,2,93,2,0,68,1
92,15,1,72,2,1,66,1
92,25,2,77,2,0,70,2
65,21,1,98,2,2,66,1
76,33,2,92,2,1,72,2
67,15,2,89,3,0,64,0
70,15,2,57,3,1,63,0
71,16,2,51,2,0,61,0
82,7,3,56,3,0,62,0
76,17,3,87,2,1,68,1
98,15,2,71,1,1,68,1
65,21,2,56,1,1,63,0
99,22,1,87,2,1,70,2
69,31,1,60,3,1,68,1
91,26,2,79,3,1,72,2
74,17,2,87,2,4,67,1
66,15,3,80,1,1,61,0
94,23,2,100,1,0,69,2
72,12,1,72,2,2,61,0
86,31,3,66,3,3,75,2
83,27,1,60,3,0,68,1
79,17,1,75,2,1,65,0
80,10,2,93,3,4,67,1
89,28,3,97,2,3,75,2
64,19,2,99,1,1,64,0
87,27,2,77,2,1,70,2
96,10,3,80,3,0,67,1
62,16,2,79,2,2,63,0
66,20,3,73,3,1,65,0
89,20,2,58,2,1,67,1
77,17,3,53,1,2,86,2
76,24,3,72,1,3,67,1
65,14,2,59,3,1,63,0
80,19,2,94,2,0,66,1
65,21,3,88,3,2,65,0
79,23,2,81,2,1,67,1
91,24,2,52,2,0,69,2
70,13,3,81,3,2,66,1
79,11,2,81,2,1,64,0
100,28,1,72,3,1,73,2
87,22,2,83,1,1,66,1
94,16,2,93,2,1,68,1
77,29,1,88,3,0,70,2
91,21,2,74,3,2,69,2
62,27,3,63,2,4,67,1
65,20,1,74,2,0,62,0
68,32,1,97,2,1,68,1
76,31,3,91,2,1,72,2
94,19,2,51,1,3,69,2
74,26,1,89,1,3,66,1
86,24,3,59,3,1,70,2
88,28,2,79,3,0,71,2
83,14,2,90,2,0,65,0
74,24,2,78,3,3,70,2
83,26,1,70,1,2,65,0
74,9,3,66,2,1,62,0
63,13,2,65,3,2,62,0
100,8,2,92,3,1,70,2
65,18,3,91,2,5,66,1
63,24,1,91,3,4,67,1
95,29,1,64,2,1,72,2
72,20,1,90,3,0,66,1
86,30,1,52,2,2,68,1
73,12,2,60,3,1,62,0
76,10,2,76,1,2,64,0
70,20,2,70,2,0,65,0
74,22,1,56,2,4,66,1
76,20,1,52,2,2,64,0
89,8,3,81,2,4,67,1
80,19,2,66,3,4,69,2
98,12,2,51,3,0,68,1
62,24,2,72,2,2,64,0
80,22,2,65,3,2,68,1
83,14,1,79,1,1,64,0
97,17,3,96,2,0,71,2
62,14,3,65,3,3,61,0
83,20,2,100,1,4,68,1
94,26,2,54,3,2,73,2
70,14,2,54,3,3,64,0
95,23,2,86,2,3,72,2
61,17,2,87,2,5,65,0
89,15,2,71,2,1,68,1
97,19,1,64,3,2,71,2
86,14,1,90,2,3,65,0
78,17,2,98,2,2,66,1
62,13,3,99,1,4,63,0
97,32,3,82,2,1,74,2
79,20,1,87,3,2,66,1
61,16,1,91,2,2,63,0
88,21,2,90,3,2,72,2
79,19,3,100,2,1,69,2
65,19,3,91,2,1,67,1
69,24,3,83,1,3,66,1
63,25,2,69,3,0,64,0
83,17,2,80,1,4,67,1
85,17,1,94,2,4,69,2
80,18,1,65,2,2,65,0
93,6,2,52,2,0,64,0
94,11,1,66,2,1,65,0
85,28,3,98,2,2,72,2
61,30,3,90,1,2,66,1
88,19,1,59,2,2,66,1
77,23,3,51,3,1,67,1
83,22,2,83,2,1,69,2
86,38,3,79,1,3,73,2
74,27,3,54,2,3,69,2
97,19,1,98,2,1,68,1
65,14,2,81,1,1,61,0
87,10,1,83,2,0,63,0
60,21,3,93,2,0,63,0
97,15,2,67,1,1,68,1
65,11,3,78,2,2,63,0
64,16,2,79,3,3,66,1
73,14,2,98,3,2,65,0
75,30,3,57,3,0,68,1
69,25,2,88,2,0,66,1
83,20,1,79,1,2,66,1
78,29,2,92,3,2,70,2
61,20,1,92,1,0,61,0
73,15,1,51,2,2,61,0
92,29,2,63,2,1,71,2
88,23,2,59,1,1,67,1
89,14,3,73,3,2,70,2
88,19,2,95,3,2,69,2
72,15,3,50,3,2,65,0
64,12,1,74,3,0,61,0
71,26,1,94,2,3,68,1
93,31,1,96,3,2,74,2
99,12,2,83,2,1,67,1
80,23,2,91,2,5,70,2
60,16,2,66,1,1,59,0
66,17,3,64,3,0,64,0
73,16,2,52,3,2,66,1
83,15,1,75,1,1,63,0
63,20,1,73,1,0,61,0
98,15,3,69,1,2,68,1
75,22,2,56,2,3,65,0
97,20,3,62,2,1,69,2
91,19,1,60,3,2,68,1
90,15,1,97,2,2,69,2
84,17,1,98,2,1,67,1
85,25,3,50,3,1,70,2
86,23,2,59,2,1,68,1
85,14,2,94,2,0,67,1
82,21,2,52,3,4,67,1
99,25,2,97,3,0,75,2
89,10,1,69,1,3,63,0
91,23,2,77,1,1,70,2
95,16,1,88,2,2,70,2
69,23,3,62,2,1,64,0
63,15,1,55,2,0,59,0
79,9,1,90,2,1,63,0
81,10,2,99,3,2,67,1
93,20,3,83,1,0,68,1
78,22,2,91,2,0,68,1
83,15,2,97,2,2,97,2
81,24,1,61,2,1,66,1
62,10,1,68,2,3,61,0
85,20,2,61,3,2,70,2
93,13,1,53,1,1,65,0
66,16,2,87,1,3,64,0
84,20,3,57,2,2,69,2
84,15,3,55,2,1,64,0
67,18,1,68,1,2,61,0
65,26,2,53,1,3,64,0
99,17,3,59,2,0,68,1
76,25,3,53,2,1,67,1
69,13,1,94,3,3,62,0
67,23,2,89,2,2,66,1
87,29,3,93,2,1,72,2
84,5,2,93,2,4,68,1
86,15,3,97,2,4,71,2
64,23,2,59,2,3,65,0
96,19,1,95,2,2,68,1
76,22,1,76,2,2,65,0
73,16,1,58,3,1,64,0
78,21,1,83,2,2,65,0
76,19,3,66,3,0,65,0
95,27,2,52,3,3,73,2
97,22,3,54,2,1,72,2
72,22,2,71,1,1,64,0
95,18,2,91,2,0,69,2
91,17,2,66,2,1,69,2
97,17,3,88,2,0,70,2
70,22,2,53,1,1,83,2
83,17,2,70,3,3,68,1
71,22,3,56,1,1,84,2
93,32,2,93,2,1,75,2
60,25,3,98,1,1,67,1
83,18,3,66,2,0,69,2
74,27,2,99,3,3,71,2
73,18,1,88,2,1,66,1
86,8,3,50,2,1,65,0
94,14,2,74,3,1,70,2
84,9,1,92,3,1,66,1
94,18,2,77,3,3,74,2
71,20,2,77,3,0,66,1
81,30,3,72,2,0,68,1
78,22,3,70,2,2,68,1
60,19,3,51,2,0,62,0
82,25,3,81,2,2,71,2
86,7,1,88,2,2,63,0
84,21,3,90,3,2,69,2
89,25,2,81,2,3,71,2
83,11,1,67,3,1,66,1
63,27,3,51,2,0,64,0
65,22,2,95,2,3,65,0
84,18,3,71,2,4,69,2
71,24,1,80,2,2,66,1
63,34,3,60,2,1,67,1
77,21,1,57,2,4,65,0
82,21,1,54,1,3,65,0
73,17,2,90,3,1,67,1
89,15,2,82,1,1,66,1
86,25,2,81,2,1,69,2
73,15,3,96,2,1,64,0
90,20,2,58,2,1,70,2
86,17,2,59,3,3,68,1
85,23,1,59,3,1,68,1
82,22,2,71,3,1,69,2
60,26,2,94,2,3,68,1
88,17,2,94,2,5,70,2
75,18,2,80,3,2,67,1
98,14,3,83,3,3,72,2
93,17,1,95,3,1,69,2
84,22,2,81,3,1,69,2
70,25,2,61,1,3,64,0
68,14,2,85,1,2,63,0
74,25,3,88,3,3,70,2
79,28,2,82,3,0,70,2
72,22,2,64,3,1,66,1
81,31,2,70,2,1,70,2
67,15,3,74,2,0,66,1
99,13,2,57,2,1,68,1
64,9,2,73,2,1,61,0
97,29,2,58,2,1,72,2
97,24,1,75,3,1,69,2
81,20,1,53,2,0,63,0
89,22,3,97,2,2,72,2
77,13,2,62,2,1,65,0
85,35,3,73,2,1,74,2
74,21,1,52,2,1,62,0
72,21,2,60,3,0,65,0
83,24,3,85,1,1,68,1
80,23,1,56,2,3,66,1
83,21,2,81,3,3,71,2
71,15,3,50,2,1,62,0
75,23,3,73,1,1,65,0
63,31,3,86,2,0,68,1
62,28,3,96,2,4,70,2
70,30,2,75,1,1,67,1
63,17,2,92,2,2,63,0
64,14,3,90,3,0,63,0
93,19,3,65,2,0,69,2
62,20,2,94,1,3,66,1
86,27,2,82,2,2,70,2
71,10,2,55,2,2,63,0
95,29,2,97,1,0,72,2
79,19,2,59,3,1,65,0
72,17,3,74,2,2,67,1
81,14,2,73,2,1,63,0
75,10,2,81,3,3,65,0
83,25,2,83,2,2,67,1
65,20,1,62,2,0,80,2
100,12,2,68,2,2,68,1
77,12,2,57,2,2,63,0
74,18,2,56,2,1,64,0
88,30,2,91,2,3,73,2
75,18,2,88,2,2,66,1
93,11,2,72,2,2,66,1
78,19,3,55,3,0,66,1
89,18,3,72,2,4,69,2
64,4,3,65,2,1,59,0
94,20,2,89,2,0,68,1
89,19,2,55,2,1,67,1
68,24,2,73,2,1,64,0
66,31,3,80,1,0,65,0
73,27,2,99,2,1,68,1
99,18,3,54,2,0,70,2
70,13,2,56,2,2,62,0
78,35,1,99,3,1,72,2
61,20,1,70,2,1,62,0
76,20,3,87,3,1,68,1
83,20,2,89,3,3,69,2
98,21,2,66,3,3,73,2
81,19,3,61,3,3,69,2
93,17,2,64,2,1,67,1
82,17,1,88,2,2,65,0
62,20,1,92,1,2,63,0
73,17,2,85,3,2,66,1
83,16,2,72,2,1,66,1
98,21,3,63,2,0,70,2
94,18,2,71,2,2,69,2
69,29,3,96,2,1,70,2
69,4,1,93,2,2,58,0
68,27,2,66,2,3,67,1
97,27,3,66,3,1,73,2
94,8,1,89,3,0,66,1
91,18,3,71,3,0,70,2
76,18,3,79,3,1,67,1
80,12,1,71,1,1,60,0
79,15,2,62,3,1,65,0
70,13,2,59,2,0,63,0
80,31,3,57,3,1,72,2
61,26,2,51,1,0,62,0
65,28,2,64,2,6,70,2
95,24,1,59,3,2,70,2
90,13,2,63,2,0,64,0
77,17,2,54,2,3,64,0
81,23,1,67,2,0,67,1
75,13,3,76,2,1,64,0
90,24,2,97,2,1,72,2
91,19,1,67,2,0,66,1
91,18,2,52,2,2,66,1
89,24,3,68,2,0,71,2
68,23,1,91,1,5,66,1
74,18,1,67,2,2,64,0
79,27,1,65,2,0,66,1
73,14,1,96,2,1,62,0
90,24,2,65,2,4,70,2
73,24,2,99,2,3,69,2
66,18,2,92,3,2,65,0
76,22,2,84,3,2,70,2
99,12,3,80,3,0,70,2
69,26,2,61,2,1,67,1
84,19,3,87,2,2,69,2
77,17,2,67,1,0,62,0
63,26,3,74,2,1,67,1
80,16,2,55,3,0,65,0
88,12,2,65,2,0,65,0
81,11,3,76,2,1,65,0
95,24,1,73,2,3,69,2
72,12,2,67,2,4,63,0
63,31,3,74,1,3,66,1
97,8,3,87,2,0,67,1
75,30,2,73,2,1,69,2
83,21,2,75,2,1,67,1
92,19,2,85,2,1,70,2
73,17,3,92,3,2,67,1
89,22,2,76,3,2,70,2
65,20,3,97,3,0,65,0
72,27,1,68,2,0,63,0
66,21,2,63,2,0,64,0
92,21,2,85,3,1,69,2
69,18,2,59,1,1,60,0
89,20,2,95,1,3,69,2
98,22,1,69,2,4,72,2
81,10,1,85,2,1,63,0
82,12,2,79,1,0,63,0
78,24,1,53,3,0,66,1
73,21,2,85,2,6,70,2
79,19,3,90,2,1,68,1
84,20,2,99,2,2,69,2
99,22,2,71,2,0,72,2
98,17,3,75,1,1,67,1
94,15,2,94,1,1,68,1
96,21,3,63,2,1,70,2
79,14,2,59,3,5,68,1
86,22,2,57,2,2,69,2
96,10,2,99,2,1,68,1
76,26,2,64,2,0,66,1
98,23,2,88,2,1,72,2
77,22,2,72,2,2,67,1
84,26,3,62,1,3,70,2
88,30,2,96,3,1,73,2
98,26,1,73,2,1,73,2
70,9,2,78,2,1,60,0
90,12,3,61,2,2,67,1
81,16,2,66,3,3,69,2
71,20,1,87,2,1,65,0
91,23,3,67,1,2,70,2
82,16,3,75,3,3,68,1
86,21,1,56,2,1,66,1
73,15,3,93,1,1,65,0
79,16,2,87,1,1,64,0
85,12,3,88,3,1,67,1
76,14,2,59,3,3,65,0
68,12,3,75,3,1,64,0
98,14,3,51,3,0,67,1
80,26,1,66,2,2,70,2
89,14,1,67,2,3,63,0
76,36,2,96,2,1,71,2
74,23,1,100,3,2,68,1
76,21,2,81,2,0,67,1
76,15,3,76,3,1,67,1
82,24,2,72,1,0,68,1
82,17,2,51,3,1,66,1
80,21,2,90,2,0,68,1
65,35,2,84,3,0,70,2
80,19,1,82,1,5,67,1
67,27,2,90,1,2,67,1
65,16,3,96,1,2,62,0
97,20,3,69,2,0,67,1
84,31,3,71,2,4,70,2
86,16,3,99,3,4,72,2
76,31,2,83,2,2,70,2
96,24,3,93,1,2,94,2
86,17,2,61,2,2,66,1
91,24,1,66,1,2,69,2
75,26,2,70,3,0,68,1
98,24,1,66,3,2,71,2
93,11,2,94,3,4,69,2
94,16,2,76,2,2,67,1
67,19,2,98,1,2,64,0
71,20,2,66,2,1,63,0
71,24,3,52,2,2,66,1
71,21,2,57,3,2,66,1
94,12,3,61,1,3,69,2
61,22,1,82,1,4,64,0
63,24,2,59,3,1,62,0
71,23,2,69,2,3,66,1
68,26,3,90,2,4,70,2
69,25,2,56,3,2,67,1
92,23,2,54,1,0,68,1
83,20,1,77,3,0,67,1
60,10,2,85,2,0,62,0
77,23,2,96,1,1,67,1
76,21,3,83,2,0,68,1
65,22,2,97,1,2,64,0
87,12,1,62,2,2,64,0
88,14,2,67,2,2,66,1
89,26,1,92,2,2,72,2
89,20,3,91,2,2,72,2
60,24,3,83,2,2,66,1
98,20,2,75,1,4,72,2
93,20,2,51,3,1,69,2
96,26,3,64,3,2,72,2
61,17,1,58,1,1,60,0
97,21,2,53,2,0,69,2
92,17,3,89,2,0,68,1
93,17,2,57,1,3,69,2
64,18,1,68,2,1,62,0
90,21,2,99,2,2,71,2
98,17,3,70,2,1,70,2
87,28,1,57,1,2,68,1
83,15,2,84,3,1,68,1
98,19,3,90,2,1,70,2
78,17,3,64,2,0,65,0
84,29,2,90,3,0,73,2
79,21,2,64,3,0,66,1
97,26,2,85,2,2,71,2
63,11,2,56,3,2,62,0
80,22,2,71,2,2,68,1
87,25,3,76,2,1,70,2
92,20,1,86,2,0,68,1
83,26,1,83,3,2,71,2
96,17,2,93,2,2,70,2
98,28,2,59,2,1,72,2
63,34,3,83,2,2,69,2
76,18,3,56,2,1,63,0
61,17,2,74,2,0,62,0
73,29,2,76,2,2,68,1
81,29,2,51,1,2,70,2
96,17,2,54,2,1,69,2
94,17,2,92,2,2,68,1
65,18,2,64,3,2,65,0
64,12,1,67,2,3,59,0
84,14,2,82,2,3,66,1
81,14,2,61,3,0,64,0
71,15,2,60,1,5,63,0
96,20,2,71,2,5,72,2
97,21,3,53,2,0,67,1
76,29,2,96,2,2,94,2
96,14,3,97,2,2,70,2
75,26,2,72,1,0,66,1
89,19,2,60,1,4,69,2
79,20,1,74,2,2,64,0
65,24,2,55,2,1,63,0
97,13,3,70,3,1,71,2
78,22,2,54,3,1,65,0
89,21,2,85,1,1,68,1
75,23,2,64,2,1,64,0
61,22,1,76,1,1,64,0
64,35,2,51,2,2,66,1
80,16,2,76,3,1,68,1
88,17,2,50,2,3,67,1
73,16,3,96,1,1,66,1
88,17,2,75,2,2,68,1
88,16,2,55,1,3,66,1
88,27,2,67,2,3,71,2
80,29,3,52,2,4,71,2
97,17,3,77,2,0,68,1
80,15,1,56,3,3,64,0
78,23,2,74,2,3,67,1
68,17,2,65,3,0,64,0
72,24,1,88,3,3,68,1
62,21,1,74,2,0,62,0
85,11,1,92,2,0,64,0
70,29,3,97,1,3,70,2
72,31,2,98,2,0,68,1
91,16,2,63,2,2,69,2
73,18,2,88,1,3,65,0
70,22,3,72,2,2,67,1
67,22,2,71,3,2,65,0
91,24,2,93,3,0,71,2
65,32,1,57,2,2,65,0
78,19,2,74,2,2,66,1
80,15,2,80,3,0,65,0
87,12,2,53,2,2,65,0
85,16,2,93,1,1,68,1
92,20,2,66,2,2,68,1
62,31,2,83,3,0,67,1
72,17,2,96,1,3,65,0
71,21,1,86,2,2,66,1
66,20,2,94,2,0,63,0
72,27,3,53,3,1,70,2
72,35,3,75,3,1,72,2
81,17,3,78,2,2,67,1
87,17,1,84,3,0,67,1
75,26,2,56,1,1,66,1
89,24,2,83,1,1,66,1
73,31,2,57,3,2,69,2
72,24,1,53,2,0,62,0
82,18,2,73,1,2,66,1
61,24,2,80,2,0,64,0
63,27,2,98,3,1,67,1
77,25,3,85,3,2,71,2
98,23,2,80,3,1,73,2
89,26,1,61,2,0,68,1
64,27,1,58,3,2,66,1
94,28,3,80,2,3,75,2
89,24,3,61,2,1,72,2
84,19,1,85,3,1,68,1
93,21,2,56,2,1,68,1
76,27,3,67,1,1,69,2
69,15,2,89,2,1,63,0
80,22,3,92,2,0,70,2
82,18,2,67,1,1,66,1
82,20,1,60,1,3,66,1
83,28,3,98,2,1,72,2
98,21,2,88,1,1,71,2
96,20,2,90,3,3,72,2
95,12,2,61,2,4,69,2
92,24,3,71,1,2,71,2
98,24,1,53,2,3,69,2
64,33,2,55,3,1,68,1
71,18,1,61,1,2,61,0
80,21,3,65,2,2,68,1
94,21,2,100,3,0,72,2
80,29,2,71,2,0,70,2
90,19,2,85,3,0,73,2
66,22,3,95,2,3,67,1
70,24,3,62,2,2,65,0
89,21,2,57,2,1,68,1
67,17,3,62,1,3,65,0
74,21,2,94,3,1,97,2
71,26,1,83,3,1,66,1
74,14,3,73,3,2,67,1
88,21,2,91,3,2,70,2
75,16,2,62,3,3,66,1
82,27,3,62,2,1,69,2
64,11,2,78,3,2,62,0
92,17,1,90,2,1,68,1
75,22,3,63,2,1,67,1
86,29,2,61,2,0,68,1
89,20,2,74,3,1,69,2
68,17,2,57,2,1,62,0
95,31,2,87,3,2,75,2
85,11,2,79,2,2,65,0
77,7,2,76,3,2,63,0
67,23,2,94,3,1,66,1
98,17,3,87,1,3,71,2
90,14,2,57,3,0,66,1
68,24,2,71,2,2,66,1
74,21,3,66,2,1,66,1
92,17,3,90,3,1,71,2
88,12,2,86,2,3,68,1
91,25,2,74,2,1,71,2
78,24,2,91,2,0,68,1
89,19,2,71,1,2,68,1
75,31,2,90,2,2,68,1
68,14,2,52,2,2,62,0
85,11,1,57,3,0,65,0
99,16,3,88,1,2,71,2
72,20,3,56,2,0,63,0
78,21,2,84,3,1,68,1
87,19,1,86,3,1,69,2
82,22,3,83,3,1,69,2
94,12,3,91,2,3,71,2
90,29,3,76,2,0,71,2
62,20,2,95,2,0,62,0
100,27,1,78,1,2,70,2
90,22,3,75,3,1,70,2
95,23,2,75,2,2,73,2
86,23,3,96,2,3,71,2
94,23,1,62,2,2,69,2
64,24,3,85,2,0,66,1
74,28,1,62,2,1,65,0
95,21,2,55,3,2,71,2
68,24,2,98,2,2,68,1
63,19,3,56,2,2,64,0
92,29,1,84,1,2,71,2
93,16,2,71,1,0,67,1
67,31,1,92,2,2,66,1
94,20,3,89,1,1,71,2
87,11,2,57,1,0,62,0
81,21,2,73,3,3,67,1
93,16,1,51,2,3,67,1
77,25,2,71,1,0,66,1
68,16,2,85,1,1,64,0
71,17,2,62,1,2,62,0
80,9,3,91,2,1,65,0
81,17,1,53,2,0,63,0
92,5,2,52,2,2,64,0
92,10,3,51,1,1,65,0
83,25,3,64,2,0,68,1
91,25,3,73,2,2,72,2
68,23,2,55,2,0,64,0
62,14,2,100,3,1,62,0
95,20,1,100,2,3,69,2
63,20,1,76,1,3,64,0
70,13,2,78,3,1,61,0
88,29,3,96,2,2,72,2
76,25,1,88,2,1,66,1
95,19,1,58,3,2,69,2
72,20,2,90,2,2,65,0
60,21,2,62,3,2,64,0
72,8,2,72,1,3,62,0
83,19,2,77,2,1,66,1
75,16,1,86,1,0,62,0
81,14,2,58,2,3,66,1
95,18,3,54,2,2,70,2
96,31,2,93,2,3,75,2
71,24,3,91,1,3,67,1
78,17,2,76,1,4,66,1
82,23,3,83,2,2,71,2
98,28,2,86,3,2,75,2
100,26,3,74,3,1,72,2
69,20,2,63,3,2,64,0
89,16,2,74,2,1,65,0
75,24,2,98,1,1,67,1
60,22,2,92,2,2,63,0
60,25,1,73,2,1,62,0
78,24,3,61,1,2,69,2
80,26,2,94,2,1,70,2
61,17,2,82,1,0,63,0
87,28,2,70,2,2,71,2
72,21,1,56,2,0,63,0
82,32,2,88,1,0,71,2
72,16,2,66,2,0,63,0
67,30,3,80,2,0,68,1
76,21,1,78,2,0,65,0
69,16,3,85,3,0,66,1
81,17,2,77,1,3,66,1
68,18,3,82,3,0,66,1
80,23,1,54,1,0,65,0
66,23,3,83,2,0,66,1
87,17,2,60,2,4,67,1
90,20,2,70,3,0,68,1
64,33,1,76,2,2,68,1
79,30,2,84,1,3,69,2
63,23,1,87,2,1,64,0
84,20,2,85,2,0,67,1
71,21,2,55,2,1,63,0
81,24,3,69,1,3,67,1
81,14,3,64,2,2,64,0
97,18,2,70,1,0,66,1
82,10,2,82,3,2,65,0
83,22,2,60,2,4,68,1
76,24,3,75,1,0,66,1
98,17,3,94,3,0,71,2
91,29,3,87,2,2,74,2
71,13,3,86,2,2,65,0
94,11,3,92,1,0,68,1
77,21,3,70,2,2,68,1
93,26,2,88,2,1,72,2
93,30,3,53,3,3,74,2
68,17,3,53,1,0,61,0
88,26,1,67,1,0,65,0
72,20,1,60,3,0,63,0
72,19,2,76,3,1,66,1
72,25,3,59,1,2,66,1
89,24,2,99,3,2,73,2
69,11,2,93,2,0,63,0
60,29,3,99,3,0,68,1
89,28,1,90,3,3,73,2
67,16,3,98,1,0,63,0
64,22,3,68,2,2,65,0
70,23,3,75,1,0,66,1
75,22,1,62,1,0,65,0
79,17,3,82,1,0,66,1
62,16,2,89,3,3,65,0
99,20,2,75,2,2,70,2
89,27,2,65,2,1,70,2
73,23,2,75,3,0,68,1
73,18,3,53,2,1,64,0
78,25,2,86,2,1,68,1
85,3,3,73,1,2,62,0
66,27,2,95,2,1,68,1
68,10,2,96,1,1,61,0
94,18,2,56,3,1,69,2
70,13,2,100,2,3,65,0
75,12,3,98,2,2,65,0
95,27,3,81,2,3,72,2
87,17,2,91,2,3,70,2
74,22,3,51,2,1,65,0
87,20,2,99,2,3,69,2
61,23,1,73,3,1,65,0
89,20,2,95,1,3,69,2
79,12,2,69,1,2,65,0
93,26,3,89,2,0,72,2
98,17,1,71,3,0,70,2
97,11,2,68,2,0,64,0
96,17,1,97,2,0,67,1
80,29,1,85,2,0,69,2
74,25,2,92,1,4,70,2
79,18,2,77,2,1,65,0
88,18,3,96,3,1,69,2
95,18,2,87,3,5,74,2
68,32,2,54,1,1,66,1
97,22,2,88,2,1,72,2
93,23,1,51,2,0,67,1
99,26,3,91,1,2,75,2
95,21,1,67,2,3,70,2
71,18,1,80,1,1,63,0
64,19,2,87,2,2,65,0
64,20,3,82,2,3,64,0
72,20,3,84,2,2,65,0
85,24,2,95,2,2,70,2
92,20,1,69,2,0,67,1
96,24,2,77,2,0,67,1
85,20,3,59,2,1,68,1
60,20,2,73,2,4,65,0
67,8,2,58,3,2,61,0
64,25,1,82,2,2,63,0
75,22,1,66,2,2,80,2
80,26,2,93,2,2,69,2
62,3,1,67,2,1,55,0
74,33,2,64,2,2,70,2
67,19,2,75,2,1,65,0
86,27,2,59,1,1,68,1
79,14,1,60,2,3,64,0
80,24,2,89,2,1,69,2
77,14,3,75,1,1,89,2
98,16,1,60,2,1,67,1
69,31,2,52,2,2,92,2
81,19,3,73,3,1,67,1
89,21,2,87,1,3,70,2
82,25,1,68,3,1,68,1
97,23,1,62,2,0,70,2
75,21,2,70,2,3,67,1
79,22,2,98,2,0,69,2
64,34,2,71,2,0,67,1
84,20,3,63,3,0,69,2
72,21,3,78,2,0,63,0
66,26,2,91,2,3,69,2
82,27,3,51,2,1,66,1
81,27,2,78,2,0,68,1
63,24,2,92,2,4,69,2
88,13,1,61,3,4,66,1
85,30,2,96,2,1,72,2
68,13,2,79,1,1,62,0
79,22,2,76,2,1,67,1
89,15,1,98,3,0,67,1
81,20,3,56,3,1,67,1
76,22,1,87,2,2,65,0
73,22,1,91,3,1,67,1
84,23,1,74,1,3,66,1
98,30,1,50,1,0,70,2
87,23,3,76,1,2,71,2
63,19,3,58,1,2,64,0
78,26,3,78,1,4,69,2
96,27,3,87,2,0,72,2
64,13,1,77,2,0,60,0
100,24,1,82,2,1,71,2
98,24,2,55,2,0,71,2
63,18,3,55,3,2,66,1
97,28,2,93,2,3,74,2
75,19,2,52,2,0,64,0
94,21,1,64,2,2,68,1
77,19,1,97,3,4,66,1
78,20,2,73,2,1,65,0
85,13,3,84,1,0,64,0
91,11,1,61,2,1,65,0
61,30,3,64,3,4,69,2
84,15,3,75,2,2,68,1
67,14,3,82,2,1,62,0
74,7,3,98,1,3,63,0
74,16,1,79,3,0,65,0
79,12,3,55,1,1,62,0
73,30,2,68,1,0,67,1
64,26,3,62,1,1,64,0
66,16,1,63,2,2,61,0
61,34,2,75,1,1,65,0
79,26,1,66,3,1,67,1
98,18,1,64,3,0,70,2
65,5,3,98,2,1,59,0
98,34,3,79,2,1,75,2
89,12,2,63,1,4,67,1
85,10,2,64,2,1,64,0
86,26,3,91,2,3,72,2
93,35,2,94,2,5,76,2
64,28,3,84,2,2,69,2
80,23,2,72,1,0,65,0
88,24,2,88,3,2,72,2
83,25,3,97,2,0,69,2
93,25,2,58,3,0,71,2
63,22,2,93,3,0,64,0
88,21,3,92,3,2,74,2
81,20,3,68,2,0,68,1
75,15,3,65,2,1,66,1
74,18,2,78,2,0,65,0
85,10,2,64,3,2,67,1
96,19,2,57,2,0,69,2
80,14,1,98,3,2,66,1
93,13,3,75,2,1,69,2
76,21,2,74,2,2,67,1
64,28,2,56,2,1,64,0
62,26,3,75,3,2,67,1
62,11,3,87,1,3,61,0
75,14,1,62,2,0,61,0
73,26,2,68,2,4,68,1
89,14,3,59,1,2,66,1
90,19,2,68,2,0,66,1
62,23,3,93,2,2,68,1
69,14,3,62,1,1,63,0
71,21,2,51,2,3,66,1
82,12,2,77,3,0,66,1
66,16,2,79,3,0,66,1
65,22,2,66,2,2,65,0
98,10,2,82,2,2,69,2
92,23,3,52,2,1,71,2
67,20,3,67,3,1,66,1
76,23,2,57,2,1,66,1
74,21,3,61,2,0,65,0
92,28,2,69,1,4,71,2
80,21,3,75,2,3,69,2
65,17,1,55,1,2,61,0
90,21,2,55,3,1,70,2
76,23,2,84,2,2,70,2
71,20,2,70,2,0,65,0
75,20,1,59,2,2,64,0
80,16,3,62,3,0,68,1
74,16,2,86,1,1,63,0
70,12,3,53,2,2,63,0
76,30,2,75,2,3,71,2
61,13,1,68,3,1,58,0
91,16,2,91,2,1,68,1
67,16,3,90,2,1,65,0
62,25,2,84,2,2,65,0
86,18,1,69,3,2,68,1
91,27,3,82,1,0,69,2
93,16,2,82,2,5,71,2
80,22,2,67,1,2,65,0
68,15,2,94,1,0,64,0
89,33,2,99,1,2,75,2
88,13,2,66,3,1,67,1
70,22,3,90,2,1,68,1
96,24,3,75,3,1,72,2
64,22,2,73,2,3,67,1
99,19,2,69,3,1,72,2
94,19,1,65,2,1,69,2
88,20,1,96,1,0,68,1
98,19,2,87,2,0,70,2
89,26,2,72,2,1,69,2
68,33,1,88,2,2,67,1
78,17,2,86,2,0,63,0
63,12,3,63,2,4,61,0
76,19,3,59,2,1,66,1
90,35,2,92,3,0,73,2
75,15,3,91,2,0,67,1
73,30,2,100,3,2,72,2
84,30,2,51,3,1,69,2
95,17,3,77,1,2,69,2
62,23,3,85,1,1,63,0
75,30,2,79,2,0,67,1
66,18,2,86,2,0,63,0
88,19,3,57,2,1,66,1
64,17,2,50,2,2,62,0
87,14,2,55,2,2,68,1
71,16,3,69,2,1,65,0
68,13,1,66,1,0,59,0
97,20,2,94,3,1,72,2
61,15,3,54,2,0,63,0
78,21,2,72,2,1,68,1
61,11,2,98,2,0,61,0
79,22,2,75,1,1,65,0
80,25,2,57,2,2,68,1
73,8,2,65,1,1,61,0
65,22,1,81,1,1,63,0
75,27,2,51,2,1,67,1
87,13,2,98,1,0,66,1
91,30,2,78,2,3,75,2
81,23,2,85,2,0,68,1
84,16,2,75,1,2,65,0
68,20,2,98,1,0,64,0
71,23,2,79,3,2,67,1
66,20,2,83,1,2,64,0
70,23,3,93,2,0,67,1
69,14,3,93,2,2,63,0
81,21,2,51,3,0,67,1
83,12,1,64,3,1,65,0
98,19,1,62,3,1,70,2
68,15,2,50,2,2,62,0
86,16,2,94,3,2,69,2
93,27,1,66,2,2,70,2
82,27,2,67,2,1,68,1
70,24,3,55,2,4,68,1
71,13,2,99,2,0,64,0
62,18,3,91,1,4,63,0
72,27,1,79,1,2,68,1
90,21,1,89,3,1,67,1
62,34,1,89,3,3,68,1
69,22,3,83,2,1,66,1
88,21,2,59,2,2,67,1
91,18,2,86,3,1,69,2
78,21,2,78,3,2,68,1
88,19,3,86,2,4,70,2
76,24,2,77,2,3,68,1
66,26,2,98,1,2,66,1
76,15,3,81,2,2,67,1
83,12,2,79,2,1,65,0
98,9,2,92,2,0,67,1
63,23,2,69,2,2,63,0
80,13,3,66,1,2,64,0
73,7,2,75,3,3,64,0
80,22,1,79,1,0,66,1
61,35,3,61,2,2,68,1
73,20,2,84,3,0,67,1
93,25,3,90,2,1,72,2
82,20,2,79,2,1,67,1
78,19,2,76,2,2,66,1
71,26,1,65,3,1,66,1
72,18,3,95,3,1,67,1
75,22,2,88,2,0,65,0
93,22,2,74,3,2,70,2
99,16,2,83,1,0,69,2
78,26,3,67,3,1,69,2
76,19,2,53,3,1,66,1
94,15,1,60,2,2,66,1
77,23,3,54,3,1,67,1
82,15,3,75,2,1,67,1
69,20,2,81,2,2,67,1
90,20,3,69,3,2,72,2
81,27,1,77,2,1,68,1
92,23,1,54,2,3,70,2
91,20,2,88,2,1,69,2
69,25,1,52,3,1,65,0
89,28,3,82,3,0,72,2
92,23,3,72,2,0,69,2
74,20,2,59,2,5,68,1
67,12,3,76,3,1,62,0
60,14,1,89,2,2,60,0
78,18,2,71,3,3,67,1
74,16,3,68,3,2,67,1
82,19,3,57,2,1,67,1
68,20,2,80,2,0,63,0
94,23,1,91,2,1,71,2
70,20,2,78,2,0,66,1
69,23,2,58,2,0,65,0
79,20,2,83,3,2,69,2
80,8,1,52,3,2,63,0
69,14,2,92,2,3,64,0
71,19,3,96,3,2,67,1
67,13,2,80,2,1,62,0
89,24,1,94,2,2,68,1
91,29,3,54,2,2,71,2
78,27,2,61,3,1,66,1
89,19,3,66,2,1,69,2
89,29,1,89,2,1,71,2
66,21,2,74,2,2,66,1
99,18,2,67,2,5,72,2
93,16,2,58,2,1,70,2
68,18,2,91,1,1,65,0
67,18,2,51,3,0,64,0
65,21,2,67,2,1,63,0
66,21,2,62,2,3,63,0
90,20,2,56,1,3,66,1
79,23,3,59,3,1,68,1
91,27,3,75,2,1,74,2
90,26,3,71,3,0,71,2
84,11,2,76,3,3,67,1
87,5,1,86,3,2,66,1
61,26,2,95,3,0,67,1
72,12,3,56,1,3,62,0
86,19,1,54,2,1,68,1
60,13,2,66,2,2,62,0
61,9,2,77,3,1,82,2
94,23,2,55,3,2,70,2
87,25,2,86,3,4,72,2
71,17,3,78,1,0,64,0
88,4,3,87,2,1,66,1
92,17,2,68,2,0,68,1
72,22,2,70,1,1,64,0
61,11,2,90,1,0,61,0
97,21,2,63,2,0,69,2
74,20,3,69,3,2,68,1
64,23,2,51,2,1,64,0
80,21,3,78,2,1,67,1
91,14,2,93,2,0,67,1
69,27,2,51,2,1,65,0
71,19,2,81,3,2,68,1
70,20,3,92,2,2,67,1
100,14,2,75,1,1,67,1
68,17,3,66,2,1,64,0
83,15,3,100,3,0,70,2
97,19,3,53,2,2,69,2
66,30,3,61,2,0,66,1
99,12,2,94,1,2,69,2
98,10,2,65,1,1,66,1
95,29,2,91,3,1,73,2
69,19,2,67,2,4,66,1
85,16,3,91,2,0,69,2
90,26,1,84,2,1,70,2
99,16,2,73,3,1,71,2
67,31,3,76,1,2,70,2
91,24,1,59,3,0,69,2
74,17,2,56,2,1,63,0
67,33,2,86,3,4,71,2
77,16,3,92,3,2,67,1
92,24,2,86,2,3,73,2
79,22,3,96,1,1,68,1
82,28,2,95,1,0,69,2
100,29,3,89,3,2,76,2
76,20,2,95,1,4,68,1
85,15,2,58,2,1,65,0
75,23,2,87,2,0,66,1
76,16,1,88,2,0,65,0
88,32,2,58,1,3,69,2
98,21,2,95,3,0,71,2
82,18,1,50,3,1,66,1
91,21,3,72,2,3,69,2
64,12,2,51,2,2,59,0
68,14,3,76,2,2,65,0
80,27,3,71,3,4,72,2
61,16,1,81,2,0,60,0
70,14,2,88,2,0,64,0
81,23,2,88,2,1,69,2
61,27,3,86,3,3,70,2
71,24,3,55,2,2,67,1
81,26,2,71,2,0,67,1
83,15,1,91,2,0,64,0
97,11,2,83,2,4,68,1
86,29,3,84,2,1,72,2
77,18,3,61,2,1,65,0
97,18,3,66,2,2,70,2
91,28,2,98,3,2,75,2
68,23,1,92,1,3,65,0
65,23,3,58,2,1,63,0
87,33,3,77,2,0,71,2
82,16,1,75,2,2,66,1
92,26,1,72,2,1,69,2
90,20,2,74,3,0,68,1
85,22,3,82,2,1,71,2
99,29,2,98,3,5,77,2
81,23,1,94,3,1,70,2
65,23,2,94,2,1,66,1
93,26,2,85,3,1,73,2
70,18,2,51,2,1,62,0
91,15,2,72,2,0,65,0
98,14,3,76,3,0,71,2
88,8,2,92,2,1,66,1
84,32,2,96,1,1,72,2
78,13,2,73,2,0,64,0
75,19,2,65,2,0,63,0
74,18,2,67,1,0,63,0
85,22,2,79,3,5,72,2
90,25,2,64,2,2,71,2
87,25,3,96,3,3,72,2
68,17,3,71,2,1,65,0
80,19,2,100,2,0,67,1
92,22,3,55,1,1,68,1
79,19,3,59,2,2,66,1
81,30,3,76,2,0,72,2
91,23,2,93,3,3,71,2
86,24,3,68,2,3,70,2
76,24,2,92,2,1,68,1
96,27,3,71,2,0,72,2
67,21,2,93,1,1,66,1
100,12,2,64,2,1,69,2
65,22,2,74,1,2,65,0
61,16,3,64,3,1,62,0
96,17,3,61,3,1,69,2
70,24,2,71,2,1,65,0
89,27,1,67,2,2,69,2
92,20,3,89,1,1,69,2
94,22,2,87,3,2,73,2
100,30,2,68,3,2,75,2
72,21,3,100,3,3,70,2
88,36,3,99,2,0,74,2
65,23,2,96,2,0,65,0
76,9,2,79,2,1,63,0
94,25,3,71,3,4,74,2
75,22,3,66,3,0,67,1
84,28,2,51,2,3,71,2
80,24,1,82,3,1,68,1
86,19,2,78,3,2,69,2
99,13,3,81,2,0,71,2
62,19,2,79,3,7,66,1
83,15,2,57,2,0,65,0
95,17,1,85,2,1,66,1
79,24,1,68,1,2,65,0
63,30,2,76,2,1,67,1
82,22,2,68,3,2,70,2
73,13,2,51,2,1,63,0
66,23,1,94,1,1,64,0
94,27,2,57,2,1,71,2
81,16,3,79,2,2,68,1
97,19,1,94,2,2,72,2
92,20,3,61,2,2,71,2
88,15,1,71,1,1,64,0
60,24,1,69,3,1,64,0
77,19,2,54,3,3,66,1
68,23,3,71,2,3,68,1
96,15,2,74,3,2,68,1
67,17,2,51,3,3,65,0
71,24,2,74,2,1,67,1
81,18,1,55,2,3,64,0
71,30,2,95,3,1,70,2
68,18,3,83,2,1,65,0
84,21,1,53,2,2,65,0
64,26,2,91,3,1,68,1
62,11,3,68,2,2,61,0
75,9,1,61,3,3,63,0
89,11,2,63,2,0,65,0
82,28,2,80,2,1,69,2
77,17,2,54,2,1,64,0
83,35,1,53,2,1,69,2
75,17,2,81,3,3,67,1
97,21,3,99,2,1,74,2
62,29,2,74,3,1,66,1
87,32,3,71,2,0,72,2
96,32,1,97,2,1,73,2
92,27,2,62,3,0,73,2
67,26,2,62,1,0,63,0
72,24,2,95,3,3,69,2
89,25,1,82,1,2,71,2
63,17,2,53,3,1,63,0
92,15,3,84,2,0,69,2
89,20,3,91,3,3,72,2
89,19,1,64,3,2,68,1
64,17,3,69,1,1,62,0
89,24,3,60,1,1,68,1
87,26,2,82,2,1,71,2
93,21,1,83,2,1,67,1
62,29,3,53,1,0,65,0
61,13,2,84,1,1,60,0
75,19,3,83,2,2,68,1
66,16,2,52,1,1,59,0
82,9,2,78,3,0,64,0
97,20,2,81,3,2,71,2
76,19,3,72,3,2,68,1
94,29,2,95,1,2,70,2
60,24,1,66,1,1,62,0
67,14,2,53,2,2,62,0
61,31,2,84,3,2,68,1
73,27,2,80,2,3,68,1
96,23,2,99,2,3,74,2
64,19,2,62,1,0,61,0
84,14,2,70,2,1,67,1
78,18,1,73,2,1,65,0
98,27,2,93,1,5,100,2
65,31,1,71,2,1,65,0
68,29,2,89,2,0,67,1
61,17,3,58,2,2,61,0
77,13,2,70,2,3,64,0
71,21,1,58,3,1,64,0
95,9,2,97,2,1,67,1
84,22,2,59,2,0,69,2
85,19,2,71,3,1,69,2
81,17,2,54,3,4,67,1
64,10,3,96,2,1,62,0
78,23,3,81,1,0,66,1
100,17,2,98,3,0,72,2
93,13,2,52,2,2,67,1
96,3,3,59,3,2,66,1
93,20,1,69,1,2,67,1
64,31,1,81,3,1,67,1
69,30,2,66,2,0,68,1
60,17,2,86,3,0,63,0
72,16,3,58,2,1,62,0
64,23,2,80,3,3,65,0
79,14,2,70,2,1,65,0
87,22,3,75,2,0,70,2
95,25,2,78,1,7,73,2
90,27,2,53,3,1,73,2
98,19,1,96,2,2,68,1
62,19,1,89,2,3,63,0
60,15,1,72,2,2,62,0
86,15,2,77,3,0,69,2
72,19,3,52,2,2,66,1
70,22,3,75,2,0,68,1
73,25,2,71,3,0,67,1
71,15,3,69,3,2,65,0
80,29,2,91,1,1,70,2
78,18,2,59,1,0,64,0
80,20,1,59,1,2,65,0
87,16,2,76,2,1,67,1
75,5,1,84,2,0,62,0
70,25,2,51,2,3,66,1
67,24,3,77,3,0,68,1
74,18,1,65,2,0,64,0
90,20,1,88,3,3,69,2
90,23,2,73,2,1,69,2
87,11,2,92,2,1,67,1
69,17,2,70,2,0,61,0
84,25,2,91,3,1,70,2
83,12,2,86,1,1,65,0
79,22,2,91,2,0,66,1
82,12,2,91,1,3,66,1
80,23,3,74,2,4,69,2
83,20,2,68,2,1,67,1
89,10,3,88,3,2,71,2
64,27,3,68,3,1,68,1
90,16,2,54,2,2,67,1
65,15,2,93,3,2,63,0
63,21,2,70,2,1,64,0
99,27,2,57,3,3,73,2
98,14,2,82,2,1,69,2
62,20,1,94,3,1,65,0
78,23,1,93,3,0,70,2
67,24,2,78,3,1,67,1
79,21,1,54,2,3,67,1
93,18,3,85,2,0,70,2
98,15,1,80,3,2,69,2
85,21,2,61,3,2,68,1
74,14,3,95,2,1,66,1
84,2,3,54,1,3,62,0
72,23,2,69,2,2,67,1
96,25,1,55,2,2,71,2
95,6,2,96,3,4,68,1
82,14,2,52,3,3,66,1
73,24,2,71,1,0,64,0
72,32,2,93,3,1,71,2
61,20,1,63,1,1,61,0
93,16,3,55,2,2,67,1
78,19,1,56,2,3,65,0
73,28,2,70,3,0,66,1
79,16,3,71,3,2,68,1
93,15,2,86,2,0,66,1
65,17,2,62,2,2,63,0
94,14,1,85,1,1,66,1
96,21,3,100,2,1,73,2
98,30,1,93,2,1,88,2
76,22,2,82,2,0,67,1
69,18,3,97,3,2,69,2
75,18,1,100,2,2,67,1
73,11,3,79,2,1,64,0
67,25,3,64,2,0,64,0
84,20,2,96,1,1,65,0
79,19,2,92,2,1,68,1
95,39,3,54,2,2,77,2
61,22,2,97,2,0,63,0
86,15,3,68,3,0,69,2
91,17,2,66,2,3,69,2
90,27,1,67,2,2,70,2
95,21,2,66,3,1,73,2
89,11,1,76,2,1,66,1
97,26,1,79,2,2,71,2
73,16,1,71,2,2,66,1
80,31,2,71,2,2,71,2
61,26,1,87,2,3,66,1
60,17,3,50,2,0,63,0
70,28,3,97,3,5,70,2
64,20,2,86,3,1,66,1
70,25,2,85,2,1,66,1
67,23,2,71,2,2,66,1
61,15,2,98,2,1,62,0
96,16,2,50,2,1,69,2
60,26,3,54,1,1,63,0
89,18,1,90,2,1,68,1
66,18,3,87,2,1,64,0
96,14,3,64,1,2,69,2
96,23,2,80,1,3,71,2
86,32,2,77,2,2,71,2
87,14,2,76,2,1,66,1
60,20,2,80,2,2,63,0
99,28,2,100,1,0,72,2
95,20,2,99,2,1,70,2
96,23,1,99,2,0,71,2
86,14,1,77,1,3,65,0
74,23,1,66,2,0,65,0
96,19,2,78,1,1,67,1
72,26,2,81,3,0,68,1
83,27,2,66,2,3,70,2
64,36,2,82,2,2,70,2
97,23,3,81,1,2,72,2
66,22,3,95,2,1,65,0
69,21,2,62,2,2,65,0
82,18,2,85,3,3,71,2
91,22,3,73,3,3,74,2
85,18,2,56,1,0,64,0
69,21,2,66,2,1,64,0
60,28,3,53,2,3,65,0
90,14,2,66,1,1,67,1
99,27,2,53,3,2,73,2
92,28,3,96,1,1,72,2
78,19,2,55,2,0,65,0
96,7,3,91,2,0,67,1
76,16,2,95,2,2,66,1
81,28,2,73,3,0,70,2
79,20,2,53,3,2,66,1
78,14,3,80,3,1,66,1
91,17,1,62,2,3,68,1
81,25,2,59,1,3,68,1
73,23,3,78,3,0,67,1
70,19,2,68,3,1,65,0
62,18,1,87,2,4,64,0
83,18,2,80,3,1,70,2
69,14,2,91,1,0,63,0
66,30,3,53,2,2,65,0
86,18,2,62,1,4,67,1
87,27,2,78,2,3,71,2
90,29,2,94,3,1,73,2
80,26,2,91,2,1,67,1
96,17,2,84,3,2,72,2
97,22,2,79,2,2,71,2
92,20,3,82,2,0,72,2
85,15,3,61,3,1,68,1
72,22,1,80,1,2,65,0
99,13,2,75,3,1,68,1
71,27,1,69,2,1,67,1
68,17,2,94,2,1,66,1
78,21,1,91,2,0,64,0
62,22,2,54,3,3,65,0
99,18,2,99,2,0,69,2
84,24,2,61,2,2,68,1
82,17,3,61,3,3,69,2
86,25,2,97,2,1,70,2
80,12,2,72,3,1,65,0
61,21,2,90,2,2,63,0
84,32,2,64,1,1,71,2
89,14,3,94,2,0,68,1
77,16,2,92,2,5,70,2
90,23,3,76,2,2,72,2
69,21,2,85,2,3,64,0
69,22,2,98,1,0,64,0
66,23,1,73,2,2,66,1
75,24,3,75,2,0,69,2
94,27,1,86,2,2,71,2
93,22,3,69,2,0,69,2
75,19,2,98,3,1,67,1
84,24,2,52,1,0,66,1
89,31,2,70,2,2,71,2
70,19,1,86,2,2,63,0
67,14,1,71,2,0,62,0
99,27,3,63,2,0,73,2
85,19,2,71,3,1,66,1
99,7,2,94,3,3,72,2
74,25,1,77,3,1,67,1
88,17,1,67,1,0,65,0
69,19,2,84,2,2,66,1
70,22,2,81,3,3,68,1
80,21,3,78,2,1,69,2
73,24,2,70,3,0,68,1
67,17,3,54,2,0,61,0
71,23,1,81,3,3,68,1
61,18,1,71,3,3,64,0
88,24,1,71,2,1,67,1
80,24,3,62,1,3,68,1
64,14,3,62,2,1,61,0
67,27,1,89,3,1,66,1
64,17,1,74,3,2,64,0
85,25,2,55,1,3,67,1
64,22,3,52,2,2,64,0
90,31,3,61,3,0,72,2
61,19,2,74,2,2,62,0
70,18,2,81,3,2,63,0
96,20,3,57,3,1,70,2
89,18,2,72,3,3,69,2
63,25,2,54,1,3,64,0
93,10,2,52,1,2,66,1
80,14,2,93,1,3,67,1
94,14,3,83,3,4,71,2
84,26,3,89,2,0,70,2
87,30,2,59,1,2,69,2
100,19,1,66,2,0,68,1
69,19,3,72,2,1,64,0
85,20,2,83,3,3,70,2
78,27,1,77,3,0,69,2
62,14,2,78,2,0,63,0
61,21,2,58,1,1,60,0
65,26,1,74,3,2,65,0
86,23,2,91,2,0,67,1
83,21,1,75,2,1,66,1
82,26,3,60,1,3,68,1
61,4,3,71,1,0,58,0
79,24,3,88,1,0,67,1
97,16,2,57,2,0,68,1
76,9,2,79,2,1,62,0
85,23,3,98,1,2,69,2
91,28,3,69,2,1,73,2
91,19,1,52,3,2,66,1
81,26,2,82,1,0,67,1
94,30,2,52,2,1,71,2
76,28,2,60,2,1,66,1
96,30,2,52,3,0,74,2
70,24,3,59,2,2,67,1
71,20,2,93,3,2,68,1
62,10,2,87,2,2,61,0
92,19,3,67,2,2,69,2
77,15,2,95,1,4,65,0
69,33,3,83,2,2,71,2
69,19,1,72,2,1,61,0
96,21,3,53,2,0,70,2
93,23,1,87,2,2,70,2
82,20,3,69,2,1,69,2
85,30,1,65,3,2,70,2
79,16,2,64,3,4,67,1
76,21,2,50,1,2,63,0
97,16,2,87,2,1,70,2
65,12,2,57,2,1,61,0
77,16,3,76,1,1,64,0
74,20,2,51,2,2,65,0
80,17,2,81,2,1,65,0
78,16,1,68,2,3,66,1
81,12,3,82,3,1,66,1
66,20,2,54,1,2,63,0
81,11,3,63,1,3,66,1
70,25,2,56,2,0,64,0
67,20,1,82,3,3,65,0
63,11,2,55,3,3,62,0
91,18,3,81,1,4,71,2
77,15,2,57,2,1,63,0
85,22,3,97,2,0,70,2
89,28,1,71,2,2,70,2
87,9,2,56,2,1,65,0
79,21,3,52,3,1,66,1
76,19,1,66,2,2,66,1
75,24,1,95,2,0,68,1
86,21,3,57,3,1,68,1
80,15,2,90,3,4,69,2
94,18,2,71,2,3,71,2
95,15,2,90,2,2,69,2
67,26,3,94,2,0,68,1
65,20,3,100,2,2,67,1
85,31,2,53,3,2,72,2
72,20,2,90,3,2,68,1
61,16,2,53,3,0,60,0
96,11,3,66,2,2,68,1
69,9,2,82,3,1,65,0
97,10,3,72,1,0,67,1
89,22,2,78,1,4,70,2
91,23,1,98,2,0,70,2
68,11,2,91,2,3,61,0
69,25,1,68,3,2,68,1
81,17,3,80,2,1,67,1
67,21,3,52,2,3,62,0
72,30,1,73,2,0,66,1
73,25,2,80,3,3,69,2
66,18,3,86,2,2,66,1
68,15,2,95,2,0,64,0
92,7,2,64,3,1,66,1
67,16,2,95,2,2,63,0
61,19,3,83,1,1,62,0
85,14,2,54,2,1,65,0
99,19,3,69,1,0,68,1
73,20,3,74,3,1,65,0
65,19,3,68,2,1,63,0
83,16,3,56,3,3,68,1
96,21,3,78,2,2,72,2
91,23,1,57,3,2,69,2
85,13,2,96,1,1,66,1
73,28,1,93,1,2,68,1
82,19,1,74,1,1,64,0
64,20,1,53,2,1,61,0
87,24,2,78,1,0,67,1
89,21,1,80,2,0,68,1
99,26,2,94,2,2,74,2
70,22,3,53,2,3,67,1
61,16,3,85,2,2,64,0
82,22,3,78,1,3,69,2
88,13,2,59,3,0,63,0
92,21,2,56,2,0,67,1
68,20,2,85,3,1,65,0
70,19,2,67,2,5,67,1
81,19,2,100,3,1,68,1
73,9,1,95,2,3,62,0
94,17,2,78,3,1,70,2
79,21,3,82,1,1,67,1
92,21,3,58,3,2,89,2
83,14,2,95,3,1,65,0
91,28,2,73,1,2,69,2
73,15,2,76,2,2,64,0
93,26,1,94,3,6,74,2
71,23,3,50,2,0,64,0
82,16,3,75,1,0,64,0
69,31,1,81,2,2,67,1
79,13,1,58,1,2,63,0
73,26,2,53,3,3,68,1
71,26,2,77,1,0,66,1
99,16,3,77,1,0,68,1
66,28,3,67,2,1,68,1
91,18,2,94,2,3,69,2
99,22,1,65,3,3,71,2
61,22,3,76,1,1,65,0
88,19,2,59,1,2,67,1
70,25,2,51,2,1,65,0
62,25,2,71,3,0,65,0
76,10,1,76,2,1,80,2
97,28,2,88,2,2,74,2
60,10,2,72,2,3,59,0
84,26,2,64,2,2,69,2
80,27,1,80,2,0,66,1
95,13,2,69,2,1,66,1
63,18,3,62,3,2,65,0
87,13,2,96,3,3,67,1
87,19,3,77,3,3,69,2
87,18,1,60,2,2,68,1
98,25,2,84,2,1,73,2
93,28,3,90,1,1,71,2
62,28,2,88,3,0,67,1
79,17,2,80,2,1,67,1
76,19,1,76,3,0,66,1
72,10,1,89,2,3,63,0
78,15,3,85,3,1,65,0
75,26,1,79,2,2,67,1
77,30,1,83,2,1,69,2
99,13,2,58,2,1,67,1
64,16,2,51,3,4,66,1
97,20,3,97,3,2,74,2
79,22,2,97,3,2,69,2
85,15,2,89,1,0,66,1
93,23,1,69,3,0,69,2
74,17,2,58,2,1,63,0
77,20,1,68,2,0,65,0
76,23,2,86,1,1,64,0
75,20,2,67,1,0,64,0
97,17,3,90,1,2,69,2
93,19,3,84,3,5,73,2
64,19,2,81,2,1,62,0
64,18,1,97,1,2,62,0
77,18,2,95,2,0,68,1
64,30,2,86,2,1,66,1
85,23,3,60,1,2,68,1
66,18,3,97,1,4,66,1
81,24,2,61,1,3,69,2
60,18,2,69,2,0,62,0
73,27,2,91,1,2,68,1
87,22,2,60,2,2,67,1
79,19,2,82,1,1,65,0
99,23,2,73,1,0,69,2
95,11,2,81,2,2,67,1
74,13,1,98,1,0,64,0
62,13,2,90,1,3,62,0
94,21,2,65,2,5,71,2
96,30,3,53,2,0,72,2
93,33,3,98,3,0,74,2
65,24,3,79,1,1,66,1
100,23,1,59,3,2,72,2
70,9,2,81,3,1,65,0
89,17,2,52,3,0,67,1
96,15,3,59,2,2,70,2
69,16,2,82,3,0,62,0
96,19,1,70,1,0,66,1
72,17,2,66,1,2,65,0
99,8,3,83,1,2,70,2
71,24,3,93,3,2,69,2
98,14,2,84,2,3,70,2
62,21,3,73,3,2,66,1
88,32,1,83,2,1,73,2
81,14,2,85,3,3,69,2
79,5,3,89,3,3,66,1
69,18,2,65,3,4,65,0
88,27,1,56,2,2,70,2
68,32,3,84,3,0,70,2
82,13,2,56,3,2,67,1
70,23,3,73,2,1,68,1
98,17,1,62,2,1,68,1
61,19,2,67,3,0,61,0
68,36,2,74,2,2,70,2
70,11,3,95,3,0,65,0
77,22,2,84,1,3,66,1
69,23,2,59,2,3,67,1
80,27,1,94,1,3,69,2
95,21,3,75,2,1,69,2
88,22,2,60,2,1,67,1
83,18,1,76,3,0,66,1
64,22,2,60,1,1,63,0
88,18,2,68,3,0,67,1
67,24,1,90,3,0,64,0
91,18,1,83,2,2,68,1
70,22,3,74,2,2,65,0
77,20,1,61,2,2,65,0
74,27,1,64,2,1,65,0
94,20,2,99,1,0,70,2
65,9,3,67,2,1,62,0
83,28,1,81,3,0,68,1
66,15,3,75,1,0,62,0
88,16,3,51,2,0,68,1
96,16,2,97,3,0,72,2
77,28,2,54,3,1,70,2
80,7,2,83,3,3,62,0
97,39,3,91,3,2,79,2
81,26,3,87,2,2,73,2
80,21,3,90,3,1,68,1
83,20,2,87,3,0,68,1
88,22,2,72,2,2,69,2
64,23,1,95,2,1,63,0
93,24,2,96,2,5,74,2
77,23,2,72,2,2,69,2
63,21,1,74,2,0,61,0
91,19,1,74,2,4,69,2
75,19,1,64,2,2,64,0
64,19,2,56,2,2,63,0
85,27,3,63,1,1,68,1
95,24,2,92,3,2,72,2
96,2,3,77,1,3,65,0
98,24,1,93,1,2,69,2
95,21,1,87,2,2,70,2
60,20,2,67,2,1,63,0
75,18,2,59,1,0,62,0
93,27,2,78,2,1,72,2
75,26,3,97,3,1,69,2
84,15,2,92,2,2,66,1
84,22,2,88,2,2,71,2
75,14,1,88,1,2,62,0
96,12,1,76,2,2,68,1
80,16,1,58,3,0,63,0
79,25,2,64,2,0,66,1
100,26,2,79,3,1,75,2
80,23,1,66,2,1,69,2
67,24,2,89,3,2,68,1
81,23,2,69,3,5,69,2
93,16,1,56,3,2,67,1
91,23,2,89,3,3,73,2
92,25,3,85,2,1,71,2
88,25,2,63,3,2,71,2
70,27,2,99,2,2,68,1
94,24,1,70,3,1,70,2
96,22,3,84,1,1,71,2
68,26,3,96,2,1,69,2
65,20,2,58,3,3,63,0
99,15,2,94,1,2,71,2
95,19,2,85,2,2,69,2
96,16,2,58,3,2,71,2
95,16,1,83,2,2,68,1
82,19,2,94,2,1,68,1
86,15,1,90,2,0,66,1
82,18,2,88,2,3,67,1
62,9,3,58,1,0,59,0
90,21,2,60,1,1,66,1
80,20,1,77,1,0,64,0
86,15,2,79,2,1,64,0
80,24,3,97,2,0,69,2
80,26,1,73,3,1,69,2
67,10,2,65,2,3,61,0
71,15,3,60,3,0,62,0
66,15,2,53,1,2,61,0
68,14,2,53,2,1,63,0
99,25,1,79,2,2,71,2
66,19,3,59,3,1,65,0
71,18,3,93,3,1,68,1
84,8,3,80,3,1,67,1
84,24,3,93,1,2,70,2
66,13,2,71,3,3,64,0
92,20,3,80,2,0,71,2
91,22,2,76,3,2,71,2
69,28,3,99,2,0,67,1
72,12,1,90,2,0,63,0
98,2,3,80,1,2,66,1
93,21,1,80,2,3,70,2
88,31,1,62,2,2,70,2
63,27,2,87,1,3,67,1
77,21,2,99,1,3,69,2
82,17,1,56,3,3,66,1
67,25,3,82,2,1,67,1
78,14,2,76,3,0,65,0
84,23,3,93,3,1,72,2
73,23,3,50,3,1,68,1
91,26,2,57,3,3,72,2
94,37,2,52,3,1,76,2
73,22,1,58,2,4,65,0
94,17,2,85,1,1,68,1
64,20,2,57,2,3,65,0
94,9,2,81,2,0,66,1
66,16,2,93,1,7,63,0
63,18,1,52,2,2,63,0
86,17,2,51,2,2,66,1
79,21,1,99,3,2,69,2
96,15,3,84,2,3,72,2
75,27,1,57,2,3,66,1
71,20,2,65,2,2,64,0
80,20,1,99,2,0,67,1
78,18,3,61,3,1,67,1
74,21,2,88,1,1,66,1
88,25,1,62,2,2,68,1
90,15,2,70,2,0,65,0
94,16,3,94,2,2,71,2
99,18,3,51,2,1,71,2
71,12,2,65,2,1,62,0
89,15,3,74,2,2,69,2
76,17,1,81,2,4,65,0
87,25,1,51,3,3,70,2
79,22,2,71,2,2,66,1
100,21,2,67,2,0,70,2
89,25,3,51,2,2,70,2
98,19,3,68,1,1,69,2
93,22,1,97,3,2,71,2
96,19,2,64,2,1,69,2
93,22,2,79,3,2,73,2
78,17,2,65,2,1,65,0
70,5,3,55,3,3,62,0
75,19,3,64,2,2,67,1
61,29,2,74,1,1,65,0
81,26,2,65,1,1,65,0
80,26,3,81,2,0,70,2
81,27,2,97,2,1,70,2
99,21,3,53,2,0,71,2
96,21,1,86,3,1,71,2
66,16,2,50,2,1,62,0
75,18,1,50,2,4,65,0
77,24,2,57,3,3,84,2
74,27,2,74,2,2,68,1
92,19,2,52,3,3,70,2
81,17,3,86,2,1,68,1
83,20,2,51,2,2,67,1
94,24,2,75,1,1,69,2
92,11,3,84,3,2,68,1
65,6,3,62,3,3,59,0
89,17,1,79,3,0,67,1
77,13,3,63,2,0,63,0
72,17,3,61,3,1,65,0
62,19,2,91,2,1,63,0
79,17,2,67,2,1,64,0
74,29,2,91,3,3,72,2
70,22,2,61,1,1,63,0
88,22,2,68,2,2,66,1
91,24,2,55,2,0,67,1
70,13,3,75,3,1,66,1
62,26,2,69,2,2,66,1
94,20,2,50,2,1,68,1
60,24,3,73,3,1,66,1
97,14,2,54,2,3,68,1
85,11,2,92,2,2,65,0
73,25,2,75,2,0,67,1
70,22,1,85,3,0,64,0
60,15,3,91,1,0,59,0
69,15,2,53,2,0,60,0
66,27,3,67,1,1,65,0
84,13,2,51,2,0,64,0
67,30,3,52,2,1,66,1
81,15,2,52,2,0,65,0
84,24,2,74,2,2,69,2
72,18,3,73,3,0,66,1
61,24,2,53,3,1,65,0
61,17,2,63,3,1,62,0
61,19,1,62,2,2,60,0
90,20,2,65,1,4,68,1
73,14,3,82,2,1,64,0
92,24,3,85,3,0,73,2
77,17,2,67,2,1,64,0
78,19,3,89,3,2,69,2
81,14,2,71,1,1,63,0
89,5,2,76,2,2,65,0
71,19,2,57,2,2,65,0
65,34,2,62,2,0,67,1
82,25,2,86,2,0,67,1
73,20,2,99,2,1,66,1
78,18,3,85,2,1,68,1
86,20,1,53,2,1,65,0
80,23,1,57,1,1,66,1
85,13,1,72,3,2,66,1
82,27,2,87,2,2,69,2
90,24,2,58,2,2,70,2
88,24,1,88,2,2,71,2
81,23,2,78,3,4,70,2
87,20,2,89,2,2,68,1
95,24,3,78,3,2,73,2
77,24,3,80,2,1,68,1
77,18,2,62,2,2,66,1
91,17,1,86,2,1,67,1
83,21,1,92,2,2,66,1
63,29,3,94,2,0,69,2
96,13,2,51,2,1,67,1
61,11,1,81,2,5,61,0
90,21,2,99,2,2,70,2
90,20,3,79,3,2,70,2
98,21,2,59,2,3,70,2
62,21,2,94,2,1,64,0
84,19,2,63,3,0,65,0
77,29,2,52,2,5,70,2
73,10,3,72,1,1,62,0
64,15,3,55,3,1,64,0
83,19,3,56,2,1,67,1
79,10,2,73,3,1,63,0
64,19,2,81,1,0,62,0
84,30,2,95,1,2,72,2
90,20,2,85,1,3,69,2
91,21,3,92,2,5,72,2
96,12,2,71,1,2,68,1
76,16,2,66,1,1,64,0
98,18,3,80,3,3,72,2
95,18,3,85,3,2,73,2
72,28,2,78,3,5,67,1
66,23,1,63,3,0,64,0
77,13,2,68,2,3,65,0
76,21,3,72,3,1,67,1
83,23,2,51,2,3,68,1
83,27,3,94,2,2,72,2
90,29,1,76,3,1,71,2
80,14,2,88,2,1,66,1
64,15,2,59,3,0,59,0
94,12,2,78,2,1,68,1
72,19,3,96,1,3,64,0
99,23,2,61,1,2,70,2
65,26,2,67,1,4,65,0
98,20,2,69,3,2,72,2
64,18,3,69,3,3,66,1
69,21,2,80,2,2,68,1
62,15,3,70,2,1,62,0
88,33,1,84,2,1,70,2
94,10,2,74,3,3,70,2
77,21,1,58,2,0,64,0
97,32,1,97,3,1,76,2
84,20,2,62,2,1,67,1
85,19,3,78,3,2,69,2
94,18,1,53,2,4,68,1
72,19,2,96,2,1,67,1
74,28,2,96,2,0,69,2
96,7,2,68,3,2,67,1
96,29,3,56,3,0,73,2
99,11,3,88,2,4,71,2
96,18,1,63,2,4,70,2
65,17,2,85,3,1,65,0
93,24,2,96,3,0,73,2
76,10,2,80,2,1,65,0
100,23,2,93,1,4,73,2
79,32,3,61,1,0,70,2
82,12,2,96,3,0,66,1
81,21,2,61,1,3,66,1
73,16,2,61,2,4,64,0
63,23,2,94,2,2,68,1
96,20,2,78,2,1,70,2
92,16,2,90,2,6,72,2
66,23,3,90,2,2,66,1
91,31,2,82,2,2,74,2
85,19,2,59,3,0,67,1
76,24,3,85,3,2,71,2
70,12,3,53,1,2,60,0
94,14,2,60,1,3,68,1
88,23,2,82,2,0,69,2
82,29,3,95,3,2,74,2
84,22,2,89,3,2,71,2
64,18,2,67,3,0,63,0
79,20,1,91,3,2,66,1
68,12,3,98,2,1,65,0
68,24,1,67,1,0,60,0
86,25,1,59,2,3,69,2
96,17,2,60,3,1,69,2
76,17,3,70,2,2,67,1
68,22,2,53,3,1,65,0
86,17,3,74,3,1,70,2
95,20,2,87,3,0,71,2
90,33,2,77,1,3,73,2
95,19,3,99,1,0,70,2
81,18,1,73,3,1,67,1
90,16,3,51,1,1,67,1
66,24,3,74,1,0,65,0
74,19,3,96,3,2,69,2
76,16,3,55,3,1,65,0
80,28,3,61,2,1,68,1
97,29,2,86,3,0,74,2
95,16,2,65,1,0,68,1
65,9,2,88,2,1,61,0
67,26,1,71,2,3,67,1
74,16,3,90,3,1,66,1
72,25,1,78,1,8,69,2
85,8,1,54,2,1,62,0
96,25,3,69,2,0,71,2
98,13,3,67,3,1,71,2
86,24,3,91,2,0,72,2
94,20,3,81,2,1,69,2
81,14,2,89,1,6,67,1
68,18,3,69,2,1,63,0
81,24,2,85,2,1,68,1
82,21,3,53,3,0,69,2
90,24,1,52,2,0,65,0
69,32,3,64,3,0,70,2
75,11,2,89,2,2,65,0
75,30,2,77,2,0,67,1
98,21,3,70,2,0,72,2
78,15,3,95,2,1,69,2
90,12,3,75,3,2,69,2
90,19,1,81,3,4,71,2
71,26,1,99,2,1,67,1
83,19,1,76,1,3,65,0
96,29,1,89,1,2,70,2
79,11,2,71,2,1,63,0
98,20,3,52,3,0,71,2
69,12,2,92,3,1,64,0
63,22,3,97,2,5,69,2
96,25,2,72,1,0,69,2
94,17,2,75,2,1,70,2
100,4,1,71,3,2,64,0
87,21,3,100,2,1,70,2
97,23,3,95,2,0,74,2
93,22,2,52,2,1,69,2
94,27,2,89,1,3,73,2
83,14,2,80,2,1,66,1
75,24,3,51,3,1,67,1
97,27,3,72,3,6,76,2
77,9,2,57,2,2,61,0
82,22,2,94,1,0,68,1
78,17,1,51,2,1,63,0
83,20,1,94,3,1,67,1
79,22,1,97,1,3,66,1
62,17,1,54,3,2,62,0
95,16,1,86,3,0,69,2
78,20,2,77,2,3,67,1
84,13,2,98,2,2,66,1
66,13,2,90,3,2,63,0
60,24,2,85,2,1,64,0
70,13,2,96,1,2,64,0
88,24,2,58,1,1,67,1
64,23,2,69,1,4,66,1
96,10,3,92,3,1,68,1
69,16,3,55,2,1,62,0
68,27,2,97,2,1,68,1
67,14,1,87,3,1,63,0
61,17,3,72,2,1,62,0
91,23,3,67,3,2,72,2
95,25,1,57,2,4,69,2
85,18,1,55,2,3,67,1
68,16,3,71,2,1,65,0
71,29,2,92,3,1,69,2
79,30,3,77,3,1,72,2
98,26,2,73,1,2,70,2
70,21,3,66,3,1,91,2
89,15,1,58,3,2,65,0
78,15,2,100,1,0,62,0
72,23,3,51,1,2,65,0
78,23,2,66,2,1,67,1
63,28,1,88,2,4,67,1
92,24,3,76,2,2,72,2
70,11,1,66,2,1,60,0
89,26,1,100,2,0,69,2
63,14,2,81,2,0,61,0
98,18,2,65,1,1,70,2
68,22,3,92,2,2,68,1
95,32,3,58,2,2,75,2
92,39,2,73,2,1,75,2
99,24,2,92,3,2,72,2
79,19,2,99,1,1,66,1
89,23,3,69,1,5,71,2
75,25,3,57,1,4,70,2
67,18,3,78,2,2,63,0
78,31,3,97,3,0,72,2
67,21,2,83,2,1,65,0
99,23,2,80,2,3,71,2
64,24,2,65,2,0,65,0
84,23,1,80,2,1,69,2
85,25,1,94,2,3,71,2
82,16,3,69,2,2,68,1
86,17,2,62,1,2,66,1
65,13,2,74,3,0,60,0
82,23,2,69,2,0,68,1
71,25,3,73,2,1,67,1
98,23,1,55,2,3,71,2
90,30,2,67,3,2,74,2
99,20,2,91,1,2,70,2
62,24,3,70,1,2,63,0
71,13,2,98,2,0,64,0
68,18,3,85,2,3,66,1
60,24,2,68,2,0,64,0
70,25,3,63,3,1,69,2
87,18,3,84,2,2,71,2
69,20,2,65,3,1,64,0
80,11,2,96,2,1,65,0
96,18,2,56,3,2,69,2
88,25,3,51,2,1,68,1
76,23,2,61,2,3,68,1
75,23,2,80,3,0,68,1
78,20,2,92,1,1,65,0
67,20,3,59,3,1,65,0
85,16,1,79,2,1,66,1
75,24,1,57,3,0,66,1
94,23,1,78,2,2,71,2
90,23,2,51,3,0,68,1
84,17,2,78,1,0,65,0
75,7,3,76,2,0,63,0
68,27,2,52,3,1,66,1
91,17,1,84,3,7,71,2
79,15,2,79,1,2,65,0
69,24,3,81,2,3,68,1
68,18,2,76,2,2,66,1
67,26,3,86,1,2,64,0
91,24,1,76,2,1,70,2
69,24,1,96,3,4,70,2
81,12,3,97,2,1,66,1
78,27,2,86,2,3,70,2
83,22,3,96,3,2,71,2
95,18,3,96,1,2,70,2
95,21,2,63,2,1,70,2
78,9,2,100,3,2,66,1
61,22,2,63,3,1,64,0
77,14,3,51,3,5,66,1
84,12,2,98,3,1,68,1
82,11,1,61,1,2,61,0
86,27,2,79,2,2,72,2
66,16,3,99,3,1,66,1
86,29,1,52,1,1,68,1
67,17,2,63,1,1,61,0
90,10,2,80,3,0,67,1
74,13,3,88,3,3,66,1
88,27,2,90,2,3,74,2
62,19,2,94,3,0,66,1
76,17,2,58,3,4,67,1
88,21,1,69,3,4,71,2
69,23,1,86,3,0,66,1
92,27,2,86,2,0,71,2
85,29,2,65,3,4,72,2
84,18,2,65,2,2,66,1
74,12,1,66,3,1,62,0
79,18,2,95,3,1,66,1
84,22,3,95,1,2,69,2
79,14,2,51,2,0,64,0
88,14,2,66,2,4,69,2
77,22,1,70,3,2,69,2
68,20,1,99,3,0,64,0
69,20,3,97,2,3,68,1
60,15,2,81,2,4,63,0
72,19,2,52,3,1,64,0
90,14,3,60,2,2,69,2
92,25,3,72,1,1,71,2
68,26,3,98,2,2,67,1
98,9,2,55,3,3,67,1
80,14,1,90,3,2,66,1
97,11,3,60,2,0,67,1
88,16,3,75,1,2,68,1
89,19,2,88,2,1,69,2
63,11,3,85,3,0,62,0
69,14,2,89,2,2,66,1
60,14,2,91,2,1,63,0
89,21,1,65,1,2,67,1
74,20,2,68,3,3,68,1
91,16,1,91,2,2,66,1
74,21,2,52,2,3,66,1
93,17,2,76,3,0,67,1
65,18,2,96,3,1,66,1
67,30,2,94,2,1,69,2
74,28,3,90,2,2,72,2
76,12,1,51,2,0,60,0
74,25,3,94,1,0,68,1
91,25,2,96,1,3,72,2
64,13,3,83,2,1,64,0
74,25,2,65,1,0,65,0
93,29,3,74,3,3,76,2
63,13,2,88,1,0,59,0
98,14,2,91,2,0,67,1
99,26,2,67,2,4,73,2
64,22,3,66,2,1,64,0
72,23,3,87,2,3,67,1
75,22,2,84,3,3,69,2
91,22,1,76,2,1,69,2
84,12,3,71,3,2,67,1
86,26,3,83,2,2,72,2
90,27,2,52,1,2,86,2
65,19,3,54,2,0,62,0
93,20,1,79,2,1,69,2
88,11,3,61,3,2,68,1
83,23,3,89,3,1,99,2
96,23,2,89,1,1,70,2
88,20,2,85,1,2,68,1
68,27,2,95,2,0,67,1
77,18,2,57,3,1,66,1
80,23,3,63,1,0,66,1
62,14,3,63,2,2,62,0
98,20,2,89,2,3,72,2
65,19,3,76,2,0,64,0
88,21,2,63,2,1,68,1
80,18,3,57,2,2,66,1
61,19,3,95,2,4,68,1
97,25,3,85,1,3,75,2
94,17,1,76,1,3,67,1
81,10,2,98,1,2,65,0
69,30,2,92,2,2,68,1
65,28,2,59,2,2,67,1
75,12,2,75,2,1,63,0
70,24,3,74,2,2,67,1
80,17,2,92,2,0,67,1
99,22,2,57,2,2,73,2
83,22,2,73,2,0,67,1
96,19,2,82,2,1,71,2
86,15,2,97,1,2,67,1
79,16,1,95,3,0,68,1
94,15,1,77,1,1,68,1
79,15,2,80,3,1,66,1
95,20,1,93,3,0,68,1
72,16,1,87,2,2,63,0
65,24,3,94,3,2,68,1
94,29,3,95,1,1,74,2
83,17,2,92,1,3,65,0
96,21,2,50,2,1,69,2
98,23,3,66,2,1,70,2
62,23,1,70,2,3,65,0
80,20,2,84,2,1,68,1
75,24,2,65,1,0,65,0
85,23,3,66,2,0,68,1
92,13,3,70,2,4,68,1
71,25,2,98,2,0,66,1
82,25,2,72,3,0,70,2
88,15,2,57,2,1,66,1
65,20,3,50,2,0,64,0
93,24,3,62,2,1,70,2
84,19,2,97,3,1,68,1
98,26,3,98,1,4,74,2
74,34,1,76,3,2,71,2
64,15,2,82,2,0,61,0
80,12,1,90,2,3,64,0
63,22,1,53,3,2,64,0
99,24,2,69,3,0,73,2
62,19,3,82,2,0,62,0
90,29,2,95,1,0,71,2
81,12,2,86,3,2,68,1
75,24,1,68,2,2,67,1
63,16,2,95,2,1,63,0
85,30,2,83,1,2,71,2
83,32,2,92,2,1,72,2
71,15,2,69,3,3,66,1
96,17,2,50,2,1,67,1
72,25,2,58,3,0,66,1
78,18,2,96,1,4,68,1
82,20,1,52,1,0,64,0
64,20,2,80,2,1,65,0
97,8,2,70,3,0,66,1
75,20,3,71,3,1,69,2
63,16,3,70,3,2,64,0
75,17,3,53,1,1,65,0
84,29,2,56,3,3,72,2
81,12,2,53,3,1,65,0
88,25,3,53,1,2,70,2
62,18,2,54,2,2,64,0
71,18,1,85,2,1,62,0
93,25,3,56,2,0,69,2
63,22,1,63,3,1,62,0
94,23,1,83,1,2,69,2
64,26,3,56,2,3,66,1
93,18,3,96,2,2,71,2
74,16,3,74,2,4,66,1
84,13,2,98,3,0,64,0
66,15,3,60,2,2,63,0
63,38,3,52,2,1,69,2
69,27,3,80,3,1,68,1
65,12,3,66,3,0,63,0
72,12,2,79,2,1,64,0
81,23,1,74,2,0,66,1
84,23,3,73,2,1,71,2
92,23,2,93,3,0,72,2
86,18,2,60,3,2,88,2
84,19,3,75,2,1,66,1
76,22,2,71,2,0,65,0
79,21,2,84,1,2,66,1
77,7,2,53,1,4,62,0
94,19,1,76,2,4,68,1
69,15,2,74,2,2,65,0
60,21,3,99,1,0,62,0
86,38,2,88,3,1,74,2
68,22,1,58,2,0,64,0
96,18,3,75,3,2,72,2
94,26,2,89,2,0,70,2
63,23,2,76,3,2,65,0
64,23,3,68,2,3,66,1
80,24,2,69,2,0,67,1
84,32,3,68,2,1,73,2
71,13,3,51,2,4,65,0
89,23,3,87,3,4,74,2
84,14,2,81,2,0,66,1
73,23,2,63,2,1,67,1
61,14,2,82,2,0,58,0
90,17,3,65,3,2,71,2
69,18,3,62,1,1,63,0
93,26,3,87,1,1,73,2
77,26,2,90,3,1,68,1
83,13,2,81,1,4,66,1
95,20,2,89,1,3,68,1
95,16,1,68,2,2,66,1
75,12,3,54,2,1,62,0
68,19,2,80,2,0,78,2
91,18,2,63,2,1,68,1
77,35,3,89,3,5,77,2
68,23,1,68,3,1,65,0
96,12,3,84,3,3,73,2
68,17,1,78,2,4,64,0
61,26,3,91,1,0,67,1
61,33,2,92,3,1,69,2
85,10,1,53,1,1,60,0
86,9,2,65,3,0,66,1
72,31,3,94,1,2,70,2
73,22,2,70,3,2,66,1
74,15,2,76,3,1,64,0
87,23,3,59,2,1,70,2
62,4,2,78,2,3,58,0
97,20,3,63,2,0,69,2
69,22,2,91,2,0,64,0
100,26,2,60,1,2,72,2
67,14,2,68,2,1,60,0
91,21,2,55,2,2,70,2
69,14,1,79,2,1,62,0
63,22,2,97,2,1,66,1
95,15,2,59,2,0,66,1
94,18,2,51,1,1,65,0
76,14,2,71,3,1,64,0
88,24,2,87,3,1,72,2
82,25,2,99,2,3,71,2
94,19,3,53,1,1,68,1
73,20,2,89,3,2,68,1
81,11,2,68,1,2,64,0
79,18,2,58,1,3,65,0
74,20,3,60,2,1,64,0
96,36,1,96,2,1,75,2
67,13,2,90,1,2,61,0
66,29,3,66,3,0,68,1
83,26,2,97,2,2,70,2
86,22,2,55,3,5,71,2
68,31,3,66,1,0,66,1
76,22,1,83,3,0,66,1
98,22,2,100,2,0,70,2
70,20,2,73,1,0,62,0
87,27,1,91,3,4,72,2
90,27,2,96,3,0,72,2
78,16,2,50,1,2,63,0
98,12,1,64,3,5,69,2
89,19,2,55,2,0,68,1
78,15,3,89,3,0,67,1
83,20,3,78,3,3,71,2
88,27,2,55,1,2,67,1
84,17,1,71,1,0,62,0
95,20,2,76,2,0,69,2
74,20,2,85,3,2,67,1
72,25,3,89,2,2,71,2
69,7,3,54,2,1,87,2
62,16,2,74,1,2,62,0
62,21,1,58,3,2,64,0
95,27,3,88,2,3,74,2
87,17,3,83,3,0,69,2
86,9,2,86,3,1,65,0
85,24,2,54,1,2,66,1
94,16,2,76,2,3,70,2
79,13,3,92,3,3,68,1
95,16,1,86,1,4,70,2
74,19,3,93,3,1,68,1
97,16,1,60,3,0,69,2
88,7,3,64,2,2,66,1
70,25,2,72,2,0,65,0
83,28,2,76,2,1,71,2
81,24,1,63,2,1,66,1
66,13,2,69,1,2,61,0
84,19,2,84,2,3,69,2
73,20,2,82,2,1,65,0
62,24,2,56,2,0,63,0
98,24,1,99,2,2,73,2
86,16,2,78,3,1,68,1
95,20,2,74,2,1,70,2
87,23,2,98,2,3,72,2
74,29,2,57,3,3,68,1
81,24,2,77,2,0,68,1
87,25,2,90,3,1,71,2
98,21,1,70,1,1,68,1
70,28,1,87,3,3,70,2
95,22,1,95,2,2,70,2
97,15,2,63,3,2,69,2
87,28,2,62,3,2,73,2
97,24,2,68,2,1,72,2
76,17,3,71,2,0,67,1
98,17,2,56,3,2,69,2
88,22,2,62,1,1,68,1
62,23,1,94,3,0,64,0
96,21,3,78,1,2,71,2
79,22,2,63,3,1,68,1
78,30,3,97,2,1,70,2
83,26,3,89,2,3,72,2
66,21,3,68,1,2,65,0
79,26,3,88,2,1,70,2
93,14,2,80,2,2,69,2
61,22,2,84,2,0,64,0
71,31,3,66,1,3,67,1
60,19,3,60,3,1,65,0
77,15,2,63,1,0,62,0
89,16,2,54,3,2,68,1
92,13,3,74,2,2,68,1
98,15,2,70,2,1,68,1
84,18,1,50,2,4,68,1
70,12,2,93,2,1,62,0
97,20,1,84,2,4,72,2
91,25,2,72,1,1,69,2
83,15,3,98,2,3,68,1
88,29,2,97,1,4,71,2
97,23,3,55,1,0,69,2
88,26,3,81,1,1,71,2
75,16,3,91,2,2,65,0
89,25,3,59,2,1,68,1
62,13,2,56,2,1,60,0
75,25,2,63,2,3,68,1
76,21,3,64,1,1,66,1
67,23,2,98,2,4,66,1
61,13,2,89,2,4,62,0
65,15,2,53,2,2,61,0
86,24,2,89,3,2,69,2
92,14,3,58,2,1,69,2
100,23,2,68,2,4,74,2
74,12,3,66,2,1,62,0
84,25,2,64,2,0,67,1
97,13,2,65,3,1,69,2
67,23,1,88,3,1,66,1
89,24,3,63,2,2,72,2
90,16,1,90,3,2,69,2
64,23,3,55,2,0,65,0
94,22,3,80,2,0,72,2
93,17,2,93,1,2,69,2
61,14,3,54,2,3,60,0
64,8,2,82,3,0,61,0
62,22,1,76,3,1,63,0
73,11,2,67,2,3,63,0
80,21,2,55,2,1,68,1
81,18,2,84,2,1,68,1
71,24,2,65,3,1,65,0
96,18,3,67,2,1,71,2
75,18,2,86,2,1,64,0
62,24,2,97,2,1,65,0
72,22,2,67,3,2,67,1
81,22,2,87,3,0,67,1
76,23,2,98,1,1,67,1
71,11,2,55,1,1,87,2
65,25,3,76,3,1,67,1
93,24,2,51,3,4,72,2
100,14,1,91,2,0,69,2
73,19,2,64,2,1,65,0
75,20,2,67,3,1,66,1
85,19,3,84,3,3,70,2
89,22,3,89,3,0,71,2
76,29,3,70,2,1,67,1
96,26,2,83,3,0,72,2
82,12,2,98,1,0,63,0
78,24,1,94,3,0,67,1
86,28,2,85,1,6,72,2
98,22,2,97,2,1,72,2
92,27,2,94,2,1,70,2
62,32,2,86,3,0,67,1
73,26,2,96,2,0,68,1
79,21,2,91,1,1,67,1
73,26,3,75,3,3,70,2
88,21,1,75,2,1,67,1
93,20,2,50,2,1,71,2
89,18,1,52,3,1,69,2
100,29,2,87,2,3,74,2
71,15,1,78,3,0,63,0
95,29,1,88,2,0,72,2
91,23,1,97,3,2,71,2
74,12,2,73,3,1,64,0
89,22,2,54,2,1,69,2
64,7,3,81,3,2,62,0
92,24,2,55,2,1,69,2
81,25,1,81,3,2,68,1
72,16,2,76,3,6,67,1
86,21,2,86,2,2,71,2
86,32,2,68,2,1,70,2
68,17,2,57,3,2,63,0
61,14,3,62,1,0,60,0
77,29,2,84,2,0,69,2
83,32,2,74,2,3,71,2
95,20,1,77,1,1,69,2
97,26,1,66,3,2,73,2
81,28,3,92,2,1,73,2
90,16,2,100,2,1,68,1
78,17,2,66,3,2,67,1
90,27,3,86,2,2,74,2
68,30,3,59,2,3,68,1
75,23,2,87,3,1,69,2
85,15,2,72,3,4,69,2
61,32,3,80,3,0,68,1
89,17,3,62,1,1,66,1
93,18,1,93,1,3,69,2
76,22,2,59,2,1,66,1
78,29,2,96,1,5,72,2
94,25,1,53,2,1,69,2
91,22,2,64,2,1,68,1
72,23,2,78,2,1,66,1
73,20,1,93,2,1,65,0
87,23,2,79,2,2,71,2
83,5,2,61,2,2,61,0
66,18,2,93,1,1,63,0
72,21,3,80,2,1,66,1
96,13,3,62,2,0,69,2
88,22,3,78,3,0,71,2
99,19,2,84,3,0,73,2
91,31,2,84,3,2,72,2
98,29,3,86,2,2,73,2
69,17,3,95,1,1,65,0
91,19,3,91,1,1,71,2
61,20,2,80,3,1,65,0
87,17,2,52,2,1,67,1
79,21,3,87,2,1,69,2
74,15,3,99,1,0,63,0
94,13,3,65,1,2,68,1
94,24,1,80,3,1,70,2
61,24,2,88,2,1,64,0
84,15,2,82,2,1,64,0
75,25,3,96,1,1,68,1
77,16,3,74,2,0,65,0
93,22,2,77,3,0,70,2
72,25,2,52,2,0,66,1
98,20,1,95,3,1,70,2
67,23,2,63,2,3,66,1
87,17,2,99,2,2,69,2
87,19,3,60,3,2,69,2
70,19,3,63,3,1,64,0
73,16,2,74,2,1,64,0
93,19,2,83,1,1,69,2
90,11,2,72,2,3,67,1
73,17,2,68,1,2,63,0
81,18,3,77,1,1,67,1
62,18,3,98,2,3,65,0
68,19,2,98,2,2,64,0
79,20,2,66,3,3,68,1
63,23,2,84,1,0,64,0
94,25,2,86,3,2,70,2
89,16,2,83,3,0,70,2
98,13,1,56,3,1,67,1
88,14,3,77,3,2,69,2
98,17,2,88,3,2,70,2
82,18,3,60,3,5,69,2
84,15,1,67,2,1,65,0
99,12,3,60,2,0,66,1
86,17,3,94,3,2,70,2
61,21,1,93,2,1,63,0
89,24,2,58,1,3,69,2
96,17,3,88,3,4,74,2
92,18,2,68,2,2,70,2
83,14,2,84,3,1,66,1
87,20,3,75,1,0,68,1
100,15,1,74,2,2,67,1
64,23,2,94,2,2,66,1
87,9,2,82,3,0,65,0
71,18,2,62,1,3,66,1
86,22,2,56,3,1,69,2
84,21,2,97,1,2,67,1
66,36,3,58,1,1,69,2
68,22,2,87,2,2,66,1
85,14,2,75,2,2,64,0
65,19,2,57,2,1,61,0
71,9,3,89,1,0,61,0
93,20,2,95,2,1,70,2
73,15,3,56,2,1,65,0
80,25,1,53,3,1,67,1
98,17,2,92,1,0,69,2
69,19,1,75,2,2,63,0
76,16,2,84,2,1,66,1
84,30,2,72,3,3,73,2
90,18,3,71,3,0,68,1
96,31,3,65,3,0,74,2
97,25,2,78,1,0,70,2
91,23,1,58,3,0,68,1
69,22,3,86,3,1,67,1
61,22,2,77,3,1,65,0
75,8,2,92,2,5,66,1
66,18,2,96,3,0,64,0
88,25,2,95,2,1,72,2
86,20,2,80,2,2,70,2
62,12,2,66,2,1,60,0
93,20,2,68,2,1,68,1
70,30,3,83,2,1,71,2
77,27,2,86,2,1,68,1
87,20,2,58,3,2,67,1
77,26,2,100,2,1,70,2
78,18,3,55,2,0,65,0
63,10,2,80,2,0,60,0
76,14,1,77,3,2,65,0
91,29,2,80,2,0,70,2
97,18,1,77,1,4,69,2
77,19,1,53,3,1,64,0
77,18,2,100,1,2,67,1
88,31,2,99,1,2,73,2
98,30,3,76,2,1,74,2
71,33,1,60,2,0,67,1
78,19,3,59,1,2,66,1
92,22,2,53,2,4,69,2
84,11,2,81,3,1,64,0
64,29,3,74,2,0,69,2
85,13,3,71,1,1,66,1
67,21,2,76,3,1,65,0
80,13,2,94,2,1,67,1
81,16,3,54,2,3,67,1
95,15,2,77,2,0,68,1
78,16,1,85,2,4,65,0
71,17,1,99,2,4,66,1
69,17,2,87,3,2,65,0
95,25,2,77,2,0,71,2
67,13,3,88,2,0,63,0
77,21,1,100,3,2,70,2
67,27,3,94,3,0,70,2
91,17,2,54,1,3,67,1
79,16,2,79,3,2,68,1
74,19,1,89,2,0,63,0
74,27,3,84,2,3,70,2
94,21,2,71,2,1,69,2
82,17,2,66,2,1,66,1
89,23,3,81,1,2,70,2
96,13,3,71,2,1,68,1
96,24,2,70,2,0,70,2
73,22,3,92,1,0,67,1
98,18,3,66,2,0,69,2
61,15,1,82,3,2,64,0
75,15,2,94,3,1,62,0
96,23,2,81,2,1,71,2
71,27,2,75,3,2,69,2
71,16,3,52,2,0,62,0
72,23,2,84,1,0,66,1
84,7,3,100,2,3,64,0
78,16,3,90,1,3,66,1
89,20,2,82,3,2,72,2
96,15,3,73,3,3,71,2
87,14,3,61,2,0,65,0
68,16,2,85,2,1,65,0
97,22,3,59,2,1,70,2
71,19,3,94,2,1,68,1
66,7,1,68,3,0,57,0
64,7,3,70,2,4,59,0
83,16,1,61,1,0,64,0
65,23,2,74,3,2,67,1
66,4,3,84,1,2,60,0
72,17,3,65,3,3,67,1
71,17,3,85,2,2,65,0
84,28,2,81,2,1,71,2
93,18,2,69,1,0,67,1
90,22,2,66,2,0,69,2
70,21,2,93,3,1,68,1
70,7,2,51,2,0,59,0
99,25,3,86,3,3,75,2
60,21,2,71,2,0,59,0
95,23,2,86,3,0,71,2
68,44,1,75,3,3,71,2
98,7,2,54,2,0,66,1
74,30,1,99,2,1,69,2
78,18,2,54,3,4,65,0
88,22,2,58,2,3,68,1
84,20,1,71,3,5,68,1
73,17,2,97,2,1,67,1
82,17,2,65,3,1,68,1
89,22,2,78,1,0,68,1
62,11,2,76,3,3,88,2
60,25,3,67,2,1,66,1
78,18,1,85,3,3,67,1
65,13,3,75,2,2,63,0
87,17,3,79,2,3,68,1
69,28,1,61,3,2,65,0
77,17,2,96,3,1,67,1
68,22,3,56,3,3,67,1
82,16,2,85,2,1,67,1
65,25,1,94,2,1,64,0
61,24,2,54,2,1,61,0
62,31,2,51,2,2,65,0
98,19,3,67,1,1,70,2
66,24,3,89,2,0,67,1
88,21,1,86,3,1,68,1
63,28,2,91,2,1,65,0
64,16,2,70,3,3,63,0
80,24,3,100,2,1,72,2
79,19,2,68,3,2,68,1
98,20,3,90,2,2,73,2
98,21,2,68,3,0,71,2
91,22,3,61,2,3,70,2
84,19,2,67,3,0,68,1
78,21,3,60,2,3,68,1
74,29,2,56,2,2,68,1
98,26,3,68,1,1,71,2
84,25,2,57,2,4,70,2
83,17,2,75,3,2,67,1
69,15,2,52,1,0,61,0
62,26,1,72,3,1,64,0
98,25,2,98,1,1,72,2
73,29,2,68,3,1,67,1
78,16,1,57,3,1,65,0
65,19,1,65,2,1,64,0
93,10,2,90,1,0,66,1
61,18,2,66,2,1,62,0
93,26,2,69,1,2,70,2
66,17,2,89,2,1,64,0
95,24,1,63,2,3,70,2
89,19,1,74,2,1,66,1
67,22,3,53,1,0,62,0
83,13,1,59,1,4,63,0
73,21,2,60,1,2,66,1
67,2,2,73,2,1,58,0
94,19,3,91,2,1,70,2
76,10,1,68,2,1,63,0
76,27,3,69,2,0,70,2
67,25,2,65,3,1,65,0
75,23,1,66,2,5,67,1
95,29,2,70,3,1,73,2
75,14,2,95,2,0,82,2
98,30,2,51,1,0,71,2
98,26,2,81,2,1,73,2
66,19,3,94,2,1,65,0
67,27,2,71,3,1,67,1
95,13,2,83,2,1,67,1
76,15,3,79,3,4,69,2
60,16,3,67,2,0,61,0
71,17,1,57,2,3,64,0
84,14,3,61,1,1,64,0
92,27,2,53,1,2,68,1
65,18,1,88,2,1,62,0
64,22,2,77,2,5,66,1
97,17,1,89,3,1,70,2
90,9,2,65,3,3,67,1
84,22,2,90,2,2,70,2
91,9,2,65,2,0,65,0
77,20,2,56,1,1,65,0
90,12,3,77,2,3,70,2
75,32,2,97,3,1,72,2
70,25,2,71,2,0,65,0
89,21,3,76,3,1,71,2
77,28,3,73,3,3,71,2
99,15,3,73,2,1,72,2
74,23,1,61,1,0,64,0
97,21,2,71,2,2,72,2
97,22,2,75,1,1,71,2
70,28,2,87,2,0,66,1
92,24,1,57,3,3,71,2
77,22,2,79,2,2,67,1
97,10,3,83,3,1,69,2
78,14,2,69,3,0,67,1
90,19,2,77,3,0,71,2
79,21,1,86,2,1,66,1
69,13,3,73,3,1,62,0
68,34,2,67,2,0,67,1
77,29,1,91,2,2,70,2
90,24,3,99,3,0,72,2
84,20,3,61,3,3,69,2
88,19,3,94,2,1,70,2
71,14,3,77,3,0,64,0
79,20,2,72,2,1,65,0
62,22,3,95,2,2,66,1
93,13,2,96,1,2,68,1
100,22,2,64,2,2,72,2
76,19,1,68,2,2,65,0
60,9,1,93,2,3,60,0
67,15,2,75,2,0,63,0
86,18,1,64,1,3,66,1
84,31,2,98,1,1,73,2
92,23,2,61,2,4,71,2
70,12,2,81,2,1,59,0
91,23,1,71,2,5,70,2
88,11,1,73,2,1,63,0
73,26,2,55,2,1,67,1
82,17,2,63,1,2,65,0
66,19,1,58,2,5,64,0
78,28,2,87,3,2,71,2
95,12,3,85,2,2,70,2
77,12,1,90,2,2,63,0
94,16,2,85,1,3,68,1
84,26,2,56,2,1,67,1
68,11,3,99,2,1,66,1
83,3,1,59,3,2,63,0
80,17,2,68,2,0,65,0
76,23,3,85,2,2,66,1
65,27,2,57,2,2,65,0
77,17,2,59,1,2,65,0
63,18,1,94,3,2,63,0
64,27,3,67,2,0,65,0
77,9,3,83,1,1,62,0
72,18,2,93,2,1,66,1
97,21,1,99,2,1,71,2
75,23,1,61,1,2,64,0
90,17,2,56,2,0,67,1
81,20,2,87,2,1,68,1
88,5,2,59,2,3,63,0
70,16,2,79,1,0,64,0
98,23,3,77,3,1,74,2
81,14,2,78,1,2,68,1
93,20,2,82,2,1,68,1
75,23,3,93,3,2,69,2
64,18,2,64,1,4,61,0
87,21,3,78,1,1,69,2
60,14,1,67,1,3,61,0
79,19,3,66,2,3,67,1
68,24,3,51,1,0,63,0
85,21,2,80,2,3,68,1
99,16,2,99,2,0,68,1
79,21,1,88,2,2,67,1
93,24,2,62,1,1,69,2
80,8,2,86,3,2,64,0
80,27,1,65,1,1,67,1
97,18,3,88,2,1,70,2
96,23,3,93,1,5,72,2
91,27,3,67,1,1,71,2
72,12,2,50,2,1,62,0
82,16,2,65,2,2,67,1
69,18,3,60,2,3,64,0
78,15,2,81,2,0,64,0
79,30,2,65,3,1,70,2
93,15,2,52,2,3,68,1
96,17,2,77,2,1,70,2
77,21,1,94,2,1,65,0
61,13,1,73,1,2,59,0
94,18,2,69,2,1,69,2
67,22,2,59,2,2,67,1
85,18,3,69,2,2,68,1
61,19,2,67,2,1,62,0
76,17,2,100,3,0,65,0
99,11,2,52,3,0,69,2
64,22,2,62,2,3,65,0
77,31,1,53,3,1,68,1
72,20,1,93,3,4,68,1
96,21,2,71,3,3,71,2
95,24,1,90,2,3,71,2
70,12,2,85,3,1,66,1
63,30,3,96,2,4,71,2
85,21,2,51,2,2,66,1
73,30,1,60,3,0,66,1
87,16,3,85,3,2,69,2
61,31,2,79,2,0,65,0
65,25,1,85,3,2,66,1
87,23,1,79,2,2,67,1
68,21,2,79,2,1,66,1
94,19,2,97,2,0,69,2
62,27,1,96,3,2,66,1
69,21,2,52,3,0,64,0
100,8,3,71,3,0,70,2
77,13,2,76,1,1,62,0
88,19,2,68,1,1,67,1
67,22,2,52,1,1,60,0
84,20,1,74,1,1,66,1
89,27,2,99,2,0,72,2
73,8,3,54,2,2,63,0
93,21,1,91,1,1,69,2
84,9,3,60,3,1,66,1
76,25,2,79,2,2,69,2
82,19,2,69,3,2,68,1
83,23,1,67,2,3,66,1
67,15,2,94,2,0,63,0
76,28,2,99,2,1,70,2
74,26,2,69,2,2,68,1
76,24,2,82,2,2,68,1
90,19,2,78,2,1,67,1
79,23,3,54,3,1,67,1
98,16,1,52,3,3,69,2
72,25,2,89,2,3,68,1
77,30,1,70,2,0,67,1
91,26,2,65,3,0,70,2
82,16,3,99,3,3,70,2
82,22,1,54,2,2,66,1
62,12,3,63,3,0,61,0
76,23,3,93,1,2,68,1
71,23,2,71,1,1,64,0
100,9,1,79,1,1,66,1
72,13,3,52,1,3,65,0
95,18,3,96,2,3,73,2
87,18,1,57,1,3,66,1
74,13,3,61,3,2,65,0
82,22,3,58,2,0,68,1
94,22,2,75,2,0,69,2
95,19,3,91,1,1,72,2
66,15,2,63,2,3,63,0
74,26,2,57,1,0,65,0
73,30,2,70,3,0,69,2
62,17,1,99,3,2,62,0
84,16,3,51,2,0,66,1
94,23,1,75,1,3,69,2
75,18,2,83,3,2,67,1
90,19,3,90,2,0,94,2
85,24,2,87,2,2,71,2
75,9,2,54,2,2,61,0
66,28,2,73,3,2,68,1
88,20,2,54,2,0,66,1
94,18,3,81,3,0,71,2
87,19,2,54,1,3,66,1
61,20,2,52,1,2,60,0
69,10,2,65,2,0,60,0
63,29,1,97,1,3,66,1
83,20,1,85,2,1,67,1
90,23,1,50,1,4,67,1
64,26,2,64,2,2,64,0
94,14,2,51,2,0,66,1
82,23,1,65,3,1,68,1
88,18,1,84,3,1,70,2
99,25,2,88,3,3,75,2
63,7,3,90,3,0,86,2
96,19,2,95,2,3,73,2
65,16,1,68,2,1,61,0
76,23,3,93,3,0,68,1
94,23,3,86,2,1,70,2
96,16,2,77,2,1,71,2
80,16,2,98,3,2,71,2
84,19,2,97,2,2,68,1
88,15,3,95,3,2,70,2
93,25,2,60,2,1,70,2
65,18,3,60,2,0,62,0
92,3,1,95,3,3,67,1
79,18,2,70,2,3,68,1
78,14,3,90,3,1,68,1
77,10,3,84,3,2,64,0
80,13,3,88,2,1,68,1
98,21,3,51,1,0,69,2
82,28,3,71,2,1,70,2
98,22,2,93,2,4,73,2
67,16,2,74,3,1,66,1
89,23,2,85,1,0,68,1
92,17,2,88,1,1,68,1
87,16,2,56,1,2,65,0
84,13,2,58,2,2,66,1
83,9,1,86,3,0,62,0
94,18,1,53,1,3,67,1
93,21,3,67,2,1,73,2
65,19,1,96,2,2,65,0
94,18,1,79,3,2,70,2
77,14,2,96,3,3,68,1
70,24,2,65,3,3,67,1
95,12,2,82,1,2,66,1
77,25,1,64,2,3,65,0
92,14,1,56,3,1,66,1
71,15,3,100,3,2,66,1
60,11,3,59,2,2,60,0
80,17,1,59,3,0,66,1
64,26,2,92,3,2,68,1
90,23,2,90,2,3,72,2
71,26,3,99,1,1,68,1
78,23,2,54,2,0,67,1
63,13,2,55,3,0,62,0
71,18,2,72,2,0,66,1
91,15,2,80,3,0,69,2
66,28,2,52,2,0,64,0
86,13,2,58,1,0,63,0
97,25,3,85,1,2,74,2
87,25,2,83,3,0,72,2
92,31,2,54,2,1,71,2
64,18,3,97,1,2,64,0
70,24,3,63,3,0,65,0
96,34,2,94,2,1,75,2
89,16,2,96,3,2,69,2
86,11,2,75,2,1,65,0
87,9,1,71,1,0,60,0
77,24,2,64,2,2,69,2
62,9,3,90,3,4,65,0
91,18,2,60,1,0,67,1
87,23,1,81,3,5,70,2
79,21,1,78,2,1,66,1
96,23,2,62,2,0,69,2
73,21,2,99,2,2,69,2
72,28,2,92,3,1,68,1
95,14,2,51,2,5,70,2
92,16,1,71,2,2,66,1
81,15,2,68,3,0,65,0
65,25,2,94,1,1,65,0
69,25,2,63,1,1,65,0
86,23,2,100,1,0,69,2
75,27,2,60,2,4,69,2
93,13,3,62,2,0,65,0
98,30,3,83,3,1,76,2
92,29,3,58,2,2,72,2
75,24,1,94,2,2,67,1
92,31,2,55,3,3,74,2
74,10,2,99,2,2,66,1
67,17,3,94,3,2,66,1
61,16,3,92,2,4,66,1
75,24,3,70,1,5,71,2
96,14,1,76,2,0,66,1
70,25,3,73,1,1,65,0
68,28,3,99,1,1,69,2
99,24,1,52,2,1,69,2
61,22,2,69,2,2,63,0
91,14,2,98,1,0,68,1
73,15,2,68,2,1,64,0
61,27,2,70,2,2,64,0
97,25,3,82,2,1,73,2
66,20,3,95,1,2,66,1
82,17,3,65,2,4,67,1
71,8,2,97,3,3,63,0
63,14,2,64,2,1,61,0
62,31,2,91,2,4,71,2
65,12,2,64,1,1,61,0
63,21,1,54,2,1,62,0
90,26,3,91,3,1,74,2
79,12,2,73,2,2,65,0
74,21,1,70,1,2,64,0
77,26,1,71,1,1,66,1
97,20,3,81,3,1,72,2
96,37,2,63,3,0,76,2
89,10,2,62,2,4,67,1
95,26,3,74,2,3,71,2
73,19,2,52,3,1,65,0
75,25,1,82,1,3,68,1
85,23,2,91,2,1,68,1
85,16,1,86,3,3,67,1
79,21,1,73,2,1,64,0
76,9,3,78,1,0,60,0
99,24,2,51,2,1,70,2
93,22,2,96,3,1,73,2
77,24,2,78,2,2,69,2
89,26,2,66,3,0,70,2
71,22,2,65,2,1,64,0
64,21,1,83,3,2,64,0
74,15,2,79,3,0,65,0
76,16,2,59,2,0,62,0
61,27,2,70,2,0,64,0
93,29,2,84,2,0,72,2
74,19,1,65,2,1,64,0
83,20,2,75,2,0,67,1
63,15,3,63,3,4,64,0
67,27,2,54,1,0,61,0
96,24,3,69,2,1,72,2
84,32,2,87,2,2,70,2
98,15,3,61,2,4,70,2
100,18,2,88,2,2,71,2
75,21,3,83,3,1,68,1
72,24,2,75,2,3,68,1
94,19,3,99,3,0,70,2
100,15,3,94,3,2,73,2
85,25,2,78,3,2,69,2
92,24,3,78,2,0,71,2
91,15,2,64,1,1,64,0
74,28,2,96,2,0,68,1
83,27,2,95,2,0,69,2
93,21,1,87,3,1,70,2
88,20,2,56,2,1,67,1
61,23,3,85,2,1,66,1
73,15,3,63,2,2,65,0
66,20,3,59,2,4,66,1
69,7,2,88,1,0,61,0
96,25,2,98,1,0,71,2
61,11,1,55,3,5,60,0
69,29,2,58,2,1,66,1
72,18,1,61,1,1,61,0
85,19,2,98,2,2,68,1
81,16,3,85,2,2,68,1
69,18,2,84,2,2,65,0
67,29,1,75,3,3,65,0
69,5,2,77,2,2,60,0
80,28,2,65,1,2,67,1
71,22,2,58,3,2,65,0
98,13,2,89,3,1,70,2
79,14,2,74,2,1,64,0
62,30,3,63,2,2,68,1
89,14,2,82,3,2,69,2
73,13,3,60,2,0,65,0
86,27,2,74,2,2,71,2
71,22,2,60,2,1,65,0
83,14,3,88,2,0,65,0
91,21,2,66,2,0,68,1
97,14,1,72,2,1,66,1
70,27,1,88,1,1,65,0
73,26,3,83,3,2,71,2
79,23,2,70,1,3,68,1
97,22,2,54,2,2,70,2
96,31,1,96,2,3,74,2
64,20,1,50,3,0,62,0
65,13,3,87,2,1,61,0
80,23,3,97,3,0,70,2
64,33,2,65,1,0,65,0
74,14,2,54,2,2,62,0
66,18,3,62,3,2,65,0
85,22,2,66,3,0,68,1
98,20,3,73,2,2,70,2
100,14,1,76,2,1,68,1
75,27,2,86,1,3,69,2
84,34,3,95,2,1,73,2
94,21,2,73,2,1,71,2
65,15,3,87,1,0,63,0
88,11,2,56,3,2,66,1
76,22,1,66,3,1,67,1
68,27,3,56,1,0,64,0
76,23,1,85,2,1,66,1
63,20,3,95,3,2,69,2
88,16,3,94,2,4,72,2
70,13,3,66,2,1,63,0
72,25,3,62,2,2,67,1
65,25,2,64,1,1,64,0
95,11,2,64,2,4,68,1
80,30,3,54,3,1,71,2
83,23,1,57,2,2,67,1
83,28,1,61,2,1,67,1
76,12,2,50,2,2,64,0
68,12,1,52,3,5,63,0
90,19,3,85,3,2,72,2
65,23,2,81,1,2,63,0
64,31,2,97,3,2,67,1
88,24,2,70,1,1,68,1
68,19,3,72,1,2,64,0
72,14,3,53,2,4,65,0
79,27,1,58,2,2,68,1
78,14,3,85,2,2,66,1
88,30,2,62,2,4,73,2
85,18,2,89,1,1,68,1
86,30,3,85,2,2,72,2
89,24,2,87,2,3,70,2
72,19,2,85,2,1,66,1
73,17,2,85,1,3,66,1
78,18,1,77,1,2,66,1
72,23,1,84,3,2,65,0
99,20,1,76,3,2,71,2
93,16,2,60,1,1,66,1
67,19,1,61,2,1,63,0
60,20,2,70,2,2,63,0
62,7,2,51,3,0,58,0
70,23,3,94,2,3,68,1
65,14,2,63,3,2,61,0
81,13,3,53,2,2,65,0
94,10,1,71,3,1,67,1
89,9,3,91,1,1,67,1
69,12,1,70,3,1,62,0
76,16,3,63,2,0,86,2
80,32,2,77,3,0,71,2
92,17,2,79,2,1,70,2
94,21,2,88,2,1,71,2
96,22,1,90,3,2,71,2
80,21,3,85,3,1,70,2
88,20,3,50,2,2,67,1
64,13,1,50,2,0,60,0
83,29,3,99,3,0,73,2
70,31,1,63,3,1,67,1
77,10,3,64,1,1,62,0
85,14,3,87,2,0,67,1
70,18,1,79,3,1,65,0
62,14,2,73,2,1,61,0
60,23,2,56,3,0,61,0
61,16,2,54,3,1,60,0
60,33,3,85,3,4,68,1
64,27,2,56,3,0,65,0
70,21,3,72,3,3,67,1
69,26,1,87,3,2,67,1
99,27,2,96,3,0,74,2
72,17,2,94,1,4,64,0
65,15,3,93,2,2,64,0
82,20,1,68,2,2,67,1
94,25,3,96,3,6,74,2
87,21,2,84,2,1,69,2
72,11,2,94,1,1,62,0
82,15,2,54,2,1,66,1
89,20,3,52,3,2,69,2
89,20,2,71,3,1,68,1
87,32,2,91,3,2,74,2
95,12,2,70,2,4,68,1
95,23,2,94,2,2,73,2
83,29,1,62,2,4,70,2
77,34,3,52,2,0,69,2
86,18,2,88,2,2,68,1
93,23,3,81,2,2,71,2
60,23,2,72,1,3,64,0
100,21,2,92,2,3,71,2
67,19,2,91,2,1,65,0
79,23,2,66,1,1,68,1
95,5,3,92,2,1,67,1
69,24,3,67,2,2,67,1
79,21,1,81,2,2,67,1
65,19,3,60,2,1,63,0
76,32,2,63,2,0,68,1
67,16,3,72,3,1,66,1
75,18,2,66,2,1,67,1
75,32,1,56,2,3,68,1
100,15,2,74,3,2,72,2
100,17,2,76,2,3,70,2
65,19,3,58,1,3,62,0
89,25,1,59,2,2,69,2
62,21,1,51,2,0,61,0
61,12,1,52,2,2,58,0
64,17,2,68,1,5,63,0
99,16,2,57,3,4,71,2
98,20,2,96,1,1,70,2
68,23,2,60,3,1,64,0
66,23,1,53,3,2,63,0
70,9,2,70,3,1,63,0
81,26,1,60,3,2,71,2
83,22,3,53,1,0,65,0
69,28,3,88,3,2,68,1
90,23,3,78,2,1,70,2
72,27,3,53,3,3,68,1
97,23,3,73,2,3,69,2
86,28,2,52,2,0,70,2
77,23,2,68,3,0,67,1
92,19,3,68,1,2,69,2
93,34,2,91,1,2,73,2
72,25,2,87,2,3,68,1
74,23,2,95,3,2,67,1
97,12,3,57,2,0,67,1
67,12,3,77,2,2,64,0
62,22,2,51,3,2,63,0
78,21,3,91,1,1,67,1
92,16,3,68,2,1,70,2
91,21,2,53,3,1,71,2
97,30,3,66,2,1,74,2
81,24,3,64,2,2,70,2
64,13,1,88,1,1,59,0
84,19,2,56,1,0,64,0
91,15,2,78,1,2,67,1
64,18,2,90,2,1,63,0
67,18,3,87,1,5,66,1
60,17,2,97,2,1,62,0
84,12,2,50,1,3,65,0
95,19,3,68,3,3,73,2
87,17,3,68,3,1,70,2
99,2,1,52,2,0,62,0
63,32,3,91,2,2,68,1
96,27,1,84,3,1,74,2
93,18,2,76,2,2,96,2
73,20,3,70,3,1,66,1
99,13,3,95,1,0,69,2
72,30,3,63,3,1,70,2
96,31,1,67,2,2,73,2
95,21,1,98,1,1,69,2
90,26,3,53,3,1,71,2
83,21,1,89,3,0,65,0
65,12,1,86,2,1,62,0
81,18,3,95,3,1,69,2
74,21,2,55,1,3,65,0
92,17,2,99,2,1,68,1
90,19,1,51,1,1,65,0
96,19,3,67,2,4,72,2
61,20,3,54,3,2,67,1
92,20,1,53,2,2,68,1
98,14,2,98,1,0,68,1
92,16,2,86,2,2,66,1
65,12,3,75,2,0,62,0
63,26,2,55,2,2,65,0
61,7,3,76,1,1,60,0
85,27,2,66,3,2,70,2
85,28,2,64,2,1,68,1
99,18,3,81,2,1,72,2
76,4,2,90,2,2,63,0
73,18,3,72,2,1,63,0
85,20,2,75,1,1,67,1
93,14,1,83,2,4,68,1
97,17,2,56,2,2,69,2
92,29,2,91,3,1,75,2
77,24,2,92,1,0,67,1
85,14,3,77,3,2,69,2
94,10,2,59,1,0,65,0
80,18,3,75,1,2,65,0
69,19,2,55,2,1,63,0
67,23,2,88,1,2,65,0
60,17,1,66,2,0,58,0
89,23,3,66,3,0,70,2
64,32,1,97,1,1,66,1
70,25,1,71,2,2,63,0
72,20,1,89,2,1,62,0
82,19,2,82,2,2,69,2
76,18,2,66,2,1,66,1
87,27,1,56,3,0,68,1
62,16,2,90,1,2,62,0
65,20,2,88,3,0,64,0
80,20,3,58,2,0,65,0
73,17,3,62,2,2,64,0
72,12,2,88,2,2,65,0
63,22,2,99,2,3,65,0
96,20,2,92,1,0,70,2
88,23,3,84,1,2,71,2
65,17,2,96,2,2,65,0
63,27,2,64,3,1,67,1
99,15,3,50,1,4,68,1
87,30,3,66,3,1,73,2
77,10,3,99,2,0,64,0
88,23,3,94,3,3,71,2
90,23,3,53,2,2,70,2
91,15,3,75,1,4,68,1
79,23,2,54,3,2,68,1
77,28,3,89,1,3,68,1
60,7,3,69,2,0,59,0
97,23,2,96,2,2,74,2
84,5,2,53,2,1,62,0
68,14,1,87,3,2,64,0
97,30,3,70,3,0,76,2
97,17,2,63,3,2,70,2
100,13,2,76,3,0,69,2
95,19,2,74,2,0,69,2
100,32,3,67,1,4,74,2
70,9,2,82,3,2,62,0
94,14,2,83,2,2,70,2
93,29,2,54,1,4,71,2
69,31,1,80,2,4,68,1
64,19,1,86,3,3,66,1
99,13,2,54,1,3,67,1
72,33,2,83,3,3,71,2
95,30,2,90,2,3,74,2
60,24,2,92,1,3,65,0
61,15,1,52,3,1,60,0
79,20,3,85,3,2,69,2
70,19,2,90,2,2,65,0
88,22,1,70,2,3,69,2
83,29,1,77,2,1,70,2
63,25,1,63,3,0,65,0
67,14,1,66,1,0,57,0
76,28,2,75,2,0,68,1
67,22,3,58,3,2,67,1
92,24,2,69,2,2,70,2
77,29,2,65,2,1,68,1
64,13,3,62,3,1,62,0
79,20,2,74,3,1,67,1
64,17,3,92,3,0,66,1
65,11,1,62,2,2,60,0
70,22,1,83,3,0,65,0
94,35,2,63,3,1,75,2
97,9,2,57,1,4,67,1
93,20,3,97,2,1,71,2
73,24,1,82,1,0,63,0
71,21,2,55,3,2,67,1
82,19,2,82,3,2,68,1
89,12,1,59,3,2,65,0
100,21,3,94,1,1,72,2
65,15,2,62,2,1,61,0
62,7,3,90,1,1,60,0
88,27,3,60,3,2,72,2
93,26,2,78,2,2,72,2
94,20,2,96,1,2,70,2
87,21,2,65,1,2,67,1
98,26,2,54,2,0,71,2
80,21,1,78,2,0,66,1
97,25,3,59,3,0,72,2
99,18,2,86,2,1,70,2
94,28,1,80,2,2,71,2
72,22,1,67,1,2,64,0
68,21,2,85,2,3,66,1
82,12,1,62,3,2,64,0
78,22,2,96,2,0,67,1
95,15,1,67,1,3,67,1
64,16,1,88,3,1,64,0
70,15,2,63,1,0,61,0
90,14,3,86,3,4,99,2
64,33,2,52,2,3,67,1
73,28,3,65,2,3,72,2
75,32,1,55,1,1,66,1
85,13,3,73,1,3,68,1
66,20,1,72,3,1,64,0
94,12,3,68,3,1,69,2
78,16,3,99,2,0,65,0
97,14,3,62,1,1,66,1
79,27,3,90,3,3,73,2
71,18,2,72,2,0,63,0
66,26,2,67,2,3,66,1
60,24,2,60,2,3,65,0
81,34,2,82,2,1,71,2
64,11,1,67,2,1,58,0
76,28,2,91,2,0,68,1
84,27,2,98,2,0,69,2
71,14,1,61,3,0,63,0
67,26,2,56,2,1,66,1
91,22,2,66,2,0,69,2
98,19,1,73,2,3,69,2
64,15,2,65,3,2,63,0
66,16,3,99,1,1,65,0
98,32,3,89,1,2,76,2
62,20,2,98,3,0,67,1
99,25,2,69,1,1,70,2
60,15,1,65,2,1,60,0
95,15,1,70,3,2,68,1
72,26,2,76,2,1,68,1
98,12,3,87,1,2,70,2
73,18,3,94,2,1,68,1
86,20,3,73,3,3,69,2
63,21,2,64,2,0,62,0
70,19,1,66,3,1,64,0
91,22,2,85,3,2,71,2
81,24,2,78,2,1,68,1
97,24,2,74,3,0,72,2
77,14,2,60,2,1,64,0
95,18,3,94,2,6,73,2
78,27,3,89,2,0,69,2
99,25,2,57,1,1,70,2
98,12,3,68,2,3,69,2
73,22,1,77,2,1,64,0
95,8,2,73,2,2,66,1
94,20,2,70,2,1,69,2
68,31,2,86,3,1,68,1
85,14,1,53,2,4,65,0
63,15,1,74,3,4,62,0
93,25,3,63,3,2,75,2
67,11,2,54,2,0,60,0
63,16,3,73,2,0,63,0
76,24,1,59,2,2,66,1
83,16,2,63,3,0,67,1
94,19,2,75,1,1,68,1
99,24,2,99,2,0,72,2
78,23,2,84,1,0,66,1
62,22,2,64,2,0,63,0
90,18,3,69,2,1,71,2
83,22,2,70,1,2,67,1
78,19,2,58,2,1,66,1
72,23,2,58,3,2,66,1
80,17,3,57,3,4,68,1
74,19,2,76,2,1,66,1
90,14,2,84,3,0,68,1
82,20,2,80,3,3,68,1
95,15,2,99,1,0,68,1
82,13,3,56,2,2,66,1
70,22,1,99,3,1,66,1
94,21,3,73,2,0,70,2
82,25,2,61,3,1,68,1
68,17,2,97,2,2,65,0
85,22,3,73,1,1,70,2
74,23,2,67,2,3,66,1
94,23,3,61,2,0,68,1
78,15,2,63,2,1,64,0
89,21,2,99,2,0,69,2
64,22,2,65,2,2,65,0
76,20,3,99,2,3,69,2
99,7,3,67,1,1,66,1
92,21,1,62,3,1,68,1
66,33,2,59,2,3,70,2
71,18,2,71,3,1,65,0
73,16,2,62,3,0,65,0
86,22,1,85,2,1,68,1
90,22,2,62,1,0,67,1
90,27,3,92,3,0,72,2
80,12,3,92,3,1,70,2
92,24,3,64,1,1,72,2
77,24,3,88,3,1,71,2
65,19,2,93,1,1,64,0
83,22,3,80,1,2,69,2
98,26,2,68,2,4,73,2
92,25,3,72,1,1,70,2
83,13,2,89,3,1,68,1
86,25,2,65,3,2,71,2
97,20,3,67,2,1,71,2
77,20,3,58,1,0,66,1
73,20,3,70,2,3,68,1
99,19,3,54,2,0,70,2
95,27,2,66,2,3,72,2
73,19,3,69,1,1,66,1
79,13,3,63,2,3,65,0
77,18,3,55,2,3,66,1
66,21,2,76,3,3,65,0
98,27,1,93,3,0,72,2
76,24,2,67,2,2,68,1
95,15,2,62,2,0,68,1
68,35,3,64,1,0,67,1
82,22,2,93,2,2,68,1
61,28,2,76,3,1,67,1
91,19,3,57,2,3,69,2
83,23,1,85,1,2,65,0
85,25,2,58,2,2,70,2
62,27,2,53,3,1,64,0
68,26,2,63,2,2,66,1
63,25,2,58,1,1,64,0
72,18,3,80,3,1,66,1
85,17,2,74,2,1,67,1
83,22,1,86,2,3,68,1
84,26,2,76,2,5,71,2
82,19,1,71,3,1,67,1
71,26,2,76,3,3,69,2
70,29,1,72,2,1,67,1
65,15,3,52,1,4,61,0
94,15,2,84,2,0,68,1
85,19,1,98,1,2,67,1
67,22,2,71,1,1,64,0
67,17,2,71,2,3,63,0
95,28,2,52,1,3,72,2
90,23,2,95,3,2,69,2
86,20,3,96,1,1,66,1
76,11,2,91,2,1,64,0
70,12,2,55,1,2,61,0
99,22,3,95,2,2,71,2
92,7,2,51,1,0,63,0
72,26,1,72,2,2,65,0
94,19,1,75,3,2,71,2
90,39,3,92,3,2,78,2
72,34,3,88,2,1,73,2
77,19,2,90,1,1,65,0
67,19,2,93,1,0,66,1
64,26,1,74,3,3,66,1
89,30,2,89,2,3,74,2
71,10,1,53,2,4,62,0
93,9,1,72,3,1,66,1
100,16,3,52,3,4,71,2
63,23,2,96,3,2,67,1
79,23,1,98,3,0,69,2
92,26,3,54,2,2,72,2
92,13,3,77,3,2,72,2
90,6,2,66,2,2,65,0
74,25,3,67,3,1,71,2
78,15,2,73,2,0,64,0
84,8,1,56,2,1,61,0
99,21,1,59,2,1,69,2
73,25,2,79,1,1,65,0
97,19,1,51,2,3,69,2
71,17,2,80,2,2,64,0
100,19,1,66,2,1,69,2
87,18,2,92,2,1,68,1
79,12,1,80,2,1,63,0
85,16,2,85,1,1,66,1
71,23,2,56,2,1,65,0
71,22,2,63,3,2,66,1
65,21,2,100,2,3,67,1
65,14,3,72,2,3,62,0
74,19,3,68,2,2,66,1
91,7,2,94,3,3,68,1
84,21,2,52,2,2,68,1
64,29,2,77,1,0,63,0
94,11,1,61,3,1,66,1
84,16,1,68,3,3,65,0
98,22,2,60,3,1,72,2
87,28,2,52,2,4,70,2
67,17,1,71,3,1,63,0
79,16,2,89,2,0,65,0
86,8,1,98,3,1,65,0
61,21,3,81,3,1,66,1
61,32,2,69,3,0,68,1
65,22,1,88,2,2,64,0
70,20,2,75,3,3,66,1
77,22,2,68,1,3,68,1
79,20,2,59,1,0,64,0
66,15,2,90,2,2,62,0
87,25,2,75,2,0,67,1
84,21,3,98,1,1,67,1
72,20,2,90,2,1,65,0
61,14,2,71,1,2,59,0
63,28,3,87,2,0,66,1
76,24,1,73,3,4,68,1
66,17,2,54,3,2,63,0
75,26,1,76,2,2,68,1
85,17,1,93,3,2,68,1
82,15,2,93,2,3,66,1
69,15,1,79,3,1,63,0
74,9,1,69,2,3,61,0
85,23,2,51,3,0,68,1
94,9,1,66,3,0,66,1
90,13,3,99,2,1,69,2
82,8,3,86,2,0,64,0
74,19,2,86,2,1,68,1
75,19,3,88,2,0,66,1
95,18,2,81,2,0,68,1
62,14,3,79,2,2,62,0
100,13,1,73,2,1,68,1
87,23,3,72,2,1,69,2
87,17,3,94,3,2,70,2
62,22,2,70,3,4,65,0
84,15,2,92,1,3,68,1
79,21,3,92,2,0,67,1
64,28,2,89,1,0,64,0
71,24,2,52,1,2,63,0
96,18,1,57,2,1,67,1
82,22,1,66,3,1,66,1
77,19,1,92,3,2,67,1
63,20,2,94,2,2,63,0
89,18,2,52,2,3,69,2
88,19,3,66,3,3,70,2
85,21,2,93,3,0,70,2
80,14,2,62,3,0,65,0
77,14,1,99,1,2,64,0
84,12,3,74,2,1,67,1
69,10,2,97,1,1,61,0
98,13,3,71,2,1,70,2
84,21,1,66,3,2,68,1
72,15,2,68,2,0,64,0
78,23,2,94,3,1,68,1
92,20,1,67,2,1,68,1
66,8,3,83,3,0,63,0
72,24,2,73,1,1,65,0
87,25,2,97,1,4,69,2
73,14,3,58,2,2,63,0
92,23,2,71,1,1,69,2
65,15,1,56,3,3,61,0
91,21,3,79,1,2,69,2
63,12,2,70,3,1,62,0
61,9,3,53,1,0,58,0
96,18,3,92,2,2,71,2
83,19,1,69,3,5,69,2
74,18,2,75,3,1,68,1
69,13,1,70,2,0,61,0
85,18,2,74,3,3,67,1
80,22,3,51,2,2,68,1
100,20,2,91,2,3,72,2
99,21,1,67,3,1,71,2
85,16,2,86,2,3,67,1
78,27,2,53,2,3,68,1
80,13,2,76,2,0,64,0
87,23,3,95,2,3,73,2
64,27,2,70,1,0,65,0
73,23,3,60,1,1,67,1
63,19,2,55,3,0,63,0
63,17,2,93,2,0,63,0
68,26,2,62,2,4,69,2
79,11,3,99,3,1,68,1
91,14,2,62,2,2,68,1
79,18,3,74,3,3,69,2
73,27,3,73,3,5,73,2
63,22,3,53,3,3,66,1
82,14,2,77,2,3,68,1
71,18,2,84,2,2,65,0
85,16,2,87,2,4,67,1
99,16,2,76,2,2,70,2
64,26,3,91,2,1,66,1
68,12,3,88,2,3,64,0
79,30,3,60,2,1,69,2
99,25,2,70,1,1,71,2
91,27,1,57,2,0,68,1
96,17,2,57,3,2,68,1
73,19,2,86,1,0,66,1
100,11,3,77,1,2,70,2
64,17,3,80,2,0,65,0
62,23,1,87,2,1,63,0
94,28,2,64,1,0,70,2
97,13,2,70,1,0,67,1
64,18,2,80,2,1,63,0
65,19,2,55,3,1,64,0
61,12,2,92,1,2,60,0
64,24,2,67,2,0,62,0
68,16,3,83,2,2,65,0
99,19,1,100,1,0,69,2
87,17,3,74,2,1,68,1
91,15,2,61,2,1,66,1
91,20,3,61,3,4,72,2
81,19,3,53,2,2,68,1
92,18,2,88,2,3,69,2
84,16,2,65,2,1,65,0
73,22,2,59,3,0,65,0
82,30,2,86,1,2,70,2
81,21,1,65,2,1,67,1
93,26,2,80,3,4,73,2
99,12,3,71,3,2,70,2
76,21,2,67,2,1,66,1
91,13,2,74,2,1,68,1
64,11,2,66,2,2,61,0
91,16,3,94,2,0,70,2
75,27,1,54,2,2,66,1
62,26,2,52,3,4,67,1
75,21,3,70,3,1,69,2
84,11,1,59,2,2,64,0
65,19,2,87,3,0,65,0
97,22,2,68,3,7,75,2
63,21,2,63,3,2,63,0
97,9,2,68,3,5,69,2
88,15,3,61,2,2,68,1
73,20,1,65,2,2,66,1
76,23,2,78,1,2,66,1
90,7,2,93,1,4,66,1
84,19,2,69,2,2,68,1
87,21,2,66,1,1,65,0
76,25,3,89,2,3,70,2
80,24,3,51,2,3,68,1
100,23,2,65,2,1,70,2
69,15,2,73,1,2,61,0
77,9,1,80,1,3,61,0
72,18,3,58,1,6,64,0
91,26,2,72,1,4,71,2
91,28,2,78,3,1,72,2
72,24,3,76,2,1,66,1
63,23,2,79,2,0,63,0
60,22,1,83,1,3,62,0
77,17,2,69,2,3,65,0
76,19,2,53,2,2,66,1
100,30,3,53,1,2,72,2
79,14,2,93,3,2,68,1
70,30,1,84,3,2,70,2
96,18,2,88,2,1,70,2
80,28,3,96,2,2,73,2
84,12,3,88,2,2,67,1
64,24,1,85,2,3,65,0
75,16,1,83,3,1,65,0
98,12,2,63,1,0,65,0
84,21,2,98,2,0,70,2
74,26,1,77,2,3,66,1
85,15,2,61,2,0,65,0
96,11,3,60,3,2,68,1
71,19,2,91,2,3,66,1
80,19,2,63,1,1,65,0
98,23,3,52,2,2,71,2
67,26,2,71,1,2,65,0
89,20,2,91,1,0,70,2
85,31,2,71,2,0,69,2
87,21,2,90,2,3,71,2
74,18,3,91,2,0,67,1
73,10,2,93,2,3,64,0
87,18,1,79,1,1,82,2
69,18,3,85,2,2,66,1
77,26,2,63,1,1,66,1
68,23,2,55,3,1,65,0
60,13,2,77,2,2,61,0
99,21,3,51,2,2,72,2
77,24,2,73,3,3,70,2
99,29,2,55,2,0,71,2
66,25,2,55,3,4,84,2
83,25,3,94,3,2,72,2
68,20,3,82,2,1,67,1
92,22,1,82,3,2,72,2
91,27,3,70,1,1,70,2
65,12,3,71,2,1,62,0
96,18,2,65,3,3,71,2
68,15,2,72,1,3,62,0
85,22,2,79,2,1,68,1
99,27,2,59,3,2,74,2
95,16,3,63,3,0,68,1
98,6,1,75,2,1,64,0
74,18,2,69,3,0,65,0
64,25,1,91,2,1,66,1
68,23,3,91,2,5,68,1
80,23,2,67,2,2,67,1
92,18,2,73,2,1,67,1
66,12,3,99,2,2,63,0
86,23,3,91,2,2,71,2
73,15,3,61,2,1,63,0
74,33,1,64,2,0,66,1
86,23,2,54,3,2,67,1
79,17,3,84,2,0,66,1
92,16,2,66,2,2,70,2
66,19,2,77,3,3,64,0
92,19,2,88,2,1,71,2
63,27,3,92,3,0,68,1
68,21,2,66,1,2,64,0
86,16,2,62,2,1,66,1
94,31,2,92,1,1,72,2
70,20,2,69,1,2,66,1
73,25,3,91,2,0,70,2
81,16,2,57,2,1,66,1
68,22,2,96,3,1,68,1
92,22,1,74,2,2,70,2
91,9,2,59,2,0,64,0
66,32,3,77,3,3,71,2
79,28,3,94,2,2,72,2
91,18,2,69,3,5,71,2
73,13,1,59,2,0,63,0
85,22,2,79,1,1,68,1
62,21,2,92,2,1,63,0
84,22,2,56,2,0,66,1
66,21,2,52,2,1,63,0
93,23,3,53,3,1,72,2
74,29,3,62,2,3,70,2
71,23,2,50,2,1,65,0
94,14,3,71,2,0,67,1
62,28,3,85,1,2,66,1
76,30,2,86,2,1,69,2
75,39,3,82,2,1,73,2
71,13,3,65,2,2,66,1
96,21,2,87,2,0,70,2
90,8,3,79,3,2,68,1
63,23,2,93,1,2,65,0
89,17,2,74,2,1,67,1
81,32,2,59,3,2,71,2
96,15,3,82,3,2,70,2
73,10,1,58,2,5,61,0
83,17,2,98,3,0,69,2
80,8,2,85,1,1,63,0
80,25,2,88,2,0,67,1
78,8,2,84,3,0,65,0
68,20,2,55,3,0,63,0
90,8,2,73,2,3,67,1
78,18,3,83,1,2,66,1
98,30,2,61,1,0,72,2
70,22,3,84,2,3,68,1
87,15,2,91,3,1,67,1
98,20,2,64,2,1,72,2
87,20,3,60,2,0,66,1
95,23,2,94,2,1,73,2
93,12,3,50,3,4,71,2
74,24,1,63,1,1,65,0
84,4,2,70,2,5,65,0
66,16,2,84,3,2,65,0
81,17,2,100,2,2,68,1
69,24,2,69,3,7,70,2
90,20,1,97,2,1,68,1
81,12,2,68,1,0,62,0
76,14,2,85,2,3,66,1
71,21,2,58,2,3,65,0
100,20,2,73,2,1,71,2
63,17,2,94,2,0,61,0
62,17,2,66,2,2,63,0
69,24,3,55,2,3,67,1
99,17,2,76,2,2,70,2
99,19,2,72,2,3,73,2
86,33,2,61,2,1,72,2
95,11,2,95,2,1,69,2
69,9,2,80,1,1,61,0
99,25,2,67,2,1,71,2
66,16,2,100,2,1,64,0
64,18,2,57,1,1,61,0
64,15,2,92,2,3,63,0
83,18,1,62,2,2,65,0
91,30,2,62,3,3,73,2
75,25,1,75,2,2,68,1
99,25,2,83,2,1,72,2
77,12,1,85,1,1,62,0
66,13,2,51,3,3,63,0
79,3,2,64,1,0,58,0
87,15,2,83,2,1,68,1
93,26,3,94,3,1,74,2
78,23,2,83,2,1,68,1
84,19,2,63,2,1,67,1
71,20,2,75,2,0,65,0
86,16,1,82,1,0,63,0
99,21,1,57,2,2,71,2
62,25,1,77,2,0,62,0
95,10,1,74,3,2,66,1
82,22,2,67,1,1,65,0
70,26,2,81,3,0,66,1
98,18,1,82,3,3,71,2
79,24,3,99,1,2,68,1
73,37,3,71,2,0,72,2
67,19,3,77,2,1,66,1
70,22,1,58,2,4,66,1
93,16,3,77,1,2,67,1
85,21,3,52,1,5,71,2
97,23,3,57,3,2,72,2
69,21,2,59,1,3,64,0
65,14,3,82,1,1,60,0
60,21,1,78,3,2,64,0
80,29,1,90,2,2,70,2
100,23,1,73,2,3,72,2
88,26,3,74,2,0,68,1
72,19,1,58,2,0,62,0
95,24,1,87,2,0,68,1
91,22,3,50,3,2,72,2
61,14,1,71,2,0,60,0
93,22,3,59,2,3,72,2
72,14,3,89,1,2,65,0
66,16,1,84,2,3,63,0
69,21,1,85,2,2,66,1
79,22,2,57,1,1,65,0
77,13,3,83,2,1,65,0
72,26,3,85,1,2,67,1
67,23,2,50,2,4,65,0
90,16,2,66,3,0,67,1
100,11,2,54,2,1,66,1
91,19,3,84,1,2,71,2
72,17,2,61,2,1,64,0
70,21,1,63,1,0,61,0
69,18,3,54,3,1,65,0
65,8,2,74,2,1,61,0
82,18,1,52,3,1,64,0
84,18,3,92,3,0,69,2
88,24,2,51,2,4,71,2
87,16,2,53,3,3,70,2
72,30,2,82,3,1,70,2
73,9,2,96,2,0,62,0
87,28,2,95,2,2,73,2
74,19,3,54,2,0,66,1
69,25,2,64,2,1,66,1
75,20,2,76,1,3,66,1
71,27,2,51,2,3,66,1
64,18,2,76,2,2,65,0
93,13,1,72,1,2,67,1
94,29,2,79,3,6,76,2
69,19,2,96,2,0,66,1
63,21,2,64,2,1,63,0
90,27,2,82,2,0,71,2
68,14,3,71,2,1,63,0
76,24,1,72,3,1,67,1
63,16,2,82,2,0,63,0
69,19,2,98,3,0,66,1
92,20,2,93,2,3,72,2
92,11,2,82,3,4,70,2
68,15,1,73,3,0,62,0
73,28,2,71,3,0,69,2
65,25,2,89,1,2,66,1
63,20,2,61,2,2,64,0
100,21,2,79,1,2,70,2
86,18,2,75,2,0,67,1
82,28,3,82,2,1,71,2
91,19,2,59,2,1,69,2
94,21,1,85,3,1,70,2
92,27,2,81,2,0,70,2
61,15,1,59,3,1,61,0
67,29,3,72,1,0,65,0
86,11,3,84,2,0,67,1
75,30,1,95,2,1,70,2
99,18,2,56,2,2,67,1
87,19,3,50,1,3,68,1
98,9,3,58,3,2,69,2
68,17,2,99,2,1,65,0
95,14,2,88,3,2,68,1
73,16,2,81,3,1,67,1
100,19,3,57,2,1,70,2
66,26,3,71,3,2,68,1
81,21,2,86,3,1,69,2
92,22,1,95,3,0,70,2
77,13,3,69,3,2,67,1
79,15,3,100,3,4,70,2
99,31,1,57,2,1,74,2
77,16,1,69,2,1,63,0
84,30,2,94,3,1,72,2
62,19,2,82,3,0,62,0
94,20,2,91,2,1,71,2
86,26,1,95,2,0,68,1
76,28,3,75,2,3,72,2
61,19,3,62,2,1,64,0
84,18,1,85,1,0,64,0
61,20,3,78,1,0,63,0
60,22,2,89,3,2,66,1
85,25,2,76,2,2,71,2
68,20,3,91,2,4,70,2
68,24,2,95,3,3,67,1
86,30,3,87,3,0,73,2
62,22,2,87,1,2,64,0
73,22,2,79,1,4,65,0
66,11,2,74,2,3,62,0
83,4,2,99,3,1,64,0
86,22,2,82,1,1,67,1
89,19,3,92,2,5,74,2
70,17,2,75,3,1,63,0
64,21,1,78,3,1,64,0
63,20,1,83,2,4,64,0
77,27,3,86,1,1,70,2
98,21,2,72,2,3,71,2
69,16,2,68,2,0,63,0
70,26,3,62,2,0,66,1
64,19,3,71,2,1,65,0
84,23,3,61,2,2,70,2
87,17,1,71,1,2,65,0
86,16,2,94,3,0,68,1
94,21,3,99,2,1,72,2
79,20,3,79,2,0,67,1
65,23,3,57,3,1,65,0
72,18,2,71,2,2,66,1
86,9,3,80,3,1,67,1
85,17,1,69,2,1,65,0
81,25,2,60,2,2,68,1
87,18,2,61,2,2,68,1
85,19,3,74,2,1,69,2
95,26,1,61,2,2,71,2
83,16,2,62,2,0,64,0
91,11,3,94,1,1,65,0
70,19,2,89,2,1,64,0
87,17,2,53,2,3,67,1
96,14,3,66,2,3,70,2
75,19,3,77,2,1,66,1
91,23,2,53,3,3,70,2
89,20,3,84,2,1,70,2
62,22,2,69,3,1,64,0
83,31,3,70,1,3,71,2
65,18,3,63,2,1,63,0
99,22,2,67,2,1,72,2
92,17,3,93,3,4,72,2
64,15,1,89,3,0,61,0
65,16,1,97,3,2,63,0
84,17,3,85,1,0,67,1
74,22,1,79,3,3,67,1
61,34,1,63,2,2,65,0
82,16,2,83,1,0,64,0
76,18,1,95,2,2,69,2
64,20,3,53,2,4,65,0
92,22,3,72,3,1,71,2
97,22,2,57,2,0,70,2
90,28,2,91,1,0,98,2
93,5,2,81,2,1,65,0
69,6,2,94,3,1,63,0
71,17,2,53,2,0,61,0
68,27,1,95,2,1,67,1
91,11,2,53,2,0,64,0
98,2,2,64,3,1,65,0
89,23,3,58,3,2,73,2
95,21,3,57,2,1,69,2
86,13,3,59,2,3,67,1
76,14,2,74,3,0,63,0
77,14,3,89,3,0,67,1
63,21,3,95,1,2,66,1
61,16,3,78,2,2,64,0
88,23,1,58,3,2,68,1
78,3,2,54,2,2,61,0
82,15,2,75,2,1,66,1
82,13,2,88,2,0,65,0
71,18,3,81,2,0,65,0
79,17,2,79,2,3,67,1
79,25,2,52,3,1,68,1
76,9,2,71,2,1,63,0
93,20,2,78,3,1,70,2
78,23,3,80,3,0,68,1
84,31,2,50,2,2,69,2
96,17,2,60,3,0,67,1
95,22,2,97,2,0,69,2
96,9,1,75,2,1,65,0
71,6,3,85,2,1,61,0
61,25,3,65,2,3,65,0
70,20,2,79,1,4,67,1
71,27,3,68,2,1,66,1
96,12,2,65,2,2,69,2
86,23,2,71,2,3,71,2
63,31,3,73,3,1,68,1
65,23,2,67,3,3,65,0
66,22,2,63,2,1,64,0
85,20,1,81,2,1,68,1
89,11,3,69,1,1,64,0
94,28,3,60,2,1,71,2
98,16,2,88,3,1,70,2
68,23,2,86,3,0,68,1
72,11,2,94,2,2,63,0
70,13,3,78,2,0,61,0
74,29,1,64,2,2,66,1
97,18,3,93,2,5,75,2
83,29,3,64,3,2,71,2
90,20,2,83,2,1,69,2
80,9,1,60,3,2,62,0
61,25,2,81,2,0,65,0
63,16,1,92,2,0,61,0
82,24,2,77,2,3,69,2
89,20,1,74,1,1,66,1
69,11,2,100,3,1,64,0
89,21,2,51,3,1,69,2
92,33,3,67,3,6,78,2
76,23,3,96,1,2,68,1
90,20,3,82,3,2,70,2
76,26,2,77,1,1,68,1
87,21,1,82,1,0,68,1
91,21,2,66,2,1,69,2
100,13,1,54,2,0,68,1
74,21,1,64,3,3,80,2
76,26,2,67,2,1,67,1
67,15,2,74,1,1,64,0
68,29,1,70,2,0,64,0
88,19,2,76,2,1,68,1
97,15,2,60,1,4,67,1
76,26,2,59,2,0,65,0
67,18,3,68,3,0,66,1
71,25,1,74,2,4,67,1
78,18,2,67,3,0,64,0
72,20,1,79,2,1,66,1
69,23,1,66,2,1,63,0
89,22,3,59,2,5,71,2
60,8,2,93,3,0,62,0
82,13,3,60,2,1,64,0
92,26,2,98,1,2,72,2
71,19,2,99,3,0,65,0
84,17,3,85,1,1,67,1
87,12,3,75,3,1,65,0
86,14,1,90,1,0,63,0
78,8,3,94,3,1,65,0
74,19,2,85,2,1,67,1
93,16,2,55,2,0,67,1
90,14,2,50,1,0,65,0
73,20,3,60,2,1,64,0
64,22,1,59,3,0,64,0
63,33,3,59,3,1,69,2
64,11,2,75,2,1,60,0
83,27,2,76,2,1,70,2
62,26,3,86,1,2,66,1
73,15,2,60,2,3,66,1
90,21,1,55,2,2,68,1
72,17,2,83,1,3,62,0
91,21,3,74,2,0,70,2
90,29,2,83,2,0,72,2
70,24,1,69,1,1,64,0
89,23,2,88,1,1,71,2
90,17,3,84,2,1,67,1
76,11,2,83,1,3,64,0
68,19,3,51,3,1,64,0
81,27,3,93,2,0,72,2
97,11,1,69,1,3,66,1
86,14,2,57,3,3,68,1
67,21,2,88,2,1,95,2
87,14,1,74,2,0,64,0
77,15,2,52,2,1,64,0
84,17,3,89,1,2,68,1
89,12,1,72,2,1,67,1
81,14,2,88,2,1,67,1
93,24,2,88,3,1,71,2
89,12,1,55,2,1,63,0
85,10,2,81,2,3,66,1
66,16,3,68,3,2,65,0
93,24,1,77,2,0,68,1
97,19,1,54,2,0,68,1
65,17,3,79,2,0,62,0
80,20,2,89,1,0,67,1
70,10,3,99,3,1,65,0
90,23,2,66,3,2,71,2
89,22,3,58,2,4,71,2
66,18,2,68,3,1,61,0
95,26,2,51,2,1,70,2
67,13,1,70,2,0,60,0
92,27,2,96,1,0,70,2
78,21,3,60,2,1,67,1
73,18,2,74,2,3,66,1
66,20,1,79,1,2,63,0
67,19,2,59,2,3,65,0
86,27,2,67,3,5,75,2
82,14,2,96,3,2,66,1
65,15,2,65,2,1,61,0
65,26,2,82,2,1,65,0
63,16,2,57,1,2,61,0
90,25,3,83,3,2,73,2
88,30,2,64,3,1,73,2
62,18,2,62,2,1,63,0
82,24,2,56,1,1,67,1
63,13,3,52,2,2,62,0
96,25,1,98,1,1,71,2
96,21,2,71,2,2,70,2
88,23,2,89,2,0,70,2
97,16,2,96,2,4,69,2
92,10,2,60,2,3,66,1
93,23,3,93,1,1,72,2
83,8,1,85,3,1,63,0
72,18,2,79,1,1,65,0
69,26,3,90,3,3,71,2
73,21,2,56,2,5,66,1
85,32,1,63,2,2,69,2
67,26,2,57,1,0,62,0
70,16,3,95,3,1,66,1
79,20,1,55,2,3,66,1
69,20,1,99,2,1,64,0
84,11,2,55,1,0,63,0
97,14,2,83,2,0,68,1
90,17,2,83,2,5,68,1
87,8,3,97,3,2,67,1
83,20,1,66,3,1,67,1
80,19,3,67,3,2,68,1
67,10,2,92,3,1,65,0
96,22,3,99,1,4,74,2
70,24,3,52,2,1,85,2
64,21,2,82,2,2,64,0
90,18,2,62,1,3,67,1
67,24,3,86,3,2,68,1
75,24,2,89,1,0,67,1
61,22,2,88,3,1,65,0
65,15,3,72,3,2,63,0
67,22,2,58,2,1,64,0
62,27,1,79,1,0,62,0
86,16,3,89,1,1,68,1
93,33,2,96,2,0,75,2
75,17,1,73,2,0,63,0
95,20,1,62,2,2,68,1
69,16,2,56,2,2,63,0
73,21,3,90,3,0,68,1
66,10,3,77,2,0,62,0
85,17,2,84,1,3,67,1
77,13,3,58,3,2,66,1
85,21,2,50,2,1,65,0
90,26,2,98,2,0,69,2
82,24,2,91,3,2,70,2
85,6,2,70,3,0,64,0
97,32,2,73,3,0,75,2
72,22,1,96,1,1,66,1
74,15,1,60,2,2,62,0
89,21,2,90,1,4,70,2
84,21,3,51,3,0,68,1
67,16,3,94,2,1,66,1
75,21,3,79,1,0,65,0
79,16,2,74,3,3,68,1
77,18,2,85,3,2,68,1
67,16,2,53,2,2,62,0
97,11,2,60,1,2,66,1
90,21,1,70,2,2,68,1
79,24,2,81,3,0,69,2
87,23,1,57,2,2,67,1
96,25,3,69,1,3,74,2
65,22,2,63,1,2,61,0
70,17,2,82,3,2,64,0
82,25,2,96,2,1,69,2
92,12,2,58,3,2,66,1
61,15,2,59,2,0,61,0
99,14,2,80,2,3,71,2
78,26,3,73,3,2,71,2
74,26,2,86,2,2,69,2
72,23,2,64,2,1,66,1
67,26,2,77,1,2,64,0
92,15,2,69,1,1,68,1
98,22,2,64,3,0,71,2
77,19,2,86,3,0,66,1
98,25,2,90,2,1,94,2
93,19,3,66,1,1,68,1
79,18,2,81,2,1,66,1
87,23,1,59,3,4,70,2
77,25,2,90,2,1,68,1
82,16,1,64,3,1,65,0
62,20,2,59,2,3,64,0
88,14,2,97,3,0,69,2
62,5,3,71,3,1,59,0
93,21,2,82,1,2,70,2
93,24,1,90,3,0,72,2
69,22,2,84,1,0,64,0
73,8,3,78,2,0,63,0
79,18,2,69,2,2,67,1
84,7,2,96,2,1,62,0
71,28,2,57,2,1,69,2
84,13,2,94,2,3,66,1
72,28,1,85,1,4,66,1
62,26,2,79,1,1,63,0
60,15,2,66,2,2,62,0
64,13,3,57,2,1,58,0
92,22,1,72,2,0,67,1
98,15,2,89,2,2,68,1
77,21,2,87,3,1,67,1
81,17,2,82,2,3,67,1
66,9,2,100,1,3,62,0
82,7,3,99,2,2,66,1
66,21,2,70,2,1,65,0
84,17,3,60,2,0,67,1
97,17,1,73,2,1,69,2
68,24,3,92,2,1,67,1
91,27,2,73,1,0,69,2
61,18,1,67,2,2,62,0
75,18,2,87,2,3,67,1
64,23,1,83,2,0,63,0
74,12,2,98,2,2,65,0
67,21,2,77,2,3,66,1
75,23,3,98,2,3,71,2
77,24,3,65,1,1,70,2
72,8,3,93,3,4,68,1
86,15,2,68,3,0,67,1
97,15,3,90,2,2,71,2
76,21,2,96,1,1,65,0
68,23,2,81,1,1,64,0
71,29,2,86,2,1,69,2
94,17,1,98,2,1,68,1
83,17,1,69,2,4,67,1
78,27,2,76,2,1,71,2
66,22,1,95,2,1,64,0
78,28,3,84,2,2,69,2
71,22,3,94,2,1,68,1
98,13,1,81,3,1,69,2
95,12,2,87,2,0,67,1
63,11,3,51,2,0,58,0
81,24,2,67,1,0,66,1
69,27,3,89,2,2,69,2
76,31,3,70,2,3,70,2
95,25,1,68,2,1,70,2
81,27,1,98,2,0,70,2
73,17,3,78,3,0,66,1
68,13,3,60,1,1,61,0
92,25,2,74,2,3,71,2
85,23,1,76,3,2,69,2
79,21,2,99,2,2,69,2
69,22,2,86,3,0,65,0
73,22,3,76,3,3,69,2
98,28,3,72,2,1,74,2
81,28,2,96,2,2,71,2
76,23,2,82,3,0,68,1
81,25,3,68,3,0,69,2
91,23,2,73,1,3,68,1
74,17,1,64,2,2,63,0
67,25,2,98,2,0,68,1
83,12,2,85,3,2,67,1
87,26,3,70,2,3,71,2
89,13,3,59,3,0,66,1
95,22,2,59,3,2,69,2
75,15,2,74,3,3,68,1
63,23,2,73,2,1,63,0
98,20,2,71,2,0,69,2
77,10,3,93,1,3,66,1
85,23,2,99,2,1,71,2
87,17,3,68,2,2,68,1
82,25,2,65,2,0,69,2
68,20,2,89,2,0,65,0
90,22,1,72,2,0,68,1
92,14,2,61,3,0,67,1
82,16,2,59,2,1,65,0
80,17,2,64,1,1,65,0
65,25,1,50,2,2,64,0
63,30,3,97,3,1,69,2
74,15,1,72,3,2,64,0
72,26,2,54,2,2,66,1
98,7,1,58,2,2,65,0
91,13,2,66,3,2,69,2
86,14,2,78,1,3,66,1
81,12,2,85,2,0,64,0
67,10,2,65,2,1,61,0
99,22,2,98,2,1,72,2
75,19,2,88,2,1,67,1
64,22,2,91,1,0,63,0
80,24,3,66,2,1,69,2
95,22,3,69,1,3,70,2
95,24,3,77,2,1,71,2
60,20,1,73,2,0,60,0
95,13,3,63,2,3,70,2
71,26,3,100,1,1,69,2
62,16,3,92,2,0,63,0
94,14,2,62,2,2,69,2
95,19,2,95,2,0,71,2
84,15,3,79,2,1,68,1
83,17,3,51,2,0,64,0
93,22,2,67,1,0,68,1
91,22,2,51,1,2,69,2
96,15,1,54,2,0,65,0
82,17,2,59,2,3,68,1
99,26,3,74,2,1,74,2
100,23,1,69,3,0,72,2
65,32,2,57,3,1,67,1
94,27,3,70,3,1,73,2
80,27,2,65,2,1,68,1
76,12,1,71,2,0,61,0
85,25,3,59,3,3,70,2
62,20,1,80,2,1,62,0
80,17,2,52,2,2,67,1
95,21,3,69,1,0,69,2
69,26,3,95,3,0,93,2
77,23,3,71,2,3,68,1
98,15,2,72,2,1,69,2
77,24,2,53,2,2,68,1
74,16,3,80,2,0,64,0
78,21,2,97,3,0,69,2
81,18,2,65,2,2,66,1
85,19,2,70,2,4,68,1
92,25,2,79,2,3,72,2
78,14,2,55,3,2,63,0
93,32,2,98,3,0,73,2
81,9,2,73,3,1,65,0
74,16,3,56,3,1,65,0
86,22,2,67,1,0,68,1
89,24,2,69,3,3,70,2
82,19,2,67,2,0,65,0
62,20,2,85,3,2,66,1
67,22,3,67,2,1,66,1
71,19,3,66,2,2,65,0
71,28,3,66,2,2,69,2
87,25,3,89,1,1,69,2
61,25,3,65,2,2,64,0
90,14,2,51,2,1,66,1
71,20,2,68,1,1,63,0
72,18,2,64,3,4,68,1
81,14,2,95,3,2,68,1
69,22,2,74,3,1,65,0
95,17,2,62,3,1,69,2
63,24,2,99,2,2,66,1
78,14,2,62,2,1,63,0
94,30,2,88,1,2,72,2
85,15,2,82,3,2,67,1
72,21,3,73,3,1,67,1
77,25,2,70,3,0,68,1
88,17,3,94,3,2,71,2
99,25,3,74,2,1,73,2
96,13,2,69,2,2,68,1
74,29,2,68,3,0,69,2
100,20,2,64,2,0,69,2
60,16,3,70,2,3,63,0
61,18,2,56,2,3,62,0
93,25,2,53,2,0,70,2
68,16,2,77,3,1,66,1
62,16,2,73,2,3,62,0
69,19,3,59,2,2,64,0
77,13,2,55,2,2,63,0
89,31,2,57,2,1,71,2
85,17,2,66,3,1,67,1
70,25,3,73,1,2,67,1
80,21,3,60,1,1,67,1
97,14,2,88,1,2,71,2
93,20,2,60,3,0,69,2
73,25,2,56,2,2,93,2
99,19,2,100,3,1,72,2
88,27,3,72,2,1,71,2
62,26,2,59,2,1,63,0
61,26,1,95,3,0,65,0
67,17,2,62,1,0,61,0
89,14,1,96,2,2,66,1
67,16,2,56,2,1,61,0
80,21,2,92,2,1,67,1
64,23,1,59,2,3,64,0
97,7,3,97,1,3,69,2
74,20,2,79,1,1,64,0
96,21,2,59,2,2,70,2
98,18,2,92,3,2,73,2
60,28,2,70,1,0,63,0
79,23,2,87,2,2,68,1
61,28,1,82,1,0,64,0
96,19,1,86,2,3,69,2
81,26,2,67,2,3,69,2
63,30,1,97,3,2,67,1
64,28,1,78,3,3,69,2
75,13,3,54,2,1,62,0
98,18,2,53,1,0,66,1
88,18,2,87,1,2,68,1
95,23,1,92,3,1,71,2
75,24,1,85,2,1,66,1
62,15,3,64,1,2,62,0
99,20,1,61,1,1,68,1
61,8,1,78,2,0,59,0
98,29,2,60,2,0,70,2
75,17,1,69,3,1,66,1
60,20,2,81,2,3,65,0
88,18,2,64,2,0,66,1
99,27,2,69,2,2,73,2
99,3,1,68,2,2,65,0
66,20,3,73,2,0,65,0
67,19,2,84,3,0,64,0
83,17,2,89,2,0,69,2
85,30,2,83,2,2,74,2
90,15,3,51,3,2,68,1
67,25,2,95,1,0,65,0
98,22,3,79,2,2,72,2
86,28,2,96,2,2,71,2
94,16,2,98,3,0,69,2
82,16,3,73,1,3,67,1
77,27,3,96,2,0,71,2
99,23,1,68,1,1,68,1
83,11,2,63,1,3,63,0
95,17,2,54,3,2,69,2
98,22,1,73,2,1,68,1
87,25,3,84,3,2,73,2
82,16,2,99,2,3,69,2
60,3,2,76,2,0,58,0
62,23,1,87,3,1,65,0
68,13,2,95,2,2,63,0
67,8,1,77,1,1,59,0
70,3,2,58,2,0,58,0
72,25,2,92,2,1,66,1
74,21,3,79,2,0,67,1
77,19,2,88,3,3,67,1
64,28,2,83,3,2,67,1
62,24,1,53,3,0,65,0
87,30,2,58,3,1,71,2
81,12,2,64,2,2,66,1
78,20,3,64,2,2,68,1
85,10,3,92,2,0,65,0
93,19,3,80,3,1,71,2
77,19,1,54,2,2,64,0
86,24,3,69,2,1,72,2
98,20,1,78,1,4,69,2
94,24,2,63,2,1,70,2
77,24,2,52,2,0,66,1
86,33,2,69,2,0,70,2
67,18,1,73,3,0,62,0
82,14,2,95,1,1,66,1
99,21,1,95,3,2,70,2
81,15,1,75,1,1,63,0
97,29,2,74,3,1,73,2
76,18,3,82,2,2,70,2
100,17,3,63,3,1,71,2
83,17,2,64,1,1,65,0
62,24,1,50,2,1,64,0
83,19,1,54,3,1,66,1
71,16,1,59,1,1,82,2
61,30,3,82,1,2,68,1
93,15,2,61,2,1,67,1
71,20,3,56,1,5,68,1
92,24,3,81,1,2,69,2
72,10,2,83,2,0,63,0
68,23,3,53,2,3,66,1
99,14,2,89,2,0,68,1
74,25,2,80,3,4,71,2
84,14,3,70,2,2,69,2
84,24,2,99,1,1,70,2
82,27,2,51,2,3,70,2
97,25,2,77,2,1,73,2
87,22,3,58,2,0,68,1
76,19,1,66,2,1,65,0
94,17,3,57,3,4,72,2
67,29,1,83,3,2,67,1
82,16,2,70,1,4,68,1
98,14,2,99,2,0,69,2
85,24,2,83,2,1,70,2
93,15,2,96,3,1,69,2
86,14,3,62,3,1,68,1
94,11,2,66,2,2,65,0
98,17,3,68,2,1,70,2
71,20,1,92,2,1,65,0
67,21,1,61,2,0,61,0
79,26,1,97,2,1,69,2
88,23,1,52,2,0,67,1
69,19,2,94,2,1,65,0
60,19,2,73,2,3,63,0
74,23,3,76,2,0,67,1
99,28,1,100,3,6,76,2
88,21,2,94,2,0,70,2
76,17,3,95,2,1,67,1
68,14,3,79,3,2,66,1
74,11,3,98,2,1,65,0
67,24,3,84,1,0,65,0
64,23,2,91,1,2,63,0
96,23,3,86,2,3,74,2
100,19,3,89,1,2,72,2
67,28,3,82,3,1,68,1
62,17,1,86,2,2,62,0
73,26,3,72,1,1,65,0
78,20,2,85,3,1,69,2
68,16,1,64,2,2,61,0
72,24,2,82,2,2,67,1
68,22,3,76,2,1,66,1
91,22,2,95,1,1,70,2
89,20,3,84,2,5,72,2
85,20,1,80,3,3,69,2
75,34,2,66,1,0,68,1
96,27,2,93,2,2,74,2
99,24,2,53,3,1,70,2
67,21,2,95,2,1,67,1
69,26,2,83,2,4,68,1
81,23,1,59,3,2,69,2
64,20,1,95,3,4,66,1
77,18,1,66,2,3,66,1
83,20,3,58,3,1,68,1
81,1,2,66,2,1,60,0
73,21,2,98,3,0,69,2
82,17,2,88,3,1,66,1
98,30,3,96,2,1,77,2
68,20,1,65,2,1,63,0
86,13,1,54,2,3,66,1
62,20,2,78,3,1,64,0
63,14,3,74,3,1,63,0
82,23,2,86,1,0,68,1
64,22,2,77,3,1,65,0
61,26,2,70,3,1,65,0
67,15,3,50,3,0,64,0
83,20,2,73,3,0,68,1
88,12,2,56,1,0,62,0
68,24,2,96,2,1,67,1
87,23,3,96,3,1,73,2
67,23,3,90,3,2,69,2
85,20,2,58,2,0,65,0
76,22,2,57,2,1,66,1
86,30,2,78,3,4,73,2
100,18,2,86,3,1,72,2
98,21,2,95,2,3,72,2
60,13,3,95,1,1,61,0
95,15,2,58,3,2,69,2
63,21,2,100,3,1,66,1
98,27,3,58,3,1,74,2
71,18,1,92,3,1,64,0
75,19,3,79,2,1,66,1
64,18,2,84,3,2,64,0
64,17,3,80,3,3,66,1
89,22,3,93,2,2,72,2
98,11,3,82,3,1,71,2
84,28,2,92,3,1,70,2
89,16,2,58,3,2,67,1
90,24,3,93,2,1,71,2
71,12,1,100,2,2,63,0
62,24,3,83,2,1,64,0
60,24,2,99,2,2,64,0
74,22,1,61,2,1,65,0
70,14,2,91,2,2,65,0
62,21,1,58,2,2,62,0
67,13,3,76,3,2,65,0
65,18,3,83,2,1,64,0
97,26,2,83,2,2,74,2
66,25,3,84,2,2,67,1
82,20,2,66,1,0,66,1
84,14,3,99,3,3,70,2
82,24,3,50,2,0,68,1
64,20,2,81,2,0,64,0
73,6,2,93,2,0,58,0
62,25,2,95,2,1,65,0
76,20,3,86,2,2,68,1
68,27,2,79,1,2,64,0
82,13,3,73,2,4,66,1
88,1,3,72,2,3,92,2
81,22,2,71,3,2,69,2
77,22,3,85,2,2,68,1
75,10,2,87,2,2,63,0
94,14,2,76,1,0,64,0
69,37,3,87,2,1,68,1
89,18,1,76,2,0,67,1
90,24,2,55,1,1,68,1
77,16,2,93,2,1,66,1
72,7,2,94,2,4,66,1
79,19,3,63,2,4,68,1
64,18,3,89,2,1,64,0
62,18,2,76,3,2,63,0
64,19,2,56,2,0,62,0
67,22,3,70,2,2,66,1
80,19,2,54,3,0,65,0
94,12,1,89,2,1,66,1
69,23,3,60,2,2,66,1
97,8,3,58,2,2,69,2
98,8,2,60,1,1,67,1
98,24,3,61,2,6,75,2
94,23,2,84,3,0,73,2
75,20,2,82,2,0,66,1
63,12,2,56,2,4,61,0
83,16,2,86,2,5,68,1
82,18,2,67,2,1,67,1
94,10,3,73,2,1,66,1
100,16,3,56,2,1,69,2
80,24,2,85,2,3,69,2
74,29,3,69,2,1,67,1
67,17,2,82,3,0,65,0
60,25,1,71,2,2,63,0
80,9,1,52,2,1,63,0
82,24,2,85,2,1,66,1
93,15,2,78,2,0,66,1
80,22,3,72,2,2,69,2
97,19,2,60,3,3,72,2
85,28,2,81,2,2,70,2
94,15,3,64,2,2,68,1
66,24,2,71,3,1,66,1
94,18,2,53,1,3,67,1
87,19,2,89,3,0,68,1
67,19,1,55,2,0,62,0
68,15,3,95,2,1,64,0
97,20,1,93,3,1,71,2
61,20,2,99,3,0,65,0
79,21,2,95,2,0,69,2
73,21,2,99,2,1,65,0
87,25,2,94,2,0,71,2
94,26,2,56,1,1,69,2
74,14,2,72,3,2,65,0
77,25,2,54,1,2,66,1
99,13,2,77,2,0,68,1
91,24,3,76,3,0,72,2
96,24,3,96,3,1,74,2
78,9,2,98,2,3,64,0
69,21,1,63,3,0,64,0
76,17,2,79,2,1,63,0
89,15,1,73,3,2,66,1
64,28,2,77,2,1,67,1
71,16,1,77,3,4,64,0
62,15,3,96,1,0,62,0
77,20,1,95,2,0,66,1
93,24,3,56,2,4,71,2
61,19,1,67,3,1,63,0
87,27,2,88,3,1,72,2
97,23,3,84,2,1,71,2
69,7,2,82,1,1,61,0
88,17,3,100,2,1,71,2
99,17,2,67,2,2,69,2
98,23,3,76,2,3,74,2
69,4,3,99,2,0,61,0
64,35,1,85,2,2,68,1
66,23,3,82,2,1,67,1
88,21,1,58,3,3,70,2
89,27,2,62,2,0,69,2
87,34,1,69,2,3,72,2
73,25,1,73,2,1,66,1
67,26,2,75,2,2,67,1
83,21,2,95,2,4,70,2
79,19,3,55,2,3,68,1
89,17,2,62,1,2,68,1
78,15,3,57,2,2,65,0
74,16,1,87,2,0,63,0
72,12,1,99,1,0,62,0
68,20,3,95,2,0,66,1
71,10,3,86,2,1,62,0
64,21,3,51,1,0,61,0
74,20,2,67,1,0,63,0
61,21,2,93,2,3,65,0
67,17,1,83,3,3,64,0
90,38,2,60,3,2,74,2
73,28,2,73,1,2,70,2
87,13,2,54,1,2,63,0
89,21,2,76,1,3,68,1
83,16,3,95,2,2,69,2
98,14,3,52,2,1,70,2
61,12,2,81,2,2,62,0
90,23,2,62,3,3,71,2
98,16,1,100,2,2,69,2
94,26,1,53,3,0,69,2
67,26,3,81,1,4,68,1
73,28,2,63,1,0,65,0
67,15,3,94,2,1,65,0
84,23,1,56,1,1,65,0
88,24,3,71,3,2,72,2
73,17,1,59,2,2,63,0
82,15,3,90,2,2,68,1
88,30,2,68,2,1,72,2
77,21,1,59,2,3,66,1
94,24,2,86,1,2,71,2
91,15,1,91,2,0,67,1
63,13,2,73,2,2,61,0
85,17,3,69,3,4,70,2
69,19,2,82,2,2,64,0
82,14,2,83,2,0,64,0
98,20,3,83,1,0,68,1
95,10,2,64,3,4,70,2
76,13,2,97,1,4,65,0
72,24,3,61,3,3,67,1
69,24,1,69,2,0,65,0
81,18,2,64,1,1,65,0
65,14,3,97,2,3,65,0
82,14,1,91,3,1,66,1
60,18,3,91,2,2,62,0
73,24,2,50,2,1,63,0
69,26,1,84,1,0,63,0
99,17,2,62,2,3,70,2
89,13,3,98,1,0,67,1
74,22,3,77,3,0,66,1
64,15,2,78,3,2,63,0
81,17,1,68,3,1,66,1
69,28,2,77,1,3,67,1
81,25,2,87,2,1,68,1
93,21,3,78,1,1,67,1
85,12,3,82,2,1,66,1
85,21,3,74,3,2,71,2
82,26,2,86,2,0,69,2
97,18,1,95,3,1,72,2
97,28,1,53,3,0,70,2
81,28,2,55,2,2,68,1
72,30,2,84,2,1,68,1
78,22,3,69,1,2,67,1
67,24,2,64,2,1,62,0
85,28,1,59,2,1,67,1
80,23,2,79,3,1,69,2
64,17,3,67,2,3,64,0
68,17,3,75,2,2,66,1
79,21,1,98,3,2,69,2
96,12,3,88,3,0,70,2
83,19,2,90,3,3,69,2
87,27,2,56,2,3,72,2
74,7,2,66,2,1,61,0
83,29,2,55,2,2,68,1
78,27,2,98,2,1,68,1
86,17,2,84,1,0,66,1
62,23,2,51,2,5,65,0
80,20,1,74,3,2,66,1
72,27,2,63,2,1,67,1
73,26,3,77,2,0,68,1
98,12,2,59,1,1,67,1
67,24,2,53,1,0,63,0
72,19,1,66,2,0,64,0
80,20,1,65,2,1,66,1
95,16,2,86,3,0,69,2
77,30,1,74,2,3,70,2
90,26,2,65,2,3,72,2
94,16,3,79,2,2,71,2
72,12,2,54,2,3,63,0
76,18,3,83,3,1,68,1
74,23,3,57,2,1,67,1
93,21,1,64,2,2,69,2
62,28,2,64,2,1,65,0
72,25,1,73,3,4,69,2
87,26,2,98,2,0,71,2
83,22,1,66,2,2,67,1
77,12,2,64,1,2,64,0
82,19,2,58,3,2,68,1
68,26,1,70,3,1,67,1
77,20,1,59,1,1,62,0
80,23,2,57,3,2,68,1
96,18,2,93,2,0,72,2
70,14,3,53,2,0,61,0
95,19,1,86,1,0,67,1
86,22,2,60,3,0,70,2
61,16,2,51,1,1,59,0
89,19,2,90,3,0,70,2
61,14,2,85,1,1,60,0
100,27,2,67,3,1,74,2
95,18,3,54,1,0,68,1
72,29,2,68,2,0,67,1
70,29,1,59,2,2,67,1
75,20,2,97,1,0,66,1
74,14,2,76,2,1,63,0
75,7,2,98,2,1,62,0
73,11,1,68,3,3,64,0
85,12,2,78,2,3,68,1
67,28,2,60,2,0,65,0
94,21,1,90,2,1,71,2
92,22,2,52,2,1,68,1
79,7,3,85,1,0,62,0
94,13,3,70,3,1,68,1
70,25,2,79,2,3,68,1
61,22,2,80,3,3,67,1
85,19,2,86,2,0,67,1
78,23,3,60,3,2,70,2
83,30,2,77,1,0,69,2
96,19,2,71,1,2,70,2
99,20,1,64,2,1,69,2
85,21,2,75,3,1,70,2
91,34,1,98,2,0,72,2
63,7,2,97,1,1,59,0
66,24,2,64,2,0,64,0
89,19,3,94,3,0,72,2
77,23,3,94,1,0,70,2
78,16,3,62,1,0,63,0
72,20,2,80,3,1,66,1
84,24,3,93,3,3,72,2
67,39,3,76,3,2,71,2
85,25,3,68,3,1,71,2
67,15,2,83,1,3,62,0
63,17,2,59,2,1,62,0
73,17,1,58,2,4,64,0
69,9,3,92,3,2,65,0
96,18,1,52,3,1,68,1
62,24,2,90,3,0,67,1
67,12,2,65,2,1,61,0
82,26,1,74,1,2,68,1
79,23,3,77,2,1,68,1
62,16,2,88,2,1,62,0
60,19,1,94,2,1,62,0
100,30,3,90,3,0,74,2
86,24,2,79,2,0,68,1
75,20,3,67,1,1,66,1
79,19,2,76,2,1,67,1
71,20,2,52,3,1,65,0
74,17,2,62,2,2,66,1
86,7,2,68,3,5,67,1
95,32,2,66,2,5,76,2
67,21,3,55,1,2,66,1
94,22,1,53,1,1,68,1
65,20,2,71,3,2,63,0
69,16,3,54,2,4,65,0
61,19,2,64,3,3,63,0
66,10,2,74,2,2,59,0
97,34,2,60,2,2,74,2
78,13,1,54,2,2,62,0
63,14,1,72,1,3,59,0
98,17,3,72,2,0,71,2
95,28,2,96,2,1,73,2
90,20,2,56,3,0,68,1
97,13,2,81,2,3,68,1
69,28,2,66,2,0,66,1
93,24,3,56,1,1,69,2
88,23,2,70,2,2,70,2
95,24,3,71,2,1,74,2
92,34,2,68,3,0,75,2
74,33,2,88,2,2,71,2
91,16,3,92,3,2,71,2
70,30,2,57,2,1,65,0
73,22,2,58,1,1,65,0
64,23,3,71,2,2,65,0
97,10,2,66,2,2,67,1
72,19,2,91,2,1,67,1
81,15,2,100,2,1,67,1
76,25,3,59,3,4,71,2
98,26,1,88,3,1,72,2
73,8,3,80,2,0,62,0
91,20,1,82,3,0,70,2
94,27,3,63,2,0,72,2
77,19,2,55,1,0,64,0
75,24,1,77,3,1,66,1
90,22,2,81,1,0,69,2
97,22,2,98,3,0,71,2
90,18,1,84,2,2,68,1
69,13,2,72,2,2,63,0
96,13,3,100,2,4,71,2
76,24,1,69,3,3,65,0
83,20,3,58,1,0,66,1
93,19,1,81,1,2,68,1
68,17,2,63,2,0,61,0
91,18,3,96,1,2,71,2
84,26,3,71,2,0,70,2
96,18,1,57,3,1,66,1
67,12,2,57,3,0,61,0
77,24,1,82,3,1,67,1
93,19,2,68,3,1,72,2
61,20,3,68,3,1,65,0
64,30,2,81,3,3,68,1
100,20,2,61,1,3,70,2
71,22,1,57,2,1,63,0
99,13,1,83,3,1,69,2
67,19,1,50,2,0,62,0
74,24,3,95,3,1,71,2
90,11,1,59,1,1,64,0
86,21,2,72,3,0,69,2
83,21,3,61,2,2,71,2
81,20,2,61,1,0,63,0
94,26,3,92,1,1,72,2
69,22,2,79,2,1,66,1
78,29,2,66,3,2,69,2
66,14,2,63,2,0,60,0
84,21,3,61,3,1,68,1
70,21,3,78,2,3,65,0
73,14,2,87,3,2,67,1
79,26,1,63,2,0,66,1
61,34,2,67,2,1,68,1
64,20,2,86,1,0,63,0
87,23,3,87,3,1,73,2
77,21,2,60,2,1,66,1
95,16,2,69,1,2,67,1
88,9,2,93,1,2,66,1
60,16,1,87,2,0,60,0
85,12,3,58,3,1,67,1
64,30,2,69,2,3,67,1
91,19,2,99,2,0,70,2
100,18,1,76,3,1,69,2
81,25,1,86,2,1,68,1
87,13,1,55,3,1,67,1
69,15,3,92,2,0,63,0
78,20,2,80,3,2,70,2
94,26,2,59,1,4,71,2
67,23,3,69,3,1,67,1
71,21,2,54,2,1,64,0
78,20,2,89,1,0,66,1
88,22,2,87,2,1,70,2
75,21,1,75,2,1,65,0
97,14,2,73,1,2,68,1
64,20,1,73,2,3,65,0
75,14,2,52,3,3,65,0
88,20,2,68,2,0,69,2
69,17,2,56,2,1,63,0
86,35,2,59,1,2,70,2
67,20,1,98,1,1,64,0
62,12,3,63,2,1,62,0
65,19,3,74,3,1,66,1
97,23,1,94,3,2,73,2
82,30,3,71,2,3,72,2
92,16,2,76,2,0,68,1
73,11,3,58,2,0,62,0
84,25,1,64,2,2,67,1
80,12,1,75,2,1,62,0
98,17,3,68,3,2,72,2
90,18,3,52,1,2,67,1
89,20,2,70,3,1,68,1
62,24,3,91,1,2,65,0
82,16,2,56,2,0,79,2
79,18,1,51,3,2,66,1
97,20,2,56,2,1,68,1
70,21,1,84,1,1,65,0
71,21,3,90,2,3,67,1
76,23,3,52,2,3,67,1
70,25,2,94,1,1,67,1
65,22,2,81,2,5,68,1
94,23,3,76,2,3,72,2
82,11,2,63,3,1,65,0
94,20,2,69,1,0,65,0
93,23,2,97,2,1,70,2
71,24,2,96,2,2,67,1
82,16,3,81,2,1,68,1
63,16,2,79,2,2,63,0
97,17,2,61,2,2,68,1
76,23,3,98,2,0,69,2
76,26,1,88,1,2,66,1
72,18,2,69,3,2,64,0
78,25,1,91,3,3,69,2
70,21,2,61,1,1,62,0
75,19,3,61,2,0,65,0
92,19,2,90,2,1,70,2
93,24,3,78,1,1,72,2
72,22,2,78,2,1,66,1
79,34,1,79,3,3,70,2
95,15,2,56,2,3,67,1
62,23,3,67,3,1,65,0
96,17,1,79,2,3,68,1
69,15,2,62,1,2,62,0
87,20,2,75,1,1,68,1
83,21,2,78,3,2,69,2
82,38,1,97,2,2,72,2
94,19,2,62,1,0,65,0
64,13,3,72,2,2,63,0
74,22,3,99,3,0,68,1
82,8,1,59,3,1,62,0
92,19,2,89,2,0,69,2
69,20,1,59,2,2,65,0
92,25,2,93,3,3,74,2
76,26,1,74,3,4,70,2
68,17,1,99,2,2,65,0
90,19,3,59,3,3,70,2
64,15,1,84,1,0,59,0
81,13,2,85,1,1,63,0
63,22,3,86,1,0,64,0
74,12,3,55,1,0,63,0
84,18,1,64,3,2,67,1
82,14,2,67,2,1,65,0
76,23,2,66,2,2,67,1
77,31,2,84,3,2,73,2
69,12,3,53,3,2,64,0
78,9,3,87,1,0,65,0
98,19,3,76,2,2,72,2
94,20,2,59,3,3,72,2
66,21,2,61,3,2,66,1
61,17,2,55,3,1,62,0
97,19,2,73,1,2,68,1
81,22,1,80,2,1,67,1
82,26,1,79,3,1,69,2
91,8,1,98,3,1,67,1
73,18,2,65,2,1,63,0
79,21,2,88,1,0,65,0
99,14,2,86,3,2,71,2
87,30,2,53,2,1,70,2
66,16,2,97,2,5,68,1
65,20,2,97,2,0,65,0
68,23,3,70,2,4,68,1
91,16,2,71,2,2,69,2
72,9,3,91,2,1,62,0
61,17,3,75,1,2,62,0
98,26,1,90,3,1,72,2
67,18,2,52,3,0,64,0
60,15,2,63,3,0,58,0
69,26,2,55,3,1,66,1
69,18,1,73,2,1,64,0
77,17,3,93,2,3,68,1
97,21,1,78,1,0,69,2
95,25,3,76,1,1,71,2
78,34,3,68,2,1,71,2
76,25,2,53,2,0,67,1
82,27,1,88,3,2,71,2
70,17,2,79,2,2,64,0
62,14,2,97,2,0,62,0
98,20,2,72,2,1,70,2
67,21,3,70,1,2,63,0
68,14,2,99,3,0,66,1
79,19,2,57,2,2,65,0
80,22,3,63,2,1,69,2
61,22,1,74,3,1,63,0
66,23,2,76,2,1,64,0
75,22,2,77,2,2,66,1
87,17,2,61,2,4,67,1
69,17,3,96,3,2,66,1
77,13,3,85,1,2,65,0
82,31,2,63,3,2,72,2
96,20,2,65,3,0,70,2
73,19,2,94,2,1,67,1
65,14,3,69,2,4,64,0
80,38,2,78,3,1,72,2
90,14,2,56,2,0,65,0
64,17,1,63,3,0,62,0
77,22,3,71,2,3,67,1
61,24,2,83,2,0,64,0
61,26,2,64,2,0,63,0
79,31,3,98,2,1,72,2
72,23,2,61,1,1,66,1
94,14,2,89,3,0,70,2
84,18,1,68,2,0,66,1
78,22,3,92,3,1,70,2
76,32,1,96,1,0,67,1
80,12,2,59,2,1,64,0
62,27,2,75,3,2,67,1
96,21,3,58,3,0,72,2
100,25,1,85,3,1,72,2
67,19,2,92,3,2,68,1
65,15,2,69,2,1,64,0
66,25,2,70,3,1,66,1
86,24,3,60,1,0,68,1
86,26,1,65,1,0,66,1
94,20,3,66,1,1,70,2
90,16,3,58,3,1,70,2
78,11,3,65,1,0,62,0
85,25,2,95,1,0,69,2
88,23,2,66,2,2,69,2
81,14,2,64,2,2,66,1
79,17,3,69,3,4,68,1
86,17,3,98,2,2,71,2
82,11,2,88,2,1,64,0
86,15,3,60,1,2,67,1
85,13,3,88,2,2,68,1
89,18,3,88,1,0,67,1
86,16,2,98,2,1,68,1
81,10,3,95,2,5,69,2
87,32,3,55,2,0,71,2
78,28,1,73,3,3,68,1
70,15,3,85,3,0,65,0
60,22,2,99,1,1,63,0
82,23,2,54,1,0,65,0
84,27,3,68,3,3,72,2
99,15,2,75,1,2,67,1
74,27,3,71,2,1,69,2
76,17,2,73,2,3,67,1
68,12,2,68,3,2,64,0
63,24,1,99,2,0,62,0
91,28,2,90,1,2,71,2
70,36,3,87,1,2,70,2
84,13,2,71,1,1,64,0
88,24,2,94,2,0,69,2
79,18,2,55,2,1,65,0
95,25,3,57,3,2,73,2
78,11,1,98,2,2,64,0
71,12,3,78,2,2,64,0
96,15,2,58,2,3,70,2
94,20,1,97,1,2,70,2
67,16,3,99,3,2,64,0
61,24,2,94,1,3,64,0
64,26,2,62,2,3,66,1
71,24,3,64,1,1,66,1
99,30,2,70,2,2,74,2
82,22,3,79,3,2,69,2
75,13,3,100,1,1,67,1
96,28,2,98,2,5,73,2
78,16,2,96,1,0,66,1
73,25,2,54,3,2,67,1
98,29,3,88,2,3,75,2
94,23,3,94,2,2,73,2
94,11,2,67,2,2,67,1
80,14,1,61,3,0,65,0
92,28,2,87,2,1,71,2
67,19,2,55,2,1,63,0
83,20,1,97,2,2,68,1
99,25,3,58,2,0,72,2
72,24,3,73,1,2,67,1
92,22,3,99,2,1,71,2
80,19,1,99,1,1,67,1
62,18,3,89,2,0,66,1
91,25,3,92,2,3,72,2
67,23,1,98,1,2,64,0
85,18,2,96,2,0,68,1
63,26,3,81,3,0,65,0
98,19,3,87,2,1,74,2
72,15,1,80,2,4,65,0
69,15,1,75,3,2,63,0
65,14,2,94,2,5,65,0
98,18,3,87,1,0,70,2
88,27,3,93,2,0,71,2
90,15,2,55,2,1,66,1
80,21,2,79,2,2,69,2
79,16,3,66,2,2,67,1
64,18,3,76,2,1,64,0
82,11,3,81,3,2,67,1
70,19,3,92,2,1,67,1
99,19,2,52,3,1,70,2
92,23,3,58,3,2,71,2
77,21,1,96,2,2,68,1
66,13,3,98,3,1,65,0
91,27,2,53,2,1,70,2
65,21,3,67,2,1,64,0
68,21,3,50,3,3,67,1
68,20,1,88,1,5,63,0
82,17,1,84,2,2,65,0
91,21,2,78,2,2,70,2
73,23,3,85,2,1,67,1
63,10,3,77,2,3,60,0
79,17,3,62,1,1,64,0
90,18,2,88,1,1,65,0
69,22,2,89,2,0,64,0
69,27,1,93,2,1,67,1
98,15,2,98,2,0,71,2
98,17,2,87,2,0,69,2
100,17,3,53,2,1,70,2
92,15,2,51,2,1,69,2
68,18,3,87,3,3,69,2
68,25,2,53,1,2,64,0
74,14,2,66,1,0,63,0
73,23,2,57,3,3,67,1
98,10,2,98,2,0,66,1
92,17,3,66,2,2,69,2
89,18,2,53,2,5,69,2
67,30,2,97,2,2,69,2
96,18,3,80,2,1,72,2
93,7,3,52,3,1,65,0
67,8,2,92,2,0,63,0
95,20,2,58,2,1,69,2
71,24,2,90,3,3,69,2
63,22,1,80,2,2,64,0
86,21,1,59,2,2,69,2
86,27,3,88,2,1,72,2
64,17,1,73,2,1,62,0
73,25,2,82,3,1,66,1
100,10,2,93,1,2,65,0
87,15,3,63,3,0,69,2
89,9,1,68,2,1,65,0
69,18,2,100,3,3,67,1
63,20,2,75,1,2,63,0
71,21,2,78,3,2,66,1
70,20,2,64,1,0,61,0
69,14,2,71,3,1,64,0
68,19,1,75,2,1,64,0
83,11,2,63,2,2,65,0
73,28,1,62,2,3,68,1
93,18,3,80,1,1,69,2
67,17,2,59,2,0,61,0
79,30,3,78,2,3,72,2
61,13,1,85,2,4,61,0
79,13,3,60,3,1,66,1
62,13,2,87,1,1,60,0
99,20,1,68,2,1,69,2
92,23,3,100,2,1,72,2
80,24,3,99,2,2,69,2
63,35,3,90,3,0,71,2
84,7,3,67,2,1,64,0
90,24,1,97,1,3,71,2
68,17,2,100,1,1,64,0
83,16,2,73,2,3,67,1
93,16,1,81,2,2,67,1
91,15,3,50,1,1,66,1
92,30,2,52,1,3,73,2
95,25,3,75,2,1,73,2
98,20,2,80,2,0,70,2
76,28,2,66,1,5,70,2
83,11,1,55,2,0,62,0
92,12,1,89,3,1,68,1
88,7,3,71,3,0,65,0
100,16,3,82,3,2,73,2
61,21,2,83,3,1,65,0
74,21,3,77,2,0,66,1
71,21,2,59,1,3,64,0
70,12,3,81,2,0,63,0
69,25,2,66,2,0,62,0
88,21,2,91,3,0,70,2
63,24,2,60,2,3,65,0
90,9,2,65,2,0,64,0
88,22,2,72,2,4,70,2
70,13,2,87,2,1,62,0
70,18,2,86,2,5,67,1
85,23,1,67,2,1,66,1
90,21,3,76,3,2,74,2
95,15,3,62,2,2,69,2
94,20,3,89,2,0,70,2
99,11,2,60,2,1,68,1
83,27,1,91,2,3,70,2
96,19,2,97,2,3,71,2
92,27,1,100,2,2,73,2
96,17,2,93,2,3,69,2
60,17,1,61,1,1,61,0
99,15,2,71,2,0,68,1
79,25,1,54,2,1,66,1
92,16,1,58,3,0,67,1
65,24,3,52,1,1,64,0
76,18,3,82,1,1,67,1
71,8,2,77,3,0,61,0
72,17,2,96,1,2,65,0
65,13,3,73,1,0,62,0
92,20,3,82,1,0,69,2
60,13,3,70,3,1,61,0
73,26,2,91,3,4,69,2
67,19,1,96,2,1,64,0
84,19,1,72,2,1,65,0
70,24,3,54,2,1,64,0
70,26,3,58,3,1,68,1
80,20,2,86,1,1,67,1
86,15,2,66,3,0,68,1
65,9,2,89,1,2,61,0
67,16,3,87,2,5,69,2
70,16,3,85,1,0,64,0
99,21,2,91,3,3,74,2
76,18,2,88,2,1,66,1
84,24,2,82,2,1,68,1
70,16,3,50,2,3,65,0
80,20,3,76,2,0,66,1
63,27,1,80,3,2,66,1
61,22,1,98,2,3,65,0
79,20,2,83,2,3,67,1
76,16,2,79,1,0,65,0
65,16,2,77,2,1,63,0
88,15,2,55,3,1,67,1
100,17,3,71,2,2,70,2
76,25,3,57,3,0,68,1
85,19,2,53,2,1,66,1
99,12,2,66,2,3,67,1
93,31,1,82,2,2,72,2
79,22,3,93,3,0,68,1
89,12,3,91,2,1,66,1
65,17,2,65,2,0,62,0
80,21,1,52,3,1,65,0
71,30,1,70,3,3,67,1
66,13,2,66,2,3,62,0
77,26,1,69,2,1,66,1
65,28,2,78,2,1,67,1
88,16,2,52,2,2,68,1
78,18,2,69,2,1,66,1
81,14,3,78,3,0,68,1
66,19,2,72,1,2,62,0
66,20,3,83,2,1,64,0
83,24,1,59,3,1,68,1
99,27,1,58,1,2,71,2
64,16,2,65,2,2,63,0
71,8,2,55,3,1,62,0
95,20,1,62,3,1,69,2
63,22,2,54,2,0,62,0
95,21,2,70,1,3,71,2
81,18,3,86,1,3,69,2
76,21,2,64,2,1,66,1
72,29,2,50,1,0,64,0
72,22,3,78,1,1,65,0
72,18,3,85,3,1,68,1
95,17,2,70,3,1,69,2
89,19,2,65,3,2,68,1
87,30,2,75,1,3,71,2
92,19,2,55,1,1,66,1
70,20,1,82,3,2,65,0
85,17,2,87,3,1,68,1
78,27,3,85,3,0,72,2
91,32,2,66,3,3,75,2
72,23,1,92,3,2,67,1
86,20,2,97,2,1,67,1
95,20,2,65,2,2,70,2
76,6,2,63,2,5,64,0
63,24,2,85,2,1,65,0
81,21,2,85,2,1,68,1
74,23,3,76,3,1,67,1
87,16,2,96,1,1,66,1
98,18,2,57,3,0,69,2
79,18,3,74,1,2,64,0
79,26,3,52,2,1,68,1
86,18,2,53,3,5,68,1
64,32,3,53,1,1,65,0
70,23,2,75,2,0,65,0
97,12,2,79,1,1,65,0
87,19,2,50,3,0,67,1
61,16,2,82,3,2,63,0
68,7,2,74,3,1,62,0
87,30,2,61,3,2,73,2
91,24,3,51,3,2,72,2
94,23,2,58,1,5,71,2
72,21,2,80,2,3,67,1
97,12,1,83,2,0,66,1
82,17,3,82,2,1,68,1
88,25,3,58,3,0,70,2
84,14,2,96,2,2,66,1
65,5,3,71,1,0,56,0
99,19,3,88,2,1,71,2
65,19,3,58,1,2,64,0
70,21,2,74,2,2,65,0
93,24,2,76,2,2,70,2
85,24,1,89,3,1,70,2
94,22,3,81,1,2,71,2
81,27,3,70,3,0,70,2
75,11,3,64,1,3,62,0
97,23,2,99,2,1,72,2
61,24,2,64,2,0,62,0
94,13,2,56,1,2,67,1
69,11,2,65,1,0,58,0
94,16,2,66,1,3,69,2
66,16,1,56,2,0,60,0
83,25,3,85,3,2,72,2
96,16,2,81,2,0,66,1
79,15,3,66,2,2,66,1
90,16,3,100,2,1,69,2
92,27,2,83,1,2,70,2
89,20,2,85,1,2,70,2
97,19,3,78,3,0,70,2
78,19,3,78,1,2,67,1
67,28,2,51,3,2,67,1
62,16,1,89,1,0,59,0
70,28,2,96,2,1,67,1
66,21,2,56,3,1,65,0
82,19,2,90,2,1,68,1
67,35,3,77,3,1,71,2
62,14,2,64,2,2,61,0
61,18,2,96,2,0,63,0
93,13,3,51,2,1,67,1
84,26,2,64,3,1,69,2
74,30,3,94,2,0,70,2
96,30,1,74,2,0,69,2
63,27,2,80,3,1,66,1
99,19,1,87,2,1,70,2
85,18,2,57,2,2,67,1
67,10,3,61,3,0,61,0
87,32,3,100,2,2,74,2
91,23,3,62,2,1,70,2
77,17,2,77,3,0,66,1
94,28,3,65,2,1,73,2
66,14,2,93,2,1,62,0
71,22,1,98,2,2,65,0
64,19,2,57,3,0,62,0
68,24,2,80,1,1,64,0
70,20,2,91,2,1,63,0
97,11,2,91,2,1,69,2
63,20,2,72,2,3,63,0
77,26,2,61,2,1,67,1
81,20,1,69,2,1,65,0
96,25,3,88,2,0,71,2
100,14,2,100,2,3,71,2
90,20,2,78,2,0,69,2
99,16,3,60,2,2,71,2
91,24,2,52,1,1,68,1
99,20,2,97,1,2,70,2
88,24,3,74,2,0,71,2
63,27,2,86,2,1,68,1
76,24,3,83,1,1,69,2
86,22,2,95,2,4,71,2
74,14,2,63,3,2,63,0
71,20,2,72,1,4,66,1
83,17,2,96,2,1,67,1
97,18,1,79,3,3,71,2
61,18,1,54,1,0,59,0
91,14,2,60,3,0,67,1
89,8,3,62,3,2,66,1
99,16,3,100,1,1,72,2
97,21,3,61,3,0,70,2
90,12,2,93,2,3,68,1
81,20,2,54,1,0,63,0
68,31,2,59,2,3,69,2
82,26,2,94,1,0,67,1
91,30,3,95,2,1,75,2
96,22,1,59,1,0,67,1
92,27,3,61,3,0,74,2
68,16,3,77,2,1,66,1
84,16,3,53,2,2,65,0
73,4,2,97,1,1,60,0
60,27,3,68,2,1,63,0
68,29,3,74,1,3,69,2
65,17,3,55,3,1,64,0
94,18,2,52,1,1,68,1
70,15,2,73,2,2,63,0
71,22,2,56,2,0,65,0
98,27,3,82,2,0,74,2
75,10,3,90,2,2,65,0
60,22,2,52,2,0,61,0
71,18,3,81,2,1,66,1
65,21,3,91,2,1,67,1
64,23,2,72,3,0,66,1
63,19,2,98,3,4,69,2
84,19,2,56,2,2,65,0
68,19,3,66,3,2,65,0
74,26,2,62,3,0,66,1
94,23,3,100,2,2,73,2
77,21,2,65,1,2,64,0
97,12,1,69,2,0,67,1
80,18,1,92,2,0,67,1
76,25,1,96,2,3,68,1
90,20,1,97,2,2,71,2
63,24,2,78,2,0,64,0
64,31,2,83,2,1,67,1
86,26,1,67,2,2,68,1
79,21,2,80,1,1,67,1
92,17,2,65,1,3,70,2
97,5,1,87,2,2,64,0
76,19,2,65,2,0,63,0
84,18,3,94,3,3,71,2
80,22,1,57,1,1,64,0
99,19,1,79,1,3,70,2
93,18,3,76,2,3,70,2
96,9,3,63,2,1,67,1
70,14,2,51,2,1,62,0
91,23,2,57,2,2,69,2
71,30,3,98,1,2,69,2
68,19,3,97,1,0,62,0
98,22,2,56,1,1,70,2
61,26,2,69,2,2,66,1
99,15,2,73,3,1,69,2
66,22,1,74,2,3,65,0
93,16,3,65,1,0,66,1
71,25,2,96,3,2,69,2
74,21,2,95,3,1,66,1
69,22,3,51,1,1,65,0
83,15,1,83,2,1,66,1
74,24,1,54,1,1,63,0
86,33,2,80,1,0,72,2
61,14,2,93,2,3,62,0
63,18,3,82,3,1,64,0
64,21,1,73,2,2,61,0
77,25,2,98,3,0,70,2
93,17,2,87,2,1,67,1
96,3,3,62,3,3,66,1
70,28,2,69,2,2,66,1
83,25,2,88,1,1,68,1
91,10,3,51,3,0,67,1
72,16,3,53,2,1,65,0
76,29,3,93,2,0,70,2
81,29,2,52,2,1,69,2
65,26,2,84,2,1,68,1
61,19,2,66,2,0,61,0
66,20,3,91,2,0,65,0
85,19,3,92,3,3,71,2
63,27,3,98,2,0,66,1
68,15,3,55,2,0,62,0
74,15,1,71,1,0,61,0
63,26,3,79,3,1,67,1
68,20,3,96,2,0,66,1
96,28,3,63,1,1,71,2
61,16,3,54,2,0,62,0
86,20,2,60,2,1,67,1
75,14,2,75,2,0,64,0
87,20,1,84,2,2,68,1
84,11,2,85,2,3,67,1
69,17,2,54,2,1,63,0
94,11,3,88,3,2,70,2
80,24,3,83,1,1,67,1
93,24,3,70,2,1,71,2
76,10,1,79,2,3,62,0
99,28,2,88,2,3,75,2
91,35,2,63,1,1,72,2
99,20,1,97,2,4,73,2
81,16,2,57,1,3,64,0
79,37,3,95,2,1,73,2
90,12,1,87,2,2,66,1
95,20,1,83,1,1,69,2
99,21,2,54,2,1,70,2
73,28,3,96,2,1,70,2
92,22,3,65,3,0,71,2
68,17,3,87,1,0,64,0
82,14,3,94,2,7,71,2
67,18,2,62,3,1,63,0
74,14,3,96,3,2,68,1
97,20,2,81,2,3,71,2
66,17,2,83,2,4,65,0
85,11,2,96,3,1,66,1
84,28,3,76,3,0,72,2
65,17,3,72,3,1,65,0
73,12,2,82,1,1,60,0
83,19,2,78,1,2,67,1
67,20,3,53,2,1,65,0
92,10,1,59,3,0,64,0
99,22,3,51,3,2,72,2
69,14,2,55,3,3,62,0
67,30,2,86,2,0,67,1
78,23,2,50,2,1,67,1
90,18,2,65,2,4,69,2
71,16,3,72,3,1,65,0
61,19,3,97,2,0,62,0
82,24,2,66,3,0,69,2
98,20,3,89,2,1,72,2
76,19,3,70,1,1,63,0
77,20,2,55,3,1,64,0
99,16,2,55,1,1,67,1
88,18,2,72,2,2,70,2
89,7,1,53,3,3,64,0
83,26,2,79,2,1,69,2
99,22,3,75,3,2,72,2
88,15,2,85,2,4,69,2
96,31,2,59,3,3,75,2
88,21,2,80,1,1,67,1
89,14,2,59,2,1,67,1
72,25,2,86,2,0,66,1
72,22,1,65,2,0,64,0
91,22,1,81,2,2,68,1
72,17,2,94,3,1,66,1
83,23,2,74,3,3,69,2
70,18,1,60,3,1,65,0
93,23,1,94,2,2,70,2
64,9,1,68,2,0,57,0
93,17,2,87,2,2,69,2
84,30,1,66,3,0,70,2
67,15,2,65,1,4,63,0
82,16,2,82,2,1,66,1
71,17,2,58,2,3,64,0
73,13,3,93,2,0,65,0
74,7,2,69,3,1,64,0
63,19,1,51,2,2,62,0
99,21,2,65,3,1,71,2
61,20,3,89,2,1,64,0
86,19,3,93,3,1,72,2
75,20,2,78,2,0,64,0
86,26,1,65,2,2,71,2
74,19,2,76,2,5,68,1
87,17,2,92,2,3,68,1
89,18,2,66,2,2,68,1
88,23,2,69,2,3,69,2
65,28,2,77,1,1,67,1
86,16,1,94,2,0,66,1
71,21,2,79,2,1,65,0
61,22,3,60,2,0,63,0
77,14,1,54,3,1,62,0
77,20,3,55,3,1,67,1
79,11,2,98,2,2,65,0
88,9,2,91,2,1,66,1
72,22,3,88,1,2,66,1
73,18,2,75,2,0,64,0
62,21,2,84,3,5,67,1
87,20,2,56,2,2,67,1
83,14,1,81,1,1,61,0
74,20,2,91,2,1,66,1
88,13,2,53,3,2,66,1
81,28,1,65,2,1,67,1
79,12,2,56,3,1,64,0
80,19,1,63,3,1,64,0
85,14,2,89,1,2,67,1
86,23,3,67,1,2,68,1
72,18,1,84,2,2,64,0
66,17,2,89,2,0,63,0
66,25,3,91,2,2,68,1
86,20,1,94,1,2,64,0
95,23,2,80,1,2,70,2
76,14,2,64,1,3,64,0
67,12,2,58,3,0,59,0
90,21,2,75,3,4,71,2
93,18,2,55,1,3,67,1
95,24,1,96,2,3,73,2
84,20,1,72,1,3,66,1
94,21,3,94,3,2,73,2
61,10,2,85,3,1,62,0
64,31,3,93,2,1,69,2
64,19,3,94,2,3,66,1
89,24,1,53,2,1,68,1
63,15,2,86,2,4,65,0
80,22,2,61,2,1,67,1
79,12,2,99,2,2,64,0
72,23,3,89,3,0,67,1
95,18,1,50,1,3,66,1
67,20,2,96,3,1,68,1
74,24,2,65,2,3,68,1
91,13,1,71,2,1,64,0
61,16,2,81,3,2,63,0
87,23,2,96,3,2,72,2
93,33,2,96,3,1,75,2
97,19,2,78,3,2,71,2
95,24,2,66,3,2,71,2
73,19,2,64,2,4,66,1
83,32,2,68,3,3,71,2
63,10,2,59,3,0,61,0
70,21,2,83,2,1,65,0
64,10,1,76,2,1,58,0
73,5,1,89,3,1,62,0
95,22,1,55,3,2,69,2
74,21,1,70,2,1,65,0
82,18,2,62,3,3,69,2
77,19,2,77,3,1,68,1
78,39,2,73,2,0,70,2
99,18,2,72,3,4,72,2
72,23,2,66,1,3,66,1
85,16,3,86,1,2,68,1
77,22,2,74,2,2,67,1
62,19,1,60,3,1,61,0
80,18,1,77,1,1,64,0
93,31,2,80,3,3,74,2
64,27,2,51,2,1,64,0
63,21,1,60,3,2,64,0
66,6,2,62,3,2,61,0
91,18,3,62,3,3,71,2
89,36,1,62,3,2,72,2
83,19,3,64,3,0,68,1
79,27,3,63,1,2,69,2
96,29,3,94,2,2,74,2
91,21,3,66,2,3,70,2
92,15,1,67,3,1,69,2
93,5,1,63,1,2,64,0
86,24,1,98,1,2,71,2
78,15,1,77,3,0,65,0
95,21,2,81,3,0,71,2
97,13,3,87,3,1,71,2
61,18,2,67,1,5,66,1
62,20,2,98,2,1,64,0
98,22,2,58,2,0,70,2
71,13,1,73,1,1,61,0
95,27,2,57,2,1,71,2
76,16,2,90,2,0,65,0
65,10,3,55,1,0,59,0
63,19,2,78,2,3,63,0
66,20,2,55,2,1,64,0
70,21,1,73,1,0,63,0
80,28,3,64,3,1,70,2
88,19,2,95,3,1,70,2
99,19,3,53,3,1,72,2
78,13,3,82,2,0,65,0
81,25,2,85,3,3,71,2
81,21,2,94,3,3,70,2
82,17,1,94,2,1,66,1
81,9,2,99,2,2,64,0
60,29,3,63,1,0,64,0
60,13,1,64,3,1,59,0
64,16,3,70,2,5,65,0
64,22,2,77,3,1,66,1
88,13,2,68,2,1,67,1
68,11,2,87,3,1,62,0
96,7,1,50,3,1,65,0
97,24,2,51,3,3,73,2
99,17,2,86,2,1,70,2
98,38,2,94,1,2,75,2
71,14,3,89,3,0,66,1
80,14,2,56,3,1,65,0
67,17,2,97,2,1,64,0
92,21,1,76,3,2,70,2
96,17,3,87,2,0,71,2
94,24,2,60,1,0,68,1
77,14,2,77,2,1,64,0
90,12,3,67,3,2,67,1
64,9,3,99,2,6,65,0
62,7,2,74,3,3,62,0
90,17,3,88,1,1,68,1
77,18,2,80,3,1,66,1
100,16,3,55,3,1,69,2
64,27,2,77,2,3,68,1
94,27,1,77,2,0,71,2
79,18,3,86,2,3,68,1
93,9,1,66,3,0,64,0
93,17,2,93,1,0,66,1
97,16,1,81,2,0,70,2
72,16,2,52,1,1,60,0
98,16,2,85,2,0,69,2
66,16,2,95,2,1,65,0
63,18,3,84,3,1,66,1
77,16,1,69,2,1,64,0
93,21,3,80,2,0,71,2
79,22,1,59,3,0,66,1
93,15,1,80,2,0,66,1
89,28,2,75,2,1,68,1
68,14,3,51,3,1,63,0
98,10,1,66,2,1,66,1
62,22,2,60,1,0,61,0
96,15,1,70,2,4,70,2
72,22,3,62,2,5,68,1
80,6,2,92,2,5,65,0
77,28,2,85,3,0,69,2
67,24,3,87,2,0,67,1
74,11,2,68,3,0,62,0
68,11,3,50,1,2,61,0
68,30,3,61,3,1,70,2
67,16,2,88,3,0,65,0
80,15,2,80,3,1,65,0
92,6,2,77,2,1,66,1
83,18,3,64,2,1,66,1
96,19,2,54,2,1,69,2
85,24,3,89,3,1,70,2
88,12,2,52,3,1,63,0
87,11,2,53,1,1,64,0
78,23,1,65,3,1,65,0
88,26,2,79,3,1,71,2
63,11,2,100,2,0,61,0
94,26,1,55,1,2,69,2
91,20,2,74,3,1,69,2
70,27,2,80,2,1,66,1
91,20,2,91,3,3,72,2
61,5,2,84,3,1,60,0
69,19,1,90,1,0,62,0
63,26,2,76,2,3,66,1
91,15,3,72,2,1,69,2
90,18,2,81,3,2,69,2
93,19,3,95,2,3,71,2
60,3,1,78,2,1,57,0
80,30,3,80,3,0,72,2
88,15,2,67,1,1,66,1
66,23,2,80,2,1,66,1
86,19,2,81,2,3,70,2
63,28,2,88,2,2,67,1
67,22,2,79,2,1,65,0
79,19,2,60,2,1,63,0
86,15,1,79,3,3,68,1
66,25,2,65,1,0,63,0
67,9,3,54,2,3,63,0
68,24,2,91,2,1,68,1
70,13,2,53,2,2,60,0
69,28,2,82,2,0,67,1
76,21,1,99,1,0,65,0
86,24,1,54,3,0,68,1
78,20,1,61,2,0,62,0
91,9,1,88,2,2,65,0
89,15,2,55,2,1,66,1
65,24,2,92,2,3,67,1
62,21,3,50,1,1,60,0
95,27,3,94,1,2,74,2
63,22,1,53,1,1,62,0
66,14,2,96,1,0,61,0
61,15,2,93,2,0,63,0
85,21,1,77,2,2,66,1
83,6,2,89,2,1,65,0
99,30,2,54,1,0,72,2
95,23,2,57,3,1,70,2
76,27,3,68,3,1,71,2
75,11,3,77,3,1,64,0
72,27,3,93,2,1,70,2
66,33,2,77,2,2,68,1
66,12,3,83,1,1,61,0
65,25,2,84,3,1,68,1
65,20,2,94,1,1,64,0
70,11,3,89,2,2,64,0
72,23,3,99,2,2,71,2
98,25,3,51,2,0,72,2
83,16,2,60,2,0,66,1
100,27,2,97,1,4,74,2
75,10,2,90,2,3,65,0
78,11,3,63,3,1,64,0
73,21,2,99,3,1,69,2
67,20,2,93,2,1,62,0
66,16,2,53,2,2,62,0
98,25,1,91,1,2,72,2
99,23,3,89,2,1,73,2
62,25,1,61,2,1,64,0
66,19,2,83,2,2,65,0
77,24,3,99,3,1,70,2
67,17,2,84,2,1,66,1
75,32,3,91,1,1,70,2
65,15,3,55,2,2,63,0
78,33,1,86,1,1,69,2
71,20,2,60,3,0,64,0
74,12,2,54,1,2,63,0
64,28,2,78,2,2,66,1
77,21,2,88,2,2,68,1
99,25,2,77,2,0,97,2
73,27,1,97,1,2,67,1
95,22,2,85,2,0,71,2
94,16,1,56,1,2,66,1
98,26,1,97,2,2,72,2
92,20,2,58,3,2,70,2
86,24,2,88,2,1,69,2
94,7,1,57,2,2,66,1
63,23,3,100,3,2,69,2
79,16,2,67,2,2,65,0
100,30,3,75,3,0,75,2
91,24,2,73,1,2,70,2
98,21,1,55,3,1,70,2
91,23,3,75,2,2,69,2
95,14,2,57,3,2,68,1
88,30,2,90,1,4,73,2
90,32,2,98,2,0,74,2
81,22,1,90,1,0,66,1
97,30,2,72,3,1,74,2
93,17,1,50,2,3,67,1
94,15,2,52,3,1,67,1
87,20,3,75,2,3,70,2
72,23,3,84,1,1,67,1
61,18,1,91,2,3,80,2
97,23,3,80,2,1,70,2
83,22,2,99,3,4,71,2
72,14,1,75,2,4,64,0
66,23,3,80,3,1,68,1
93,25,2,62,2,0,68,1
93,21,2,67,2,1,69,2
93,27,1,84,3,1,72,2
86,13,2,80,2,0,65,0
75,23,1,68,1,1,64,0
72,13,3,56,2,1,64,0
60,13,2,67,1,1,58,0
93,16,2,52,3,2,69,2
63,14,1,79,3,1,61,0
85,17,3,66,3,0,68,1
80,19,2,69,3,1,66,1
81,25,2,79,2,1,68,1
97,18,3,79,1,2,70,2
61,10,1,79,3,4,62,0
91,27,2,75,2,2,71,2
62,15,2,74,2,0,61,0
62,20,2,91,3,1,64,0
77,23,1,73,2,1,65,0
63,21,2,77,1,3,63,0
92,27,2,99,3,4,74,2
81,23,3,59,2,2,68,1
61,15,2,86,3,2,65,0
62,33,2,74,2,2,66,1
85,21,3,92,2,1,69,2
92,19,2,70,1,2,69,2
78,26,2,65,3,3,70,2
82,21,2,60,2,3,70,2
92,22,2,94,2,1,71,2
84,35,2,86,2,1,72,2
69,18,1,54,2,1,61,0
85,18,3,86,2,1,68,1
85,21,1,52,2,3,66,1
89,26,2,59,2,1,70,2
85,11,1,80,2,0,63,0
99,8,3,73,2,1,68,1
68,16,2,92,1,1,62,0
98,10,3,80,2,3,69,2
82,17,2,98,2,3,69,2
87,23,1,93,2,1,72,2
64,15,2,67,3,2,64,0
75,11,2,92,1,2,63,0
91,20,2,93,2,1,70,2
88,25,2,98,1,1,69,2
62,10,3,51,3,1,61,0
82,25,3,94,3,2,70,2
64,25,2,53,2,1,64,0
100,26,3,76,3,0,76,2
96,27,2,71,2,2,73,2
61,33,1,96,1,2,67,1
94,18,2,70,2,2,69,2
97,21,2,80,2,2,72,2
74,18,2,85,2,4,66,1
89,20,2,51,2,3,70,2
78,29,3,80,2,2,73,2
86,12,2,76,3,2,68,1
74,15,3,80,2,2,66,1
73,28,2,54,1,4,67,1
77,26,1,53,2,3,67,1
66,18,3,59,2,0,62,0
93,25,2,93,1,2,72,2
74,22,3,68,1,0,65,0
76,29,1,72,2,1,69,2
96,20,3,70,2,2,69,2
80,26,2,86,3,0,69,2
82,36,1,63,1,0,69,2
98,24,2,53,1,1,69,2
95,20,3,69,2,0,70,2
67,24,1,86,3,6,67,1
79,18,3,96,2,3,69,2
99,34,2,53,2,0,75,2
75,21,2,91,1,2,66,1
75,18,1,53,2,0,63,0
68,15,2,67,2,3,64,0
65,27,2,51,2,2,66,1
90,25,2,96,2,1,72,2
91,17,3,85,2,3,71,2
99,23,2,68,1,0,70,2
91,11,2,69,3,2,67,1
70,21,1,82,2,0,65,0
62,23,3,54,3,3,65,0
99,30,2,57,2,0,73,2
74,15,2,92,2,1,66,1
72,12,2,60,1,0,62,0
96,15,3,86,2,2,71,2
83,12,3,61,2,3,66,1
69,28,3,54,3,1,65,0
96,29,3,95,2,0,75,2
100,22,2,95,3,2,74,2
63,27,1,80,2,1,65,0
94,21,2,73,2,2,71,2
76,19,1,78,3,1,65,0
81,18,1,70,2,0,65,0
97,18,1,88,2,0,67,1
99,11,1,88,2,2,67,1
70,22,2,91,2,2,66,1
69,20,2,76,3,1,67,1
63,24,2,90,2,2,66,1
82,21,3,58,1,0,65,0
61,19,2,52,3,1,59,0
76,15,3,82,3,4,69,2
63,20,2,55,2,2,63,0
76,24,2,78,1,1,65,0
62,13,1,86,2,2,61,0
93,21,2,70,1,0,68,1
68,21,3,52,2,3,65,0
73,16,1,94,1,1,61,0
95,16,3,52,2,0,69,2
90,21,2,95,1,2,72,2
69,13,1,53,2,2,59,0
63,22,2,87,2,0,63,0
89,15,2,96,2,3,69,2
76,26,1,95,1,1,67,1
91,34,2,95,1,1,70,2
78,15,3,94,2,0,67,1
74,23,2,76,2,1,66,1
78,16,2,78,2,5,68,1
90,26,3,81,1,1,71,2
96,12,2,95,3,3,69,2
62,23,2,92,3,0,65,0
81,15,2,89,2,0,66,1
61,19,3,84,2,2,66,1
79,14,2,81,3,3,67,1
95,25,2,96,3,1,74,2
74,15,3,60,3,3,66,1
97,23,3,60,2,1,72,2
85,18,1,99,3,0,69,2
97,19,3,78,1,0,68,1
90,21,3,74,2,4,71,2
64,15,2,93,2,0,61,0
69,21,2,92,2,2,65,0
76,29,3,59,2,4,71,2
67,15,2,59,1,0,59,0
80,27,2,90,3,1,71,2
79,29,3,89,2,0,72,2
98,15,3,61,3,1,71,2
77,11,1,92,1,0,61,0
91,22,2,74,2,1,67,1
98,17,2,73,2,0,67,1
95,31,2,99,2,1,74,2
68,20,3,76,3,2,66,1
80,15,2,57,2,1,63,0
74,13,2,64,2,4,63,0
76,27,3,67,3,1,68,1
74,17,1,98,2,1,65,0
93,20,1,63,2,0,66,1
78,26,2,72,2,1,67,1
81,17,2,87,2,0,67,1
99,20,1,64,2,0,70,2
62,20,2,85,1,5,65,0
80,24,2,60,2,1,68,1
91,24,3,62,2,3,70,2
66,19,1,99,3,1,66,1
84,20,2,68,3,0,69,2
70,18,2,86,2,1,65,0
95,11,2,92,2,2,68,1
73,22,2,67,1,3,65,0
73,31,3,68,2,1,70,2
84,15,1,89,1,1,65,0
67,15,2,80,3,3,67,1
71,15,1,68,3,5,64,0
77,24,2,87,2,2,68,1
74,23,3,93,2,4,70,2
81,19,3,62,1,1,64,0
84,14,2,51,3,4,67,1
83,21,3,64,3,2,68,1
86,11,2,84,2,5,67,1
72,21,1,96,2,4,66,1
65,25,3,93,2,2,66,1
90,12,1,61,2,2,66,1
94,11,1,94,1,2,67,1
70,29,2,91,2,2,69,2
76,16,2,87,1,3,65,0
80,27,1,84,1,4,68,1
81,19,3,90,1,2,67,1
86,19,2,93,2,1,69,2
62,23,2,91,2,3,64,0
89,15,2,56,2,2,67,1
62,21,2,86,3,2,67,1
79,18,3,92,2,1,67,1
93,12,3,59,2,2,67,1
78,22,3,61,2,2,68,1
66,18,2,89,2,4,65,0
99,19,3,67,1,3,70,2
96,13,2,70,2,1,68,1
91,30,1,69,3,2,72,2
76,25,3,61,2,1,67,1
67,26,1,97,3,2,66,1
98,18,1,90,1,0,68,1
81,10,3,63,2,1,64,0
94,32,3,55,2,4,75,2
74,20,1,69,3,1,66,1
73,16,3,71,3,0,67,1
99,23,3,50,3,1,71,2
81,27,3,94,1,0,68,1
66,20,2,93,2,2,65,0
69,28,3,93,1,0,67,1
79,26,3,90,1,0,66,1
62,14,2,87,1,1,60,0
79,16,2,82,2,2,64,0
77,26,2,98,2,0,69,2
91,4,2,86,2,3,64,0
74,19,3,82,2,2,66,1
99,11,2,89,3,3,72,2
67,17,1,62,1,0,60,0
84,18,3,98,1,3,69,2
64,18,2,51,2,2,62,0
89,17,2,82,2,3,70,2
100,13,1,54,1,3,65,0
93,34,2,93,3,2,77,2
82,31,3,98,2,0,71,2
79,13,3,70,2,4,66,1
93,29,2,93,2,2,74,2
97,18,3,67,2,1,70,2
100,21,2,58,2,2,69,2
76,20,2,64,2,2,64,0
100,16,2,65,2,1,69,2
66,26,3,82,3,1,68,1
70,21,1,90,2,1,63,0
64,17,2,60,2,1,61,0
71,12,2,54,2,0,61,0
91,15,1,61,2,0,65,0
94,10,3,65,2,3,65,0
91,20,2,64,3,0,69,2
85,13,3,61,3,3,69,2
81,18,2,73,1,1,65,0
88,28,3,93,1,3,72,2
76,27,3,55,3,3,69,2
94,20,2,93,3,1,71,2
87,19,2,75,2,2,67,1
88,31,3,83,2,0,72,2
81,23,3,91,3,0,70,2
95,18,2,65,1,1,68,1
70,11,2,98,2,3,66,1
75,22,3,54,2,4,68,1
91,25,1,76,3,1,71,2
80,16,2,63,1,2,63,0
96,22,3,70,2,2,70,2
74,18,3,72,2,1,65,0
75,19,3,96,3,2,70,2
96,5,1,72,2,3,65,0
79,19,3,85,3,0,68,1
81,26,2,98,3,1,69,2
73,16,2,75,2,3,66,1
71,20,2,70,1,0,62,0
86,15,3,99,2,2,70,2
65,22,1,91,3,2,65,0
95,19,3,97,1,0,71,2
91,14,3,70,2,2,68,1
68,28,1,85,1,0,65,0
88,26,3,62,1,1,70,2
84,16,3,93,2,0,69,2
67,23,1,97,2,1,66,1
71,23,2,63,2,1,66,1
76,24,2,55,3,2,67,1
88,10,2,60,1,1,63,0
86,26,3,82,1,2,70,2
81,17,2,64,3,0,65,0
91,18,3,82,2,3,70,2
90,36,3,68,2,1,74,2
85,22,2,96,3,0,69,2
91,18,2,73,3,0,68,1
73,7,2,75,2,1,64,0
95,28,2,67,3,2,73,2
85,12,2,54,2,4,66,1
93,14,1,75,2,0,65,0
82,18,1,89,3,0,66,1
69,28,1,98,2,0,67,1
82,25,3,54,2,0,67,1
75,19,2,90,2,0,66,1
88,22,1,63,2,3,69,2
79,16,2,91,2,4,69,2
93,21,1,67,2,2,68,1
87,20,1,56,1,1,64,0
87,26,2,81,2,1,70,2
69,26,2,95,2,1,67,1
99,23,1,59,1,1,68,1
94,18,2,51,2,0,67,1
92,24,2,94,3,1,73,2
73,19,2,85,2,1,65,0
81,14,3,90,2,3,69,2
65,18,2,53,2,1,63,0
82,21,2,95,2,3,68,1
66,25,3,71,2,0,64,0
82,19,3,95,1,2,68,1
86,13,3,53,2,2,66,1
76,20,2,94,2,2,65,0
80,21,2,84,2,4,69,2
95,21,2,78,1,2,69,2
64,26,3,53,1,2,64,0
92,26,3,84,3,0,74,2
67,16,2,80,3,1,64,0
61,16,1,86,2,3,63,0
67,14,2,86,3,0,64,0
91,24,2,72,2,3,71,2
76,29,3,60,1,2,68,1
95,18,2,96,2,4,72,2
81,19,1,96,2,1,67,1
61,29,3,61,2,0,64,0
89,23,1,82,2,2,70,2
64,23,2,60,3,2,65,0
92,13,2,93,3,2,69,2
67,24,2,55,3,2,65,0
74,14,2,100,3,1,66,1
90,13,2,81,3,0,67,1
98,18,1,51,2,1,68,1
75,16,2,94,2,0,65,0
93,19,2,84,2,0,68,1
68,11,3,85,2,2,63,0
92,26,2,64,2,1,71,2
86,27,2,67,3,1,71,2
68,8,2,96,3,2,65,0
72,26,1,82,2,2,65,0
65,15,1,51,2,1,61,0
75,25,3,66,3,0,68,1
68,20,2,80,1,4,65,0
86,20,2,57,1,0,66,1
100,19,1,55,3,2,69,2
60,27,3,53,3,3,65,0
82,13,3,82,2,1,65,0
83,24,2,66,3,2,70,2
97,27,2,69,2,1,70,2
80,24,2,53,2,2,67,1
82,34,3,87,2,3,75,2
79,17,1,88,1,3,65,0
71,26,2,91,2,2,66,1
62,19,2,83,3,2,67,1
76,27,2,89,1,0,67,1
62,20,2,79,1,2,62,0
82,18,2,75,2,0,66,1
72,28,3,63,1,1,66,1
81,17,1,53,3,0,64,0
65,12,2,65,1,2,60,0
97,17,2,84,2,3,70,2
96,24,2,96,2,2,72,2
68,28,2,63,3,0,67,1
74,21,3,83,2,1,67,1
85,28,2,74,2,1,72,2
64,12,3,81,3,1,63,0
74,17,2,50,1,0,60,0
70,18,2,56,2,1,65,0
97,19,2,61,3,2,72,2
94,21,3,95,2,0,70,2
83,24,2,52,3,1,71,2
81,17,2,78,1,1,66,1
97,21,2,96,1,2,72,2
97,20,2,83,1,3,73,2
99,14,2,74,3,2,71,2
65,19,1,69,3,4,64,0
66,19,3,81,2,1,66,1
87,19,2,74,2,1,69,2
82,20,2,85,1,1,66,1
61,20,3,81,2,0,63,0
62,17,2,78,2,0,62,0
96,28,1,98,3,1,98,2
95,13,3,92,3,1,71,2
74,16,2,80,3,0,66,1
96,37,2,77,2,2,75,2
84,14,2,86,3,1,68,1
92,12,2,90,3,2,69,2
77,24,1,65,2,2,68,1
65,8,2,83,2,3,60,0
77,19,1,57,2,4,64,0
78,33,2,72,2,4,71,2
82,11,3,97,3,2,69,2
64,8,2,66,2,1,60,0
100,11,3,58,3,1,70,2
70,25,2,57,1,4,66,1
68,27,2,70,3,0,68,1
81,17,1,61,3,2,67,1
81,24,2,71,2,1,70,2
78,28,2,86,3,0,69,2
91,31,3,94,2,2,75,2
81,19,1,56,2,1,65,0
84,6,2,88,2,1,65,0
89,15,1,55,2,1,66,1
61,17,2,69,3,1,64,0
83,18,2,100,1,1,66,1
95,19,3,53,2,3,70,2
61,27,1,51,3,1,63,0
76,28,1,67,1,1,66,1
97,19,2,98,1,1,71,2
74,27,3,51,2,2,68,1
78,22,2,61,2,2,68,1
99,20,2,80,1,0,71,2
68,25,2,62,1,1,63,0
63,20,1,53,1,1,60,0
94,32,3,53,2,1,73,2
95,11,2,78,2,4,68,1
79,17,3,78,3,2,70,2
81,19,2,85,2,1,66,1
93,23,2,57,3,1,72,2
90,28,1,75,3,1,70,2
71,20,3,80,3,2,68,1
61,11,2,61,2,3,60,0
79,25,2,77,3,2,68,1
94,25,3,85,3,1,74,2
96,8,2,100,2,1,68,1
98,20,2,80,1,4,72,2
95,10,3,93,2,0,69,2
83,16,2,92,1,2,98,2
78,15,3,97,2,1,68,1
91,25,1,86,2,0,70,2
90,21,2,61,2,1,69,2
82,12,1,65,3,3,64,0
63,25,1,89,2,1,65,0
97,11,2,76,2,2,69,2
78,22,1,63,2,2,67,1
75,15,3,83,2,1,65,0
85,18,3,95,2,2,70,2
87,23,1,68,3,0,68,1
68,23,2,80,2,1,65,0
93,28,2,79,2,0,74,2
72,20,2,56,2,4,65,0
67,22,3,55,3,1,65,0
76,17,2,94,3,3,68,1
89,21,2,97,2,1,68,1
99,23,2,95,2,5,74,2
92,19,2,70,3,2,71,2
98,9,2,64,3,1,67,1
66,22,2,97,2,0,64,0
63,22,1,94,1,0,61,0
82,16,2,91,2,0,66,1
72,12,2,67,2,0,61,0
93,29,3,82,2,5,73,2
87,23,2,88,1,2,70,2
99,19,2,79,1,2,70,2
70,13,1,80,2,1,63,0
79,15,2,88,3,3,69,2
80,28,3,88,3,2,72,2
70,21,3,62,2,2,66,1
84,17,3,70,3,1,68,1
78,23,3,89,2,1,67,1
78,15,3,63,2,2,65,0
75,29,2,96,1,2,68,1
61,28,2,92,3,1,68,1
81,17,2,95,3,2,69,2
73,16,3,65,3,1,66,1
60,4,2,55,2,2,58,0
72,11,1,55,3,0,60,0
71,12,3,78,3,3,67,1
76,21,2,65,2,2,65,0
65,18,2,63,3,1,62,0
80,12,3,61,2,0,65,0
88,18,3,78,3,0,69,2
85,23,3,77,1,0,70,2
92,23,3,71,1,2,70,2
78,9,2,57,3,1,63,0
81,19,2,96,1,0,69,2
92,12,2,71,1,0,64,0
77,25,3,56,2,1,69,2
88,25,2,52,3,1,70,2
77,15,2,58,2,1,64,0
77,15,2,65,3,2,65,0
90,17,2,82,3,0,70,2
67,6,1,99,2,0,60,0
74,22,3,64,2,3,68,1
69,18,1,89,1,2,61,0
74,26,1,96,2,2,68,1
69,13,1,70,2,1,61,0
83,16,2,63,1,2,64,0
92,11,2,75,2,2,66,1
91,14,2,95,2,2,70,2
75,13,3,51,3,3,65,0
100,26,3,74,2,1,74,2
84,16,3,88,3,1,66,1
76,21,2,80,1,3,65,0
93,18,3,75,1,1,69,2
89,12,3,78,2,4,69,2
90,19,3,81,1,2,69,2
68,24,1,84,3,1,66,1
79,13,1,68,2,2,63,0
94,25,1,76,2,1,69,2
80,15,3,64,2,1,65,0
87,17,2,99,2,1,67,1
84,23,2,59,2,1,66,1
94,16,2,58,1,2,67,1
71,20,3,63,1,1,65,0
83,18,3,96,2,0,69,2
65,21,3,83,1,3,65,0
88,6,3,73,3,3,67,1
89,9,2,96,2,0,66,1
62,24,2,95,1,1,64,0
87,26,3,70,2,1,70,2
77,15,3,78,2,0,65,0
65,19,2,95,1,2,65,0
77,22,1,66,1,2,64,0
68,24,1,70,2,1,64,0
77,8,1,90,2,1,61,0
75,15,2,85,3,1,65,0
90,18,2,52,3,5,68,1
91,24,3,56,1,1,70,2
84,35,2,92,1,6,74,2
61,19,2,51,2,1,60,0
97,12,1,96,3,2,71,2
87,22,3,64,3,2,70,2
61,28,2,80,1,2,67,1
93,21,2,78,2,0,68,1
68,15,2,70,3,3,64,0
83,26,1,52,3,0,67,1
79,24,1,60,1,0,65,0
77,14,2,81,2,3,66,1
96,22,2,72,2,1,72,2
77,26,2,71,1,3,69,2
63,27,2,55,2,1,65,0
98,20,3,67,1,0,71,2
97,18,3,76,3,0,72,2
87,27,2,54,3,0,70,2
79,13,2,53,3,1,63,0
64,23,2,75,2,2,66,1
92,12,1,78,1,3,67,1
63,26,3,63,2,1,67,1
63,18,2,66,2,2,62,0
81,28,3,90,2,3,72,2
66,23,3,93,2,1,69,2
60,13,2,66,2,1,61,0
77,29,1,68,2,1,67,1
65,29,2,92,1,0,66,1
66,25,2,99,2,2,68,1
63,15,3,66,2,1,62,0
68,18,1,89,3,0,63,0
89,21,2,74,2,3,70,2
92,16,3,63,1,2,68,1
78,30,3,84,2,1,71,2
80,21,1,73,3,0,65,0
61,4,3,63,1,4,59,0
63,22,1,55,3,2,64,0
70,18,3,93,2,0,67,1
82,20,2,94,2,3,68,1
90,18,3,54,3,1,95,2
84,25,2,83,2,1,70,2
76,27,2,58,2,1,68,1
65,22,2,82,1,2,65,0
91,18,2,95,1,2,70,2
75,20,2,63,2,4,67,1
89,20,3,67,2,2,69,2
81,15,3,90,2,1,68,1
90,23,3,87,3,1,72,2
96,23,3,70,2,1,71,2
97,29,3,92,2,2,75,2
81,28,3,96,2,0,70,2
80,16,2,73,2,2,66,1
71,25,3,52,2,3,67,1
97,14,2,75,2,1,70,2
78,24,3,87,3,2,71,2
65,17,2,61,2,5,64,0
77,14,2,55,2,2,65,0
65,22,2,64,2,1,64,0
80,4,2,51,1,4,62,0
82,9,1,86,3,2,64,0
74,19,3,57,2,1,66,1
63,20,2,86,2,0,64,0
98,18,2,62,3,3,71,2
91,11,1,100,3,4,68,1
94,15,2,77,2,3,70,2
75,22,2,52,3,0,66,1
90,23,2,89,2,2,71,2
79,20,2,71,2,1,68,1
68,27,1,80,1,3,66,1
65,22,2,98,1,4,66,1
74,16,3,76,1,5,65,0
66,18,2,90,2,0,64,0
100,12,2,65,1,1,67,1
62,19,2,86,2,1,65,0
78,27,2,55,2,3,69,2
78,24,2,95,3,1,69,2
72,28,2,60,1,4,69,2
83,18,3,65,2,3,68,1
66,28,1,98,2,0,67,1
91,19,1,58,2,2,68,1
73,29,1,63,1,1,65,0
84,20,2,79,3,3,69,2
89,24,1,99,2,1,73,2
96,29,2,85,3,3,76,2
93,19,3,56,2,0,69,2
84,21,1,87,3,2,69,2
76,28,2,71,2,3,68,1
80,19,3,100,3,1,70,2
91,12,1,81,2,0,64,0
95,33,1,77,1,2,73,2
64,17,2,78,2,1,64,0
75,21,1,82,2,1,65,0
91,27,3,87,1,0,69,2
77,16,1,54,2,0,62,0
73,14,2,57,3,2,64,0
76,22,3,65,1,0,64,0
84,9,2,74,2,5,67,1
100,18,1,66,2,3,69,2
80,21,1,61,2,2,67,1
68,18,3,96,1,1,65,0
67,11,3,52,2,3,63,0
62,30,1,97,1,0,66,1
82,21,3,95,2,1,70,2
82,29,3,84,2,1,70,2
68,18,3,52,3,0,67,1
88,15,2,61,1,0,65,0
90,22,3,99,1,1,70,2
70,19,2,95,2,0,66,1
74,13,3,98,2,1,66,1
100,29,1,100,2,0,72,2
75,16,1,53,3,0,64,0
90,9,3,79,3,4,70,2
78,28,3,92,2,1,71,2
92,17,2,66,2,2,66,1
91,16,2,72,3,0,70,2
87,9,2,64,1,1,64,0
94,30,1,52,2,3,70,2
98,12,1,54,2,2,67,1
83,20,1,51,2,2,65,0
69,25,2,76,3,1,68,1
76,23,2,81,3,3,69,2
90,20,1,65,2,3,68,1
86,10,3,91,3,2,68,1
67,15,1,94,2,0,64,0
