Attendance,Hours_Studied,Access_to_Resources,Previous_Scores,Parental_Involvement,Tutoring_Sessions,Exam_Score
84,23,High,73,Low,0,67
64,19,Medium,59,Low,2,61
98,24,Medium,91,Medium,2,74
89,29,Medium,98,Low,1,71
92,19,Medium,65,Medium,3,70
88,19,Medium,89,Medium,3,71
84,29,Low,68,Medium,1,67
78,25,High,50,Low,1,66
94,17,High,80,Medium,0,69
98,23,Medium,71,Medium,0,72
80,17,High,88,Low,4,68
97,17,High,87,Medium,2,71
83,21,Medium,97,Medium,2,70
82,9,Medium,72,Medium,2,66
78,10,High,74,Medium,1,65
68,17,Medium,70,Medium,2,64
60,14,Low,65,Medium,0,60
70,22,Medium,82,Low,1,65
80,15,Medium,91,Medium,3,67
75,12,High,58,Medium,3,66
78,29,Medium,99,Medium,0,69
99,19,High,84,Medium,1,72
74,20,High,89,Medium,1,66
78,11,Medium,100,High,1,66
65,17,High,75,Low,2,63
62,21,Low,54,High,0,64
91,13,Medium,90,Low,1,65
83,22,High,94,High,0,71
90,16,Medium,58,Medium,1,66
66,18,High,51,High,2,64
83,16,Medium,57,Low,0,63
70,31,High,66,Medium,1,69
69,20,Medium,96,Medium,2,67
60,14,Medium,50,High,2,61
65,25,Medium,90,High,2,68
72,13,Medium,93,Low,1,61
65,21,Low,91,Medium,2,64
99,8,Medium,54,Medium,2,67
72,12,Medium,84,Low,1,63
65,21,Medium,98,Low,1,64
68,24,Medium,56,High,3,67
84,21,Medium,52,Medium,1,65
63,19,High,94,Low,1,64
94,18,High,82,Medium,3,70
98,11,Medium,82,Medium,1,68
70,16,Medium,98,Medium,2,65
78,17,Medium,88,Medium,1,68
61,26,Low,70,Medium,2,64
86,22,Medium,72,Low,3,68
77,9,Medium,57,Medium,2,63
71,22,Medium,65,Low,1,64
68,18,Medium,72,High,0,64
86,16,Medium,63,Low,2,67
77,24,Low,96,High,0,67
67,26,High,51,Medium,2,66
88,26,High,79,Medium,1,72
83,15,High,89,Medium,1,65
94,18,Medium,87,Medium,1,71
65,22,Low,82,High,2,66
91,26,Low,71,Medium,0,68
87,17,Medium,96,Medium,1,70
65,19,Medium,66,Medium,0,62
88,13,High,88,Low,2,68
78,13,High,96,Medium,2,67
98,25,High,56,Low,0,71
66,28,High,97,Medium,0,68
86,20,Medium,89,Medium,1,69
75,26,High,81,Low,3,70
98,22,High,69,Medium,1,69
73,16,Medium,95,Medium,1,65
98,22,Low,52,Medium,3,70
96,29,Low,72,Medium,1,71
71,20,Medium,88,Medium,1,65
92,29,Medium,91,Low,2,72
100,4,High,60,High,0,69
70,25,Medium,52,Medium,1,66
77,21,Medium,90,Low,4,68
81,18,Low,71,High,0,65
72,21,Medium,57,Medium,1,64
61,8,Medium,54,Medium,1,60
69,19,High,82,Medium,1,65
71,22,Medium,79,High,1,66
78,29,High,93,High,5,74
67,17,Medium,52,Medium,2,62
95,15,Medium,93,Medium,2,70
88,17,High,94,Medium,0,69
63,25,High,72,Medium,3,67
86,22,Low,54,Low,2,64
86,17,High,97,Medium,3,71
98,23,Low,54,Medium,0,68
60,21,Medium,80,High,0,64
70,26,Low,75,Medium,1,63
97,16,Medium,92,Medium,0,71
97,18,Medium,75,High,0,69
89,18,Medium,73,High,3,100
91,11,Medium,94,Medium,3,68
64,22,Medium,98,Low,1,62
81,22,Medium,77,Medium,2,68
69,20,High,73,High,2,66
67,19,Medium,92,Low,0,64
92,12,Medium,92,Medium,2,67
65,17,High,66,Medium,1,65
79,18,Medium,79,Medium,0,65
98,15,Medium,58,High,0,69
67,19,Medium,82,Medium,1,63
99,22,Low,92,Medium,3,72
100,31,Medium,59,Medium,2,76
82,21,High,66,Medium,3,69
67,22,Medium,72,Medium,3,67
73,20,Medium,92,High,2,69
77,8,Medium,87,High,0,63
72,20,Medium,66,Medium,3,67
71,20,High,62,Low,2,66
99,35,High,85,High,2,79
66,19,Medium,74,Medium,1,64
89,22,High,80,High,1,73
60,20,High,82,Low,2,63
84,13,Medium,78,Medium,1,65
97,27,High,81,Low,0,73
72,25,High,94,High,2,70
67,25,Medium,93,High,2,68
86,15,Medium,57,Medium,1,65
89,28,High,79,Low,0,71
88,12,Medium,72,Low,2,64
73,24,High,64,Medium,4,68
70,33,Medium,82,Medium,1,69
98,14,Medium,76,Medium,0,69
97,17,Medium,89,Medium,1,69
78,21,Medium,55,Medium,1,67
94,17,Medium,65,Low,4,68
78,11,High,51,Medium,2,64
77,20,Medium,87,Medium,0,66
66,14,Low,96,High,3,63
77,23,Medium,79,Medium,0,66
81,14,Medium,81,Medium,1,66
61,29,High,52,Medium,3,67
78,15,High,75,High,1,65
91,18,Medium,76,Low,1,68
87,25,Low,52,Medium,1,68
85,13,Medium,89,High,0,65
96,21,Medium,64,Medium,2,71
61,28,High,86,Medium,1,65
82,10,Low,70,Medium,3,64
91,21,Medium,100,High,0,72
82,22,Medium,61,Medium,2,65
73,25,High,53,Medium,0,66
65,13,High,99,Low,0,61
96,12,High,62,Low,2,68
79,23,High,82,High,3,69
95,22,High,69,Medium,1,72
83,22,High,82,Medium,2,71
87,22,High,80,High,2,70
92,16,High,85,Medium,1,68
86,21,Medium,51,Low,2,67
76,22,Medium,92,Medium,1,68
81,16,Medium,74,Medium,3,68
92,31,Medium,76,Medium,2,72
75,23,High,71,Low,0,65
76,13,High,99,Medium,2,66
64,24,Medium,90,Medium,0,65
97,14,Medium,66,Medium,2,67
64,25,High,89,Medium,2,66
86,27,Medium,72,Medium,1,69
77,15,Medium,94,Medium,0,66
76,26,High,52,Medium,4,69
87,22,Low,68,High,0,67
63,25,Medium,71,High,1,66
84,31,Medium,87,Medium,2,71
91,19,Low,59,High,5,70
93,15,Medium,64,High,2,71
67,15,Medium,86,Medium,1,66
96,15,Medium,54,Medium,3,67
86,20,Low,60,High,1,66
95,22,High,88,Medium,0,72
79,22,Medium,94,Medium,1,68
82,25,Medium,86,Medium,3,69
97,20,Medium,76,Medium,2,71
96,29,Medium,55,Medium,0,70
78,18,Medium,91,Medium,2,67
71,36,Medium,56,Medium,2,69
76,24,High,69,Low,2,65
76,15,High,53,High,1,65
71,14,Medium,85,Medium,2,64
71,23,Low,75,Low,1,63
94,19,Medium,95,Low,3,69
63,24,Low,57,Medium,1,64
87,23,High,91,High,0,72
67,20,Medium,76,Low,0,63
74,15,High,68,Low,3,64
62,11,High,82,Medium,3,64
71,17,Medium,90,Medium,5,67
91,25,Medium,72,Medium,2,71
95,21,Medium,62,Medium,1,70
69,13,Low,96,Medium,0,61
79,21,High,66,Medium,2,67
79,22,Medium,100,High,4,72
95,15,Low,88,Low,1,66
91,21,High,84,Medium,1,70
81,20,Medium,51,High,3,67
87,13,Low,72,High,2,67
94,22,Medium,75,Low,2,71
60,23,Medium,69,High,1,66
76,26,Medium,57,Medium,1,68
96,26,Medium,68,Medium,3,74
90,12,Low,54,Medium,1,64
82,14,Medium,65,Medium,1,65
81,23,Medium,54,Low,1,66
74,23,High,88,Medium,0,66
81,23,Low,84,Medium,2,68
86,43,Medium,97,High,2,78
77,23,High,69,Medium,1,67
89,27,High,89,Medium,3,74
94,26,High,79,Medium,1,74
66,24,Low,82,Medium,1,62
78,18,Medium,77,High,2,66
76,25,Medium,89,Medium,3,69
87,15,High,52,Medium,2,68
70,19,Low,54,Medium,0,89
86,17,Low,55,High,2,66
95,20,Medium,64,Low,2,68
77,34,Low,80,Medium,0,69
96,9,Medium,82,Medium,0,67
100,24,High,86,High,2,75
64,10,High,64,Medium,0,60
69,17,Medium,83,High,2,66
98,27,High,56,Low,1,73
98,20,Low,50,Medium,1,68
64,14,Medium,85,Medium,0,62
61,16,Medium,86,Medium,2,62
66,24,Low,81,High,1,65
100,16,Low,63,High,2,69
67,21,Medium,96,Medium,3,64
80,20,High,94,Medium,0,67
94,16,High,76,High,0,70
61,33,Medium,99,Medium,2,70
84,24,Low,65,High,3,69
71,8,Low,75,High,0,61
94,21,Medium,96,Medium,0,69
71,16,Medium,73,High,1,63
87,25,Low,74,Medium,0,67
87,15,Medium,54,Low,1,65
69,19,Medium,61,Medium,3,66
61,23,Medium,58,Low,4,63
76,25,High,78,Medium,2,68
72,13,High,66,High,0,65
92,18,Medium,54,Low,1,67
92,17,Low,75,Low,2,68
78,16,High,83,Medium,0,64
84,31,Medium,87,Medium,0,71
84,22,Medium,92,Medium,0,69
93,12,Medium,74,Medium,1,67
77,26,Medium,70,Low,2,65
71,33,Medium,84,Low,1,68
71,26,Medium,51,High,1,67
81,11,Medium,82,Medium,3,67
78,17,High,70,Medium,2,66
78,28,Medium,73,High,2,70
64,16,Low,65,High,3,65
89,23,Low,56,Low,4,69
69,25,Medium,70,Medium,1,65
68,14,Medium,65,High,1,63
77,20,Medium,98,Medium,2,67
69,1,Medium,97,High,1,61
83,14,Low,82,Medium,0,65
75,18,High,95,Low,1,66
78,13,High,88,Medium,0,66
81,30,Low,67,Medium,1,69
68,11,Medium,80,Medium,2,63
66,17,High,61,Low,1,65
95,21,Low,84,Low,0,67
77,29,High,52,High,2,69
76,11,Medium,92,Low,4,65
61,27,Medium,79,Medium,1,65
80,20,Low,53,High,0,65
82,14,High,94,Medium,2,67
82,23,Medium,94,Low,1,66
88,21,High,93,Medium,4,72
67,16,High,89,Medium,3,66
70,20,Medium,84,Medium,2,65
92,18,Medium,70,High,1,69
98,21,Low,57,Medium,2,68
65,24,Low,64,Medium,1,64
80,30,High,67,Low,3,69
69,13,Low,68,Medium,0,59
62,33,Medium,78,High,0,68
73,8,Medium,60,Medium,0,60
66,19,High,59,Medium,1,62
88,24,Medium,86,Low,0,67
81,22,High,50,Low,4,68
66,16,High,57,Medium,3,64
60,19,High,72,Medium,3,65
92,17,Low,57,Low,2,65
67,16,Medium,98,High,0,63
84,25,Low,84,Medium,2,70
73,22,Medium,72,Low,3,66
83,16,High,56,Medium,4,68
73,25,Low,69,Low,3,66
63,22,Low,83,Low,3,63
69,25,Medium,98,High,1,66
68,24,Medium,74,Medium,1,65
77,15,Medium,85,Medium,1,66
86,17,Low,60,High,2,67
71,24,Medium,81,Medium,0,66
60,24,Medium,62,Low,4,63
81,20,Medium,60,Medium,3,66
84,21,Medium,75,Medium,1,67
99,28,Medium,61,Medium,1,71
84,16,High,86,Medium,1,67
79,23,High,97,Medium,1,69
83,19,Medium,70,Medium,2,67
97,19,Medium,66,High,2,72
93,27,Low,59,High,2,70
73,25,High,70,Medium,0,67
69,25,High,78,Low,0,64
71,28,Medium,69,Medium,1,67
80,20,High,81,Low,3,69
90,24,Low,83,Low,0,68
80,18,Medium,55,Medium,2,63
63,22,High,85,Medium,4,68
89,19,Medium,95,High,0,70
92,21,Low,51,Medium,0,66
72,24,High,78,High,0,68
87,15,Low,80,High,0,67
77,33,High,85,Low,0,69
96,14,Low,69,Medium,0,66
94,13,Medium,91,Medium,3,68
81,27,Medium,77,Medium,2,69
88,25,Medium,70,Medium,1,70
95,24,High,86,Medium,1,74
80,24,High,96,Medium,0,70
73,20,Medium,91,Medium,1,66
90,15,Medium,97,High,1,69
69,20,High,63,Medium,0,64
76,16,High,56,Low,1,62
95,26,High,77,Low,0,70
89,19,Medium,52,High,2,68
76,15,Medium,84,Medium,0,65
69,18,High,62,High,3,65
74,22,High,73,High,3,71
71,17,Medium,83,High,2,66
67,15,Medium,74,Medium,0,61
90,21,Medium,62,Low,2,67
70,21,High,94,Low,0,65
78,17,High,88,Medium,0,65
75,17,High,80,Medium,1,65
99,21,Medium,85,Medium,4,73
76,11,Medium,71,Medium,1,62
63,12,High,69,Medium,0,60
64,16,Medium,58,Low,1,61
84,19,Medium,90,Low,2,67
84,22,Medium,69,High,3,70
77,29,High,85,Low,1,69
77,25,Low,65,Medium,0,66
62,19,Medium,90,Medium,2,64
81,20,Medium,55,High,1,68
80,14,Medium,81,High,1,67
66,20,Medium,90,Medium,0,64
64,18,Medium,83,Medium,2,65
65,22,High,85,Low,2,66
64,15,Medium,76,Medium,2,63
84,23,Medium,78,High,2,68
68,29,High,53,Medium,1,66
70,19,Medium,63,Medium,3,63
67,22,Medium,86,Low,1,63
98,24,Medium,97,High,1,74
94,18,High,77,Medium,1,70
69,21,High,86,High,2,68
73,20,Medium,84,Medium,0,66
68,21,Low,100,Medium,0,63
80,15,High,90,Low,4,67
61,20,Medium,81,Medium,1,62
87,23,High,56,High,1,71
81,29,Medium,68,High,2,72
96,26,Medium,63,Medium,1,72
67,33,Medium,93,Medium,0,68
92,15,Low,72,Medium,1,66
92,25,Medium,77,Medium,0,70
65,21,Low,98,Medium,2,66
76,33,Medium,92,Medium,1,72
67,15,Medium,89,High,0,64
70,15,Medium,57,High,1,63
71,16,Medium,51,Medium,0,61
82,7,High,56,High,0,62
76,17,High,87,Medium,1,68
98,15,Medium,71,Low,1,68
65,21,Medium,56,Low,1,63
99,22,Low,87,Medium,1,70
69,31,Low,60,High,1,68
91,26,Medium,79,High,1,72
74,17,Medium,87,Medium,4,67
66,15,High,80,Low,1,61
94,23,Medium,100,Low,0,69
72,12,Low,72,Medium,2,61
86,31,High,66,High,3,75
83,27,Low,60,High,0,68
79,17,Low,75,Medium,1,65
80,10,Medium,93,High,4,67
89,28,High,97,Medium,3,75
64,19,Medium,99,Low,1,64
87,27,Medium,77,Medium,1,70
96,10,High,80,High,0,67
62,16,Medium,79,Medium,2,63
66,20,High,73,High,1,65
89,20,Medium,58,Medium,1,67
77,17,High,53,Low,2,86
76,24,High,72,Low,3,67
65,14,Medium,59,High,1,63
80,19,Medium,94,Medium,0,66
65,21,High,88,High,2,65
79,23,Medium,81,Medium,1,67
91,24,Medium,52,Medium,0,69
70,13,High,81,High,2,66
79,11,Medium,81,Medium,1,64
100,28,Low,72,High,1,73
87,22,Medium,83,Low,1,66
94,16,Medium,93,Medium,1,68
77,29,Low,88,High,0,70
91,21,Medium,74,High,2,69
62,27,High,63,Medium,4,67
65,20,Low,74,Medium,0,62
68,32,Low,97,Medium,1,68
76,31,High,91,Medium,1,72
94,19,Medium,51,Low,3,69
74,26,Low,89,Low,3,66
86,24,High,59,High,1,70
88,28,Medium,79,High,0,71
83,14,Medium,90,Medium,0,65
74,24,Medium,78,High,3,70
83,26,Low,70,Low,2,65
74,9,High,66,Medium,1,62
63,13,Medium,65,High,2,62
100,8,Medium,92,High,1,70
65,18,High,91,Medium,5,66
63,24,Low,91,High,4,67
95,29,Low,64,Medium,1,72
72,20,Low,90,High,0,66
86,30,Low,52,Medium,2,68
73,12,Medium,60,High,1,62
76,10,Medium,76,Low,2,64
70,20,Medium,70,Medium,0,65
74,22,Low,56,Medium,4,66
76,20,Low,52,Medium,2,64
89,8,High,81,Medium,4,67
80,19,Medium,66,High,4,69
98,12,Medium,51,High,0,68
62,24,Medium,72,Medium,2,64
80,22,Medium,65,High,2,68
83,14,Low,79,Low,1,64
97,17,High,96,Medium,0,71
62,14,High,65,High,3,61
83,20,Medium,100,Low,4,68
94,26,Medium,54,High,2,73
70,14,Medium,54,High,3,64
95,23,Medium,86,Medium,3,72
61,17,Medium,87,Medium,5,65
89,15,Medium,71,Medium,1,68
97,19,Low,64,High,2,71
86,14,Low,90,Medium,3,65
78,17,Medium,98,Medium,2,66
62,13,High,99,Low,4,63
97,32,High,82,Medium,1,74
79,20,Low,87,High,2,66
61,16,Low,91,Medium,2,63
88,21,Medium,90,High,2,72
79,19,High,100,Medium,1,69
65,19,High,91,Medium,1,67
69,24,High,83,Low,3,66
63,25,Medium,69,High,0,64
83,17,Medium,80,Low,4,67
85,17,Low,94,Medium,4,69
80,18,Low,65,Medium,2,65
93,6,Medium,52,Medium,0,64
94,11,Low,66,Medium,1,65
85,28,High,98,Medium,2,72
61,30,High,90,Low,2,66
88,19,Low,59,Medium,2,66
77,23,High,51,High,1,67
83,22,Medium,83,Medium,1,69
86,38,High,79,Low,3,73
74,27,High,54,Medium,3,69
97,19,Low,98,Medium,1,68
65,14,Medium,81,Low,1,61
87,10,Low,83,Medium,0,63
60,21,High,93,Medium,0,63
97,15,Medium,67,Low,1,68
65,11,High,78,Medium,2,63
64,16,Medium,79,High,3,66
73,14,Medium,98,High,2,65
75,30,High,57,High,0,68
69,25,Medium,88,Medium,0,66
83,20,Low,79,Low,2,66
78,29,Medium,92,High,2,70
61,20,Low,92,Low,0,61
73,15,Low,51,Medium,2,61
92,29,Medium,63,Medium,1,71
88,23,Medium,59,Low,1,67
89,14,High,73,High,2,70
88,19,Medium,95,High,2,69
72,15,High,50,High,2,65
64,12,Low,74,High,0,61
71,26,Low,94,Medium,3,68
93,31,Low,96,High,2,74
99,12,Medium,83,Medium,1,67
80,23,Medium,91,Medium,5,70
60,16,Medium,66,Low,1,59
66,17,High,64,High,0,64
73,16,Medium,52,High,2,66
83,15,Low,75,Low,1,63
63,20,Low,73,Low,0,61
98,15,High,69,Low,2,68
75,22,Medium,56,Medium,3,65
97,20,High,62,Medium,1,69
91,19,Low,60,High,2,68
90,15,Low,97,Medium,2,69
84,17,Low,98,Medium,1,67
85,25,High,50,High,1,70
86,23,Medium,59,Medium,1,68
85,14,Medium,94,Medium,0,67
82,21,Medium,52,High,4,67
99,25,Medium,97,High,0,75
89,10,Low,69,Low,3,63
91,23,Medium,77,Low,1,70
95,16,Low,88,Medium,2,70
69,23,High,62,Medium,1,64
63,15,Low,55,Medium,0,59
79,9,Low,90,Medium,1,63
81,10,Medium,99,High,2,67
93,20,High,83,Low,0,68
78,22,Medium,91,Medium,0,68
83,15,Medium,97,Medium,2,97
81,24,Low,61,Medium,1,66
62,10,Low,68,Medium,3,61
85,20,Medium,61,High,2,70
93,13,Low,53,Low,1,65
66,16,Medium,87,Low,3,64
84,20,High,57,Medium,2,69
84,15,High,55,Medium,1,64
67,18,Low,68,Low,2,61
65,26,Medium,53,Low,3,64
99,17,High,59,Medium,0,68
76,25,High,53,Medium,1,67
69,13,Low,94,High,3,62
67,23,Medium,89,Medium,2,66
87,29,High,93,Medium,1,72
84,5,Medium,93,Medium,4,68
86,15,High,97,Medium,4,71
64,23,Medium,59,Medium,3,65
96,19,Low,95,Medium,2,68
76,22,Low,76,Medium,2,65
73,16,Low,58,High,1,64
78,21,Low,83,Medium,2,65
76,19,High,66,High,0,65
95,27,Medium,52,High,3,73
97,22,High,54,Medium,1,72
72,22,Medium,71,Low,1,64
95,18,Medium,91,Medium,0,69
91,17,Medium,66,Medium,1,69
97,17,High,88,Medium,0,70
70,22,Medium,53,Low,1,83
83,17,Medium,70,High,3,68
71,22,High,56,Low,1,84
93,32,Medium,93,Medium,1,75
60,25,High,98,Low,1,67
83,18,High,66,Medium,0,69
74,27,Medium,99,High,3,71
73,18,Low,88,Medium,1,66
86,8,High,50,Medium,1,65
94,14,Medium,74,High,1,70
84,9,Low,92,High,1,66
94,18,Medium,77,High,3,74
71,20,Medium,77,High,0,66
81,30,High,72,Medium,0,68
78,22,High,70,Medium,2,68
60,19,High,51,Medium,0,62
82,25,High,81,Medium,2,71
86,7,Low,88,Medium,2,63
84,21,High,90,High,2,69
89,25,Medium,81,Medium,3,71
83,11,Low,67,High,1,66
63,27,High,51,Medium,0,64
65,22,Medium,95,Medium,3,65
84,18,High,71,Medium,4,69
71,24,Low,80,Medium,2,66
63,34,High,60,Medium,1,67
77,21,Low,57,Medium,4,65
82,21,Low,54,Low,3,65
73,17,Medium,90,High,1,67
89,15,Medium,82,Low,1,66
86,25,Medium,81,Medium,1,69
73,15,High,96,Medium,1,64
90,20,Medium,58,Medium,1,70
86,17,Medium,59,High,3,68
85,23,Low,59,High,1,68
82,22,Medium,71,High,1,69
60,26,Medium,94,Medium,3,68
88,17,Medium,94,Medium,5,70
75,18,Medium,80,High,2,67
98,14,High,83,High,3,72
93,17,Low,95,High,1,69
84,22,Medium,81,High,1,69
70,25,Medium,61,Low,3,64
68,14,Medium,85,Low,2,63
74,25,High,88,High,3,70
79,28,Medium,82,High,0,70
72,22,Medium,64,High,1,66
81,31,Medium,70,Medium,1,70
67,15,High,74,Medium,0,66
99,13,Medium,57,Medium,1,68
64,9,Medium,73,Medium,1,61
97,29,Medium,58,Medium,1,72
97,24,Low,75,High,1,69
81,20,Low,53,Medium,0,63
89,22,High,97,Medium,2,72
77,13,Medium,62,Medium,1,65
85,35,High,73,Medium,1,74
74,21,Low,52,Medium,1,62
72,21,Medium,60,High,0,65
83,24,High,85,Low,1,68
80,23,Low,56,Medium,3,66
83,21,Medium,81,High,3,71
71,15,High,50,Medium,1,62
75,23,High,73,Low,1,65
63,31,High,86,Medium,0,68
62,28,High,96,Medium,4,70
70,30,Medium,75,Low,1,67
63,17,Medium,92,Medium,2,63
64,14,High,90,High,0,63
93,19,High,65,Medium,0,69
62,20,Medium,94,Low,3,66
86,27,Medium,82,Medium,2,70
71,10,Medium,55,Medium,2,63
95,29,Medium,97,Low,0,72
79,19,Medium,59,High,1,65
72,17,High,74,Medium,2,67
81,14,Medium,73,Medium,1,63
75,10,Medium,81,High,3,65
83,25,Medium,83,Medium,2,67
65,20,Low,62,Medium,0,80
100,12,Medium,68,Medium,2,68
77,12,Medium,57,Medium,2,63
74,18,Medium,56,Medium,1,64
88,30,Medium,91,Medium,3,73
75,18,Medium,88,Medium,2,66
93,11,Medium,72,Medium,2,66
78,19,High,55,High,0,66
89,18,High,72,Medium,4,69
64,4,High,65,Medium,1,59
94,20,Medium,89,Medium,0,68
89,19,Medium,55,Medium,1,67
68,24,Medium,73,Medium,1,64
66,31,High,80,Low,0,65
73,27,Medium,99,Medium,1,68
99,18,High,54,Medium,0,70
70,13,Medium,56,Medium,2,62
78,35,Low,99,High,1,72
61,20,Low,70,Medium,1,62
76,20,High,87,High,1,68
83,20,Medium,89,High,3,69
98,21,Medium,66,High,3,73
81,19,High,61,High,3,69
93,17,Medium,64,Medium,1,67
82,17,Low,88,Medium,2,65
62,20,Low,92,Low,2,63
73,17,Medium,85,High,2,66
83,16,Medium,72,Medium,1,66
98,21,High,63,Medium,0,70
94,18,Medium,71,Medium,2,69
69,29,High,96,Medium,1,70
69,4,Low,93,Medium,2,58
68,27,Medium,66,Medium,3,67
97,27,High,66,High,1,73
94,8,Low,89,High,0,66
91,18,High,71,High,0,70
76,18,High,79,High,1,67
80,12,Low,71,Low,1,60
79,15,Medium,62,High,1,65
70,13,Medium,59,Medium,0,63
80,31,High,57,High,1,72
61,26,Medium,51,Low,0,62
65,28,Medium,64,Medium,6,70
95,24,Low,59,High,2,70
90,13,Medium,63,Medium,0,64
77,17,Medium,54,Medium,3,64
81,23,Low,67,Medium,0,67
75,13,High,76,Medium,1,64
90,24,Medium,97,Medium,1,72
91,19,Low,67,Medium,0,66
91,18,Medium,52,Medium,2,66
89,24,High,68,Medium,0,71
68,23,Low,91,Low,5,66
74,18,Low,67,Medium,2,64
79,27,Low,65,Medium,0,66
73,14,Low,96,Medium,1,62
90,24,Medium,65,Medium,4,70
73,24,Medium,99,Medium,3,69
66,18,Medium,92,High,2,65
76,22,Medium,84,High,2,70
99,12,High,80,High,0,70
69,26,Medium,61,Medium,1,67
84,19,High,87,Medium,2,69
77,17,Medium,67,Low,0,62
63,26,High,74,Medium,1,67
80,16,Medium,55,High,0,65
88,12,Medium,65,Medium,0,65
81,11,High,76,Medium,1,65
95,24,Low,73,Medium,3,69
72,12,Medium,67,Medium,4,63
63,31,High,74,Low,3,66
97,8,High,87,Medium,0,67
75,30,Medium,73,Medium,1,69
83,21,Medium,75,Medium,1,67
92,19,Medium,85,Medium,1,70
73,17,High,92,High,2,67
89,22,Medium,76,High,2,70
65,20,High,97,High,0,65
72,27,Low,68,Medium,0,63
66,21,Medium,63,Medium,0,64
92,21,Medium,85,High,1,69
69,18,Medium,59,Low,1,60
89,20,Medium,95,Low,3,69
98,22,Low,69,Medium,4,72
81,10,Low,85,Medium,1,63
82,12,Medium,79,Low,0,63
78,24,Low,53,High,0,66
73,21,Medium,85,Medium,6,70
79,19,High,90,Medium,1,68
84,20,Medium,99,Medium,2,69
99,22,Medium,71,Medium,0,72
98,17,High,75,Low,1,67
94,15,Medium,94,Low,1,68
96,21,High,63,Medium,1,70
79,14,Medium,59,High,5,68
86,22,Medium,57,Medium,2,69
96,10,Medium,99,Medium,1,68
76,26,Medium,64,Medium,0,66
98,23,Medium,88,Medium,1,72
77,22,Medium,72,Medium,2,67
84,26,High,62,Low,3,70
88,30,Medium,96,High,1,73
98,26,Low,73,Medium,1,73
70,9,Medium,78,Medium,1,60
90,12,High,61,Medium,2,67
81,16,Medium,66,High,3,69
71,20,Low,87,Medium,1,65
91,23,High,67,Low,2,70
82,16,High,75,High,3,68
86,21,Low,56,Medium,1,66
73,15,High,93,Low,1,65
79,16,Medium,87,Low,1,64
85,12,High,88,High,1,67
76,14,Medium,59,High,3,65
68,12,High,75,High,1,64
98,14,High,51,High,0,67
80,26,Low,66,Medium,2,70
89,14,Low,67,Medium,3,63
76,36,Medium,96,Medium,1,71
74,23,Low,100,High,2,68
76,21,Medium,81,Medium,0,67
76,15,High,76,High,1,67
82,24,Medium,72,Low,0,68
82,17,Medium,51,High,1,66
80,21,Medium,90,Medium,0,68
65,35,Medium,84,High,0,70
80,19,Low,82,Low,5,67
67,27,Medium,90,Low,2,67
65,16,High,96,Low,2,62
97,20,High,69,Medium,0,67
84,31,High,71,Medium,4,70
86,16,High,99,High,4,72
76,31,Medium,83,Medium,2,70
96,24,High,93,Low,2,94
86,17,Medium,61,Medium,2,66
91,24,Low,66,Low,2,69
75,26,Medium,70,High,0,68
98,24,Low,66,High,2,71
93,11,Medium,94,High,4,69
94,16,Medium,76,Medium,2,67
67,19,Medium,98,Low,2,64
71,20,Medium,66,Medium,1,63
71,24,High,52,Medium,2,66
71,21,Medium,57,High,2,66
94,12,High,61,Low,3,69
61,22,Low,82,Low,4,64
63,24,Medium,59,High,1,62
71,23,Medium,69,Medium,3,66
68,26,High,90,Medium,4,70
69,25,Medium,56,High,2,67
92,23,Medium,54,Low,0,68
83,20,Low,77,High,0,67
60,10,Medium,85,Medium,0,62
77,23,Medium,96,Low,1,67
76,21,High,83,Medium,0,68
65,22,Medium,97,Low,2,64
87,12,Low,62,Medium,2,64
88,14,Medium,67,Medium,2,66
89,26,Low,92,Medium,2,72
89,20,High,91,Medium,2,72
60,24,High,83,Medium,2,66
98,20,Medium,75,Low,4,72
93,20,Medium,51,High,1,69
96,26,High,64,High,2,72
61,17,Low,58,Low,1,60
97,21,Medium,53,Medium,0,69
92,17,High,89,Medium,0,68
93,17,Medium,57,Low,3,69
64,18,Low,68,Medium,1,62
90,21,Medium,99,Medium,2,71
98,17,High,70,Medium,1,70
87,28,Low,57,Low,2,68
83,15,Medium,84,High,1,68
98,19,High,90,Medium,1,70
78,17,High,64,Medium,0,65
84,29,Medium,90,High,0,73
79,21,Medium,64,High,0,66
97,26,Medium,85,Medium,2,71
63,11,Medium,56,High,2,62
80,22,Medium,71,Medium,2,68
87,25,High,76,Medium,1,70
92,20,Low,86,Medium,0,68
83,26,Low,83,High,2,71
96,17,Medium,93,Medium,2,70
98,28,Medium,59,Medium,1,72
63,34,High,83,Medium,2,69
76,18,High,56,Medium,1,63
61,17,Medium,74,Medium,0,62
73,29,Medium,76,Medium,2,68
81,29,Medium,51,Low,2,70
96,17,Medium,54,Medium,1,69
94,17,Medium,92,Medium,2,68
65,18,Medium,64,High,2,65
64,12,Low,67,Medium,3,59
84,14,Medium,82,Medium,3,66
81,14,Medium,61,High,0,64
71,15,Medium,60,Low,5,63
96,20,Medium,71,Medium,5,72
97,21,High,53,Medium,0,67
76,29,Medium,96,Medium,2,94
96,14,High,97,Medium,2,70
75,26,Medium,72,Low,0,66
89,19,Medium,60,Low,4,69
79,20,Low,74,Medium,2,64
65,24,Medium,55,Medium,1,63
97,13,High,70,High,1,71
78,22,Medium,54,High,1,65
89,21,Medium,85,Low,1,68
75,23,Medium,64,Medium,1,64
61,22,Low,76,Low,1,64
64,35,Medium,51,Medium,2,66
80,16,Medium,76,High,1,68
88,17,Medium,50,Medium,3,67
73,16,High,96,Low,1,66
88,17,Medium,75,Medium,2,68
88,16,Medium,55,Low,3,66
88,27,Medium,67,Medium,3,71
80,29,High,52,Medium,4,71
97,17,High,77,Medium,0,68
80,15,Low,56,High,3,64
78,23,Medium,74,Medium,3,67
68,17,Medium,65,High,0,64
72,24,Low,88,High,3,68
62,21,Low,74,Medium,0,62
85,11,Low,92,Medium,0,64
70,29,High,97,Low,3,70
72,31,Medium,98,Medium,0,68
91,16,Medium,63,Medium,2,69
73,18,Medium,88,Low,3,65
70,22,High,72,Medium,2,67
67,22,Medium,71,High,2,65
91,24,Medium,93,High,0,71
65,32,Low,57,Medium,2,65
78,19,Medium,74,Medium,2,66
80,15,Medium,80,High,0,65
87,12,Medium,53,Medium,2,65
85,16,Medium,93,Low,1,68
92,20,Medium,66,Medium,2,68
62,31,Medium,83,High,0,67
72,17,Medium,96,Low,3,65
71,21,Low,86,Medium,2,66
66,20,Medium,94,Medium,0,63
72,27,High,53,High,1,70
72,35,High,75,High,1,72
81,17,High,78,Medium,2,67
87,17,Low,84,High,0,67
75,26,Medium,56,Low,1,66
89,24,Medium,83,Low,1,66
73,31,Medium,57,High,2,69
72,24,Low,53,Medium,0,62
82,18,Medium,73,Low,2,66
61,24,Medium,80,Medium,0,64
63,27,Medium,98,High,1,67
77,25,High,85,High,2,71
98,23,Medium,80,High,1,73
89,26,Low,61,Medium,0,68
64,27,Low,58,High,2,66
94,28,High,80,Medium,3,75
89,24,High,61,Medium,1,72
84,19,Low,85,High,1,68
93,21,Medium,56,Medium,1,68
76,27,High,67,Low,1,69
69,15,Medium,89,Medium,1,63
80,22,High,92,Medium,0,70
82,18,Medium,67,Low,1,66
82,20,Low,60,Low,3,66
83,28,High,98,Medium,1,72
98,21,Medium,88,Low,1,71
96,20,Medium,90,High,3,72
95,12,Medium,61,Medium,4,69
92,24,High,71,Low,2,71
98,24,Low,53,Medium,3,69
64,33,Medium,55,High,1,68
71,18,Low,61,Low,2,61
80,21,High,65,Medium,2,68
94,21,Medium,100,High,0,72
80,29,Medium,71,Medium,0,70
90,19,Medium,85,High,0,73
66,22,High,95,Medium,3,67
70,24,High,62,Medium,2,65
89,21,Medium,57,Medium,1,68
67,17,High,62,Low,3,65
74,21,Medium,94,High,1,97
71,26,Low,83,High,1,66
74,14,High,73,High,2,67
88,21,Medium,91,High,2,70
75,16,Medium,62,High,3,66
82,27,High,62,Medium,1,69
64,11,Medium,78,High,2,62
92,17,Low,90,Medium,1,68
75,22,High,63,Medium,1,67
86,29,Medium,61,Medium,0,68
89,20,Medium,74,High,1,69
68,17,Medium,57,Medium,1,62
95,31,Medium,87,High,2,75
85,11,Medium,79,Medium,2,65
77,7,Medium,76,High,2,63
67,23,Medium,94,High,1,66
98,17,High,87,Low,3,71
90,14,Medium,57,High,0,66
68,24,Medium,71,Medium,2,66
74,21,High,66,Medium,1,66
92,17,High,90,High,1,71
88,12,Medium,86,Medium,3,68
91,25,Medium,74,Medium,1,71
78,24,Medium,91,Medium,0,68
89,19,Medium,71,Low,2,68
75,31,Medium,90,Medium,2,68
68,14,Medium,52,Medium,2,62
85,11,Low,57,High,0,65
99,16,High,88,Low,2,71
72,20,High,56,Medium,0,63
78,21,Medium,84,High,1,68
87,19,Low,86,High,1,69
82,22,High,83,High,1,69
94,12,High,91,Medium,3,71
90,29,High,76,Medium,0,71
62,20,Medium,95,Medium,0,62
100,27,Low,78,Low,2,70
90,22,High,75,High,1,70
95,23,Medium,75,Medium,2,73
86,23,High,96,Medium,3,71
94,23,Low,62,Medium,2,69
64,24,High,85,Medium,0,66
74,28,Low,62,Medium,1,65
95,21,Medium,55,High,2,71
68,24,Medium,98,Medium,2,68
63,19,High,56,Medium,2,64
92,29,Low,84,Low,2,71
93,16,Medium,71,Low,0,67
67,31,Low,92,Medium,2,66
94,20,High,89,Low,1,71
87,11,Medium,57,Low,0,62
81,21,Medium,73,High,3,67
93,16,Low,51,Medium,3,67
77,25,Medium,71,Low,0,66
68,16,Medium,85,Low,1,64
71,17,Medium,62,Low,2,62
80,9,High,91,Medium,1,65
81,17,Low,53,Medium,0,63
92,5,Medium,52,Medium,2,64
92,10,High,51,Low,1,65
83,25,High,64,Medium,0,68
91,25,High,73,Medium,2,72
68,23,Medium,55,Medium,0,64
62,14,Medium,100,High,1,62
95,20,Low,100,Medium,3,69
63,20,Low,76,Low,3,64
70,13,Medium,78,High,1,61
88,29,High,96,Medium,2,72
76,25,Low,88,Medium,1,66
95,19,Low,58,High,2,69
72,20,Medium,90,Medium,2,65
60,21,Medium,62,High,2,64
72,8,Medium,72,Low,3,62
83,19,Medium,77,Medium,1,66
75,16,Low,86,Low,0,62
81,14,Medium,58,Medium,3,66
95,18,High,54,Medium,2,70
96,31,Medium,93,Medium,3,75
71,24,High,91,Low,3,67
78,17,Medium,76,Low,4,66
82,23,High,83,Medium,2,71
98,28,Medium,86,High,2,75
100,26,High,74,High,1,72
69,20,Medium,63,High,2,64
89,16,Medium,74,Medium,1,65
75,24,Medium,98,Low,1,67
60,22,Medium,92,Medium,2,63
60,25,Low,73,Medium,1,62
78,24,High,61,Low,2,69
80,26,Medium,94,Medium,1,70
61,17,Medium,82,Low,0,63
87,28,Medium,70,Medium,2,71
72,21,Low,56,Medium,0,63
82,32,Medium,88,Low,0,71
72,16,Medium,66,Medium,0,63
67,30,High,80,Medium,0,68
76,21,Low,78,Medium,0,65
69,16,High,85,High,0,66
81,17,Medium,77,Low,3,66
68,18,High,82,High,0,66
80,23,Low,54,Low,0,65
66,23,High,83,Medium,0,66
87,17,Medium,60,Medium,4,67
90,20,Medium,70,High,0,68
64,33,Low,76,Medium,2,68
79,30,Medium,84,Low,3,69
63,23,Low,87,Medium,1,64
84,20,Medium,85,Medium,0,67
71,21,Medium,55,Medium,1,63
81,24,High,69,Low,3,67
81,14,High,64,Medium,2,64
97,18,Medium,70,Low,0,66
82,10,Medium,82,High,2,65
83,22,Medium,60,Medium,4,68
76,24,High,75,Low,0,66
98,17,High,94,High,0,71
91,29,High,87,Medium,2,74
71,13,High,86,Medium,2,65
94,11,High,92,Low,0,68
77,21,High,70,Medium,2,68
93,26,Medium,88,Medium,1,72
93,30,High,53,High,3,74
68,17,High,53,Low,0,61
88,26,Low,67,Low,0,65
72,20,Low,60,High,0,63
72,19,Medium,76,High,1,66
72,25,High,59,Low,2,66
89,24,Medium,99,High,2,73
69,11,Medium,93,Medium,0,63
60,29,High,99,High,0,68
89,28,Low,90,High,3,73
67,16,High,98,Low,0,63
64,22,High,68,Medium,2,65
70,23,High,75,Low,0,66
75,22,Low,62,Low,0,65
79,17,High,82,Low,0,66
62,16,Medium,89,High,3,65
99,20,Medium,75,Medium,2,70
89,27,Medium,65,Medium,1,70
73,23,Medium,75,High,0,68
73,18,High,53,Medium,1,64
78,25,Medium,86,Medium,1,68
85,3,High,73,Low,2,62
66,27,Medium,95,Medium,1,68
68,10,Medium,96,Low,1,61
94,18,Medium,56,High,1,69
70,13,Medium,100,Medium,3,65
75,12,High,98,Medium,2,65
95,27,High,81,Medium,3,72
87,17,Medium,91,Medium,3,70
74,22,High,51,Medium,1,65
87,20,Medium,99,Medium,3,69
61,23,Low,73,High,1,65
89,20,Medium,95,Low,3,69
79,12,Medium,69,Low,2,65
93,26,High,89,Medium,0,72
98,17,Low,71,High,0,70
97,11,Medium,68,Medium,0,64
96,17,Low,97,Medium,0,67
80,29,Low,85,Medium,0,69
74,25,Medium,92,Low,4,70
79,18,Medium,77,Medium,1,65
88,18,High,96,High,1,69
95,18,Medium,87,High,5,74
68,32,Medium,54,Low,1,66
97,22,Medium,88,Medium,1,72
93,23,Low,51,Medium,0,67
99,26,High,91,Low,2,75
95,21,Low,67,Medium,3,70
71,18,Low,80,Low,1,63
64,19,Medium,87,Medium,2,65
64,20,High,82,Medium,3,64
72,20,High,84,Medium,2,65
85,24,Medium,95,Medium,2,70
92,20,Low,69,Medium,0,67
96,24,Medium,77,Medium,0,67
85,20,High,59,Medium,1,68
60,20,Medium,73,Medium,4,65
67,8,Medium,58,High,2,61
64,25,Low,82,Medium,2,63
75,22,Low,66,Medium,2,80
80,26,Medium,93,Medium,2,69
62,3,Low,67,Medium,1,55
74,33,Medium,64,Medium,2,70
67,19,Medium,75,Medium,1,65
86,27,Medium,59,Low,1,68
79,14,Low,60,Medium,3,64
80,24,Medium,89,Medium,1,69
77,14,High,75,Low,1,89
98,16,Low,60,Medium,1,67
69,31,Medium,52,Medium,2,92
81,19,High,73,High,1,67
89,21,Medium,87,Low,3,70
82,25,Low,68,High,1,68
97,23,Low,62,Medium,0,70
75,21,Medium,70,Medium,3,67
79,22,Medium,98,Medium,0,69
64,34,Medium,71,Medium,0,67
84,20,High,63,High,0,69
72,21,High,78,Medium,0,63
66,26,Medium,91,Medium,3,69
82,27,High,51,Medium,1,66
81,27,Medium,78,Medium,0,68
63,24,Medium,92,Medium,4,69
88,13,Low,61,High,4,66
85,30,Medium,96,Medium,1,72
68,13,Medium,79,Low,1,62
79,22,Medium,76,Medium,1,67
89,15,Low,98,High,0,67
81,20,High,56,High,1,67
76,22,Low,87,Medium,2,65
73,22,Low,91,High,1,67
84,23,Low,74,Low,3,66
98,30,Low,50,Low,0,70
87,23,High,76,Low,2,71
63,19,High,58,Low,2,64
78,26,High,78,Low,4,69
96,27,High,87,Medium,0,72
64,13,Low,77,Medium,0,60
100,24,Low,82,Medium,1,71
98,24,Medium,55,Medium,0,71
63,18,High,55,High,2,66
97,28,Medium,93,Medium,3,74
75,19,Medium,52,Medium,0,64
94,21,Low,64,Medium,2,68
77,19,Low,97,High,4,66
78,20,Medium,73,Medium,1,65
85,13,High,84,Low,0,64
91,11,Low,61,Medium,1,65
61,30,High,64,High,4,69
84,15,High,75,Medium,2,68
67,14,High,82,Medium,1,62
74,7,High,98,Low,3,63
74,16,Low,79,High,0,65
79,12,High,55,Low,1,62
73,30,Medium,68,Low,0,67
64,26,High,62,Low,1,64
66,16,Low,63,Medium,2,61
61,34,Medium,75,Low,1,65
79,26,Low,66,High,1,67
98,18,Low,64,High,0,70
65,5,High,98,Medium,1,59
98,34,High,79,Medium,1,75
89,12,Medium,63,Low,4,67
85,10,Medium,64,Medium,1,64
86,26,High,91,Medium,3,72
93,35,Medium,94,Medium,5,76
64,28,High,84,Medium,2,69
80,23,Medium,72,Low,0,65
88,24,Medium,88,High,2,72
83,25,High,97,Medium,0,69
93,25,Medium,58,High,0,71
63,22,Medium,93,High,0,64
88,21,High,92,High,2,74
81,20,High,68,Medium,0,68
75,15,High,65,Medium,1,66
74,18,Medium,78,Medium,0,65
85,10,Medium,64,High,2,67
96,19,Medium,57,Medium,0,69
80,14,Low,98,High,2,66
93,13,High,75,Medium,1,69
76,21,Medium,74,Medium,2,67
64,28,Medium,56,Medium,1,64
62,26,High,75,High,2,67
62,11,High,87,Low,3,61
75,14,Low,62,Medium,0,61
73,26,Medium,68,Medium,4,68
89,14,High,59,Low,2,66
90,19,Medium,68,Medium,0,66
62,23,High,93,Medium,2,68
69,14,High,62,Low,1,63
71,21,Medium,51,Medium,3,66
82,12,Medium,77,High,0,66
66,16,Medium,79,High,0,66
65,22,Medium,66,Medium,2,65
98,10,Medium,82,Medium,2,69
92,23,High,52,Medium,1,71
67,20,High,67,High,1,66
76,23,Medium,57,Medium,1,66
74,21,High,61,Medium,0,65
92,28,Medium,69,Low,4,71
80,21,High,75,Medium,3,69
65,17,Low,55,Low,2,61
90,21,Medium,55,High,1,70
76,23,Medium,84,Medium,2,70
71,20,Medium,70,Medium,0,65
75,20,Low,59,Medium,2,64
80,16,High,62,High,0,68
74,16,Medium,86,Low,1,63
70,12,High,53,Medium,2,63
76,30,Medium,75,Medium,3,71
61,13,Low,68,High,1,58
91,16,Medium,91,Medium,1,68
67,16,High,90,Medium,1,65
62,25,Medium,84,Medium,2,65
86,18,Low,69,High,2,68
91,27,High,82,Low,0,69
93,16,Medium,82,Medium,5,71
80,22,Medium,67,Low,2,65
68,15,Medium,94,Low,0,64
89,33,Medium,99,Low,2,75
88,13,Medium,66,High,1,67
70,22,High,90,Medium,1,68
96,24,High,75,High,1,72
64,22,Medium,73,Medium,3,67
99,19,Medium,69,High,1,72
94,19,Low,65,Medium,1,69
88,20,Low,96,Low,0,68
98,19,Medium,87,Medium,0,70
89,26,Medium,72,Medium,1,69
68,33,Low,88,Medium,2,67
78,17,Medium,86,Medium,0,63
63,12,High,63,Medium,4,61
76,19,High,59,Medium,1,66
90,35,Medium,92,High,0,73
75,15,High,91,Medium,0,67
73,30,Medium,100,High,2,72
84,30,Medium,51,High,1,69
95,17,High,77,Low,2,69
62,23,High,85,Low,1,63
75,30,Medium,79,Medium,0,67
66,18,Medium,86,Medium,0,63
88,19,High,57,Medium,1,66
64,17,Medium,50,Medium,2,62
87,14,Medium,55,Medium,2,68
71,16,High,69,Medium,1,65
68,13,Low,66,Low,0,59
97,20,Medium,94,High,1,72
61,15,High,54,Medium,0,63
78,21,Medium,72,Medium,1,68
61,11,Medium,98,Medium,0,61
79,22,Medium,75,Low,1,65
80,25,Medium,57,Medium,2,68
73,8,Medium,65,Low,1,61
65,22,Low,81,Low,1,63
75,27,Medium,51,Medium,1,67
87,13,Medium,98,Low,0,66
91,30,Medium,78,Medium,3,75
81,23,Medium,85,Medium,0,68
84,16,Medium,75,Low,2,65
68,20,Medium,98,Low,0,64
71,23,Medium,79,High,2,67
66,20,Medium,83,Low,2,64
70,23,High,93,Medium,0,67
69,14,High,93,Medium,2,63
81,21,Medium,51,High,0,67
83,12,Low,64,High,1,65
98,19,Low,62,High,1,70
68,15,Medium,50,Medium,2,62
86,16,Medium,94,High,2,69
93,27,Low,66,Medium,2,70
82,27,Medium,67,Medium,1,68
70,24,High,55,Medium,4,68
71,13,Medium,99,Medium,0,64
62,18,High,91,Low,4,63
72,27,Low,79,Low,2,68
90,21,Low,89,High,1,67
62,34,Low,89,High,3,68
69,22,High,83,Medium,1,66
88,21,Medium,59,Medium,2,67
91,18,Medium,86,High,1,69
78,21,Medium,78,High,2,68
88,19,High,86,Medium,4,70
76,24,Medium,77,Medium,3,68
66,26,Medium,98,Low,2,66
76,15,High,81,Medium,2,67
83,12,Medium,79,Medium,1,65
98,9,Medium,92,Medium,0,67
63,23,Medium,69,Medium,2,63
80,13,High,66,Low,2,64
73,7,Medium,75,High,3,64
80,22,Low,79,Low,0,66
61,35,High,61,Medium,2,68
73,20,Medium,84,High,0,67
93,25,High,90,Medium,1,72
82,20,Medium,79,Medium,1,67
78,19,Medium,76,Medium,2,66
71,26,Low,65,High,1,66
72,18,High,95,High,1,67
75,22,Medium,88,Medium,0,65
93,22,Medium,74,High,2,70
99,16,Medium,83,Low,0,69
78,26,High,67,High,1,69
76,19,Medium,53,High,1,66
94,15,Low,60,Medium,2,66
77,23,High,54,High,1,67
82,15,High,75,Medium,1,67
69,20,Medium,81,Medium,2,67
90,20,High,69,High,2,72
81,27,Low,77,Medium,1,68
92,23,Low,54,Medium,3,70
91,20,Medium,88,Medium,1,69
69,25,Low,52,High,1,65
89,28,High,82,High,0,72
92,23,High,72,Medium,0,69
74,20,Medium,59,Medium,5,68
67,12,High,76,High,1,62
60,14,Low,89,Medium,2,60
78,18,Medium,71,High,3,67
74,16,High,68,High,2,67
82,19,High,57,Medium,1,67
68,20,Medium,80,Medium,0,63
94,23,Low,91,Medium,1,71
70,20,Medium,78,Medium,0,66
69,23,Medium,58,Medium,0,65
79,20,Medium,83,High,2,69
80,8,Low,52,High,2,63
69,14,Medium,92,Medium,3,64
71,19,High,96,High,2,67
67,13,Medium,80,Medium,1,62
89,24,Low,94,Medium,2,68
91,29,High,54,Medium,2,71
78,27,Medium,61,High,1,66
89,19,High,66,Medium,1,69
89,29,Low,89,Medium,1,71
66,21,Medium,74,Medium,2,66
99,18,Medium,67,Medium,5,72
93,16,Medium,58,Medium,1,70
68,18,Medium,91,Low,1,65
67,18,Medium,51,High,0,64
65,21,Medium,67,Medium,1,63
66,21,Medium,62,Medium,3,63
90,20,Medium,56,Low,3,66
79,23,High,59,High,1,68
91,27,High,75,Medium,1,74
90,26,High,71,High,0,71
84,11,Medium,76,High,3,67
87,5,Low,86,High,2,66
61,26,Medium,95,High,0,67
72,12,High,56,Low,3,62
86,19,Low,54,Medium,1,68
60,13,Medium,66,Medium,2,62
61,9,Medium,77,High,1,82
94,23,Medium,55,High,2,70
87,25,Medium,86,High,4,72
71,17,High,78,Low,0,64
88,4,High,87,Medium,1,66
92,17,Medium,68,Medium,0,68
72,22,Medium,70,Low,1,64
61,11,Medium,90,Low,0,61
97,21,Medium,63,Medium,0,69
74,20,High,69,High,2,68
64,23,Medium,51,Medium,1,64
80,21,High,78,Medium,1,67
91,14,Medium,93,Medium,0,67
69,27,Medium,51,Medium,1,65
71,19,Medium,81,High,2,68
70,20,High,92,Medium,2,67
100,14,Medium,75,Low,1,67
68,17,High,66,Medium,1,64
83,15,High,100,High,0,70
97,19,High,53,Medium,2,69
66,30,High,61,Medium,0,66
99,12,Medium,94,Low,2,69
98,10,Medium,65,Low,1,66
95,29,Medium,91,High,1,73
69,19,Medium,67,Medium,4,66
85,16,High,91,Medium,0,69
90,26,Low,84,Medium,1,70
99,16,Medium,73,High,1,71
67,31,High,76,Low,2,70
91,24,Low,59,High,0,69
74,17,Medium,56,Medium,1,63
67,33,Medium,86,High,4,71
77,16,High,92,High,2,67
92,24,Medium,86,Medium,3,73
79,22,High,96,Low,1,68
82,28,Medium,95,Low,0,69
100,29,High,89,High,2,76
76,20,Medium,95,Low,4,68
85,15,Medium,58,Medium,1,65
75,23,Medium,87,Medium,0,66
76,16,Low,88,Medium,0,65
88,32,Medium,58,Low,3,69
98,21,Medium,95,High,0,71
82,18,Low,50,High,1,66
91,21,High,72,Medium,3,69
64,12,Medium,51,Medium,2,59
68,14,High,76,Medium,2,65
80,27,High,71,High,4,72
61,16,Low,81,Medium,0,60
70,14,Medium,88,Medium,0,64
81,23,Medium,88,Medium,1,69
61,27,High,86,High,3,70
71,24,High,55,Medium,2,67
81,26,Medium,71,Medium,0,67
83,15,Low,91,Medium,0,64
97,11,Medium,83,Medium,4,68
86,29,High,84,Medium,1,72
77,18,High,61,Medium,1,65
97,18,High,66,Medium,2,70
91,28,Medium,98,High,2,75
68,23,Low,92,Low,3,65
65,23,High,58,Medium,1,63
87,33,High,77,Medium,0,71
82,16,Low,75,Medium,2,66
92,26,Low,72,Medium,1,69
90,20,Medium,74,High,0,68
85,22,High,82,Medium,1,71
99,29,Medium,98,High,5,77
81,23,Low,94,High,1,70
65,23,Medium,94,Medium,1,66
93,26,Medium,85,High,1,73
70,18,Medium,51,Medium,1,62
91,15,Medium,72,Medium,0,65
98,14,High,76,High,0,71
88,8,Medium,92,Medium,1,66
84,32,Medium,96,Low,1,72
78,13,Medium,73,Medium,0,64
75,19,Medium,65,Medium,0,63
74,18,Medium,67,Low,0,63
85,22,Medium,79,High,5,72
90,25,Medium,64,Medium,2,71
87,25,High,96,High,3,72
68,17,High,71,Medium,1,65
80,19,Medium,100,Medium,0,67
92,22,High,55,Low,1,68
79,19,High,59,Medium,2,66
81,30,High,76,Medium,0,72
91,23,Medium,93,High,3,71
86,24,High,68,Medium,3,70
76,24,Medium,92,Medium,1,68
96,27,High,71,Medium,0,72
67,21,Medium,93,Low,1,66
100,12,Medium,64,Medium,1,69
65,22,Medium,74,Low,2,65
61,16,High,64,High,1,62
96,17,High,61,High,1,69
70,24,Medium,71,Medium,1,65
89,27,Low,67,Medium,2,69
92,20,High,89,Low,1,69
94,22,Medium,87,High,2,73
100,30,Medium,68,High,2,75
72,21,High,100,High,3,70
88,36,High,99,Medium,0,74
65,23,Medium,96,Medium,0,65
76,9,Medium,79,Medium,1,63
94,25,High,71,High,4,74
75,22,High,66,High,0,67
84,28,Medium,51,Medium,3,71
80,24,Low,82,High,1,68
86,19,Medium,78,High,2,69
99,13,High,81,Medium,0,71
62,19,Medium,79,High,7,66
83,15,Medium,57,Medium,0,65
95,17,Low,85,Medium,1,66
79,24,Low,68,Low,2,65
63,30,Medium,76,Medium,1,67
82,22,Medium,68,High,2,70
73,13,Medium,51,Medium,1,63
66,23,Low,94,Low,1,64
94,27,Medium,57,Medium,1,71
81,16,High,79,Medium,2,68
97,19,Low,94,Medium,2,72
92,20,High,61,Medium,2,71
88,15,Low,71,Low,1,64
60,24,Low,69,High,1,64
77,19,Medium,54,High,3,66
68,23,High,71,Medium,3,68
96,15,Medium,74,High,2,68
67,17,Medium,51,High,3,65
71,24,Medium,74,Medium,1,67
81,18,Low,55,Medium,3,64
71,30,Medium,95,High,1,70
68,18,High,83,Medium,1,65
84,21,Low,53,Medium,2,65
64,26,Medium,91,High,1,68
62,11,High,68,Medium,2,61
75,9,Low,61,High,3,63
89,11,Medium,63,Medium,0,65
82,28,Medium,80,Medium,1,69
77,17,Medium,54,Medium,1,64
83,35,Low,53,Medium,1,69
75,17,Medium,81,High,3,67
97,21,High,99,Medium,1,74
62,29,Medium,74,High,1,66
87,32,High,71,Medium,0,72
96,32,Low,97,Medium,1,73
92,27,Medium,62,High,0,73
67,26,Medium,62,Low,0,63
72,24,Medium,95,High,3,69
89,25,Low,82,Low,2,71
63,17,Medium,53,High,1,63
92,15,High,84,Medium,0,69
89,20,High,91,High,3,72
89,19,Low,64,High,2,68
64,17,High,69,Low,1,62
89,24,High,60,Low,1,68
87,26,Medium,82,Medium,1,71
93,21,Low,83,Medium,1,67
62,29,High,53,Low,0,65
61,13,Medium,84,Low,1,60
75,19,High,83,Medium,2,68
66,16,Medium,52,Low,1,59
82,9,Medium,78,High,0,64
97,20,Medium,81,High,2,71
76,19,High,72,High,2,68
94,29,Medium,95,Low,2,70
60,24,Low,66,Low,1,62
67,14,Medium,53,Medium,2,62
61,31,Medium,84,High,2,68
73,27,Medium,80,Medium,3,68
96,23,Medium,99,Medium,3,74
64,19,Medium,62,Low,0,61
84,14,Medium,70,Medium,1,67
78,18,Low,73,Medium,1,65
98,27,Medium,93,Low,5,100
65,31,Low,71,Medium,1,65
68,29,Medium,89,Medium,0,67
61,17,High,58,Medium,2,61
77,13,Medium,70,Medium,3,64
71,21,Low,58,High,1,64
95,9,Medium,97,Medium,1,67
84,22,Medium,59,Medium,0,69
85,19,Medium,71,High,1,69
81,17,Medium,54,High,4,67
64,10,High,96,Medium,1,62
78,23,High,81,Low,0,66
100,17,Medium,98,High,0,72
93,13,Medium,52,Medium,2,67
96,3,High,59,High,2,66
93,20,Low,69,Low,2,67
64,31,Low,81,High,1,67
69,30,Medium,66,Medium,0,68
60,17,Medium,86,High,0,63
72,16,High,58,Medium,1,62
64,23,Medium,80,High,3,65
79,14,Medium,70,Medium,1,65
87,22,High,75,Medium,0,70
95,25,Medium,78,Low,7,73
90,27,Medium,53,High,1,73
98,19,Low,96,Medium,2,68
62,19,Low,89,Medium,3,63
60,15,Low,72,Medium,2,62
86,15,Medium,77,High,0,69
72,19,High,52,Medium,2,66
70,22,High,75,Medium,0,68
73,25,Medium,71,High,0,67
71,15,High,69,High,2,65
80,29,Medium,91,Low,1,70
78,18,Medium,59,Low,0,64
80,20,Low,59,Low,2,65
87,16,Medium,76,Medium,1,67
75,5,Low,84,Medium,0,62
70,25,Medium,51,Medium,3,66
67,24,High,77,High,0,68
74,18,Low,65,Medium,0,64
90,20,Low,88,High,3,69
90,23,Medium,73,Medium,1,69
87,11,Medium,92,Medium,1,67
69,17,Medium,70,Medium,0,61
84,25,Medium,91,High,1,70
83,12,Medium,86,Low,1,65
79,22,Medium,91,Medium,0,66
82,12,Medium,91,Low,3,66
80,23,High,74,Medium,4,69
83,20,Medium,68,Medium,1,67
89,10,High,88,High,2,71
64,27,High,68,High,1,68
90,16,Medium,54,Medium,2,67
65,15,Medium,93,High,2,63
63,21,Medium,70,Medium,1,64
99,27,Medium,57,High,3,73
98,14,Medium,82,Medium,1,69
62,20,Low,94,High,1,65
78,23,Low,93,High,0,70
67,24,Medium,78,High,1,67
79,21,Low,54,Medium,3,67
93,18,High,85,Medium,0,70
98,15,Low,80,High,2,69
85,21,Medium,61,High,2,68
74,14,High,95,Medium,1,66
84,2,High,54,Low,3,62
72,23,Medium,69,Medium,2,67
96,25,Low,55,Medium,2,71
95,6,Medium,96,High,4,68
82,14,Medium,52,High,3,66
73,24,Medium,71,Low,0,64
72,32,Medium,93,High,1,71
61,20,Low,63,Low,1,61
93,16,High,55,Medium,2,67
78,19,Low,56,Medium,3,65
73,28,Medium,70,High,0,66
79,16,High,71,High,2,68
93,15,Medium,86,Medium,0,66
65,17,Medium,62,Medium,2,63
94,14,Low,85,Low,1,66
96,21,High,100,Medium,1,73
98,30,Low,93,Medium,1,88
76,22,Medium,82,Medium,0,67
69,18,High,97,High,2,69
75,18,Low,100,Medium,2,67
73,11,High,79,Medium,1,64
67,25,High,64,Medium,0,64
84,20,Medium,96,Low,1,65
79,19,Medium,92,Medium,1,68
95,39,High,54,Medium,2,77
61,22,Medium,97,Medium,0,63
86,15,High,68,High,0,69
91,17,Medium,66,Medium,3,69
90,27,Low,67,Medium,2,70
95,21,Medium,66,High,1,73
89,11,Low,76,Medium,1,66
97,26,Low,79,Medium,2,71
73,16,Low,71,Medium,2,66
80,31,Medium,71,Medium,2,71
61,26,Low,87,Medium,3,66
60,17,High,50,Medium,0,63
70,28,High,97,High,5,70
64,20,Medium,86,High,1,66
70,25,Medium,85,Medium,1,66
67,23,Medium,71,Medium,2,66
61,15,Medium,98,Medium,1,62
96,16,Medium,50,Medium,1,69
60,26,High,54,Low,1,63
89,18,Low,90,Medium,1,68
66,18,High,87,Medium,1,64
96,14,High,64,Low,2,69
96,23,Medium,80,Low,3,71
86,32,Medium,77,Medium,2,71
87,14,Medium,76,Medium,1,66
60,20,Medium,80,Medium,2,63
99,28,Medium,100,Low,0,72
95,20,Medium,99,Medium,1,70
96,23,Low,99,Medium,0,71
86,14,Low,77,Low,3,65
74,23,Low,66,Medium,0,65
96,19,Medium,78,Low,1,67
72,26,Medium,81,High,0,68
83,27,Medium,66,Medium,3,70
64,36,Medium,82,Medium,2,70
97,23,High,81,Low,2,72
66,22,High,95,Medium,1,65
69,21,Medium,62,Medium,2,65
82,18,Medium,85,High,3,71
91,22,High,73,High,3,74
85,18,Medium,56,Low,0,64
69,21,Medium,66,Medium,1,64
60,28,High,53,Medium,3,65
90,14,Medium,66,Low,1,67
99,27,Medium,53,High,2,73
92,28,High,96,Low,1,72
78,19,Medium,55,Medium,0,65
96,7,High,91,Medium,0,67
76,16,Medium,95,Medium,2,66
81,28,Medium,73,High,0,70
79,20,Medium,53,High,2,66
78,14,High,80,High,1,66
91,17,Low,62,Medium,3,68
81,25,Medium,59,Low,3,68
73,23,High,78,High,0,67
70,19,Medium,68,High,1,65
62,18,Low,87,Medium,4,64
83,18,Medium,80,High,1,70
69,14,Medium,91,Low,0,63
66,30,High,53,Medium,2,65
86,18,Medium,62,Low,4,67
87,27,Medium,78,Medium,3,71
90,29,Medium,94,High,1,73
80,26,Medium,91,Medium,1,67
96,17,Medium,84,High,2,72
97,22,Medium,79,Medium,2,71
92,20,High,82,Medium,0,72
85,15,High,61,High,1,68
72,22,Low,80,Low,2,65
99,13,Medium,75,High,1,68
71,27,Low,69,Medium,1,67
68,17,Medium,94,Medium,1,66
78,21,Low,91,Medium,0,64
62,22,Medium,54,High,3,65
99,18,Medium,99,Medium,0,69
84,24,Medium,61,Medium,2,68
82,17,High,61,High,3,69
86,25,Medium,97,Medium,1,70
80,12,Medium,72,High,1,65
61,21,Medium,90,Medium,2,63
84,32,Medium,64,Low,1,71
89,14,High,94,Medium,0,68
77,16,Medium,92,Medium,5,70
90,23,High,76,Medium,2,72
69,21,Medium,85,Medium,3,64
69,22,Medium,98,Low,0,64
66,23,Low,73,Medium,2,66
75,24,High,75,Medium,0,69
94,27,Low,86,Medium,2,71
93,22,High,69,Medium,0,69
75,19,Medium,98,High,1,67
84,24,Medium,52,Low,0,66
89,31,Medium,70,Medium,2,71
70,19,Low,86,Medium,2,63
67,14,Low,71,Medium,0,62
99,27,High,63,Medium,0,73
85,19,Medium,71,High,1,66
99,7,Medium,94,High,3,72
74,25,Low,77,High,1,67
88,17,Low,67,Low,0,65
69,19,Medium,84,Medium,2,66
70,22,Medium,81,High,3,68
80,21,High,78,Medium,1,69
73,24,Medium,70,High,0,68
67,17,High,54,Medium,0,61
71,23,Low,81,High,3,68
61,18,Low,71,High,3,64
88,24,Low,71,Medium,1,67
80,24,High,62,Low,3,68
64,14,High,62,Medium,1,61
67,27,Low,89,High,1,66
64,17,Low,74,High,2,64
85,25,Medium,55,Low,3,67
64,22,High,52,Medium,2,64
90,31,High,61,High,0,72
61,19,Medium,74,Medium,2,62
70,18,Medium,81,High,2,63
96,20,High,57,High,1,70
89,18,Medium,72,High,3,69
63,25,Medium,54,Low,3,64
93,10,Medium,52,Low,2,66
80,14,Medium,93,Low,3,67
94,14,High,83,High,4,71
84,26,High,89,Medium,0,70
87,30,Medium,59,Low,2,69
100,19,Low,66,Medium,0,68
69,19,High,72,Medium,1,64
85,20,Medium,83,High,3,70
78,27,Low,77,High,0,69
62,14,Medium,78,Medium,0,63
61,21,Medium,58,Low,1,60
65,26,Low,74,High,2,65
86,23,Medium,91,Medium,0,67
83,21,Low,75,Medium,1,66
82,26,High,60,Low,3,68
61,4,High,71,Low,0,58
79,24,High,88,Low,0,67
97,16,Medium,57,Medium,0,68
76,9,Medium,79,Medium,1,62
85,23,High,98,Low,2,69
91,28,High,69,Medium,1,73
91,19,Low,52,High,2,66
81,26,Medium,82,Low,0,67
94,30,Medium,52,Medium,1,71
76,28,Medium,60,Medium,1,66
96,30,Medium,52,High,0,74
70,24,High,59,Medium,2,67
71,20,Medium,93,High,2,68
62,10,Medium,87,Medium,2,61
92,19,High,67,Medium,2,69
77,15,Medium,95,Low,4,65
69,33,High,83,Medium,2,71
69,19,Low,72,Medium,1,61
96,21,High,53,Medium,0,70
93,23,Low,87,Medium,2,70
82,20,High,69,Medium,1,69
85,30,Low,65,High,2,70
79,16,Medium,64,High,4,67
76,21,Medium,50,Low,2,63
97,16,Medium,87,Medium,1,70
65,12,Medium,57,Medium,1,61
77,16,High,76,Low,1,64
74,20,Medium,51,Medium,2,65
80,17,Medium,81,Medium,1,65
78,16,Low,68,Medium,3,66
81,12,High,82,High,1,66
66,20,Medium,54,Low,2,63
81,11,High,63,Low,3,66
70,25,Medium,56,Medium,0,64
67,20,Low,82,High,3,65
63,11,Medium,55,High,3,62
91,18,High,81,Low,4,71
77,15,Medium,57,Medium,1,63
85,22,High,97,Medium,0,70
89,28,Low,71,Medium,2,70
87,9,Medium,56,Medium,1,65
79,21,High,52,High,1,66
76,19,Low,66,Medium,2,66
75,24,Low,95,Medium,0,68
86,21,High,57,High,1,68
80,15,Medium,90,High,4,69
94,18,Medium,71,Medium,3,71
95,15,Medium,90,Medium,2,69
67,26,High,94,Medium,0,68
65,20,High,100,Medium,2,67
85,31,Medium,53,High,2,72
72,20,Medium,90,High,2,68
61,16,Medium,53,High,0,60
96,11,High,66,Medium,2,68
69,9,Medium,82,High,1,65
97,10,High,72,Low,0,67
89,22,Medium,78,Low,4,70
91,23,Low,98,Medium,0,70
68,11,Medium,91,Medium,3,61
69,25,Low,68,High,2,68
81,17,High,80,Medium,1,67
67,21,High,52,Medium,3,62
72,30,Low,73,Medium,0,66
73,25,Medium,80,High,3,69
66,18,High,86,Medium,2,66
68,15,Medium,95,Medium,0,64
92,7,Medium,64,High,1,66
67,16,Medium,95,Medium,2,63
61,19,High,83,Low,1,62
85,14,Medium,54,Medium,1,65
99,19,High,69,Low,0,68
73,20,High,74,High,1,65
65,19,High,68,Medium,1,63
83,16,High,56,High,3,68
96,21,High,78,Medium,2,72
91,23,Low,57,High,2,69
85,13,Medium,96,Low,1,66
73,28,Low,93,Low,2,68
82,19,Low,74,Low,1,64
64,20,Low,53,Medium,1,61
87,24,Medium,78,Low,0,67
89,21,Low,80,Medium,0,68
99,26,Medium,94,Medium,2,74
70,22,High,53,Medium,3,67
61,16,High,85,Medium,2,64
82,22,High,78,Low,3,69
88,13,Medium,59,High,0,63
92,21,Medium,56,Medium,0,67
68,20,Medium,85,High,1,65
70,19,Medium,67,Medium,5,67
81,19,Medium,100,High,1,68
73,9,Low,95,Medium,3,62
94,17,Medium,78,High,1,70
79,21,High,82,Low,1,67
92,21,High,58,High,2,89
83,14,Medium,95,High,1,65
91,28,Medium,73,Low,2,69
73,15,Medium,76,Medium,2,64
93,26,Low,94,High,6,74
71,23,High,50,Medium,0,64
82,16,High,75,Low,0,64
69,31,Low,81,Medium,2,67
79,13,Low,58,Low,2,63
73,26,Medium,53,High,3,68
71,26,Medium,77,Low,0,66
99,16,High,77,Low,0,68
66,28,High,67,Medium,1,68
91,18,Medium,94,Medium,3,69
99,22,Low,65,High,3,71
61,22,High,76,Low,1,65
88,19,Medium,59,Low,2,67
70,25,Medium,51,Medium,1,65
62,25,Medium,71,High,0,65
76,10,Low,76,Medium,1,80
97,28,Medium,88,Medium,2,74
60,10,Medium,72,Medium,3,59
84,26,Medium,64,Medium,2,69
80,27,Low,80,Medium,0,66
95,13,Medium,69,Medium,1,66
63,18,High,62,High,2,65
87,13,Medium,96,High,3,67
87,19,High,77,High,3,69
87,18,Low,60,Medium,2,68
98,25,Medium,84,Medium,1,73
93,28,High,90,Low,1,71
62,28,Medium,88,High,0,67
79,17,Medium,80,Medium,1,67
76,19,Low,76,High,0,66
72,10,Low,89,Medium,3,63
78,15,High,85,High,1,65
75,26,Low,79,Medium,2,67
77,30,Low,83,Medium,1,69
99,13,Medium,58,Medium,1,67
64,16,Medium,51,High,4,66
97,20,High,97,High,2,74
79,22,Medium,97,High,2,69
85,15,Medium,89,Low,0,66
93,23,Low,69,High,0,69
74,17,Medium,58,Medium,1,63
77,20,Low,68,Medium,0,65
76,23,Medium,86,Low,1,64
75,20,Medium,67,Low,0,64
97,17,High,90,Low,2,69
93,19,High,84,High,5,73
64,19,Medium,81,Medium,1,62
64,18,Low,97,Low,2,62
77,18,Medium,95,Medium,0,68
64,30,Medium,86,Medium,1,66
85,23,High,60,Low,2,68
66,18,High,97,Low,4,66
81,24,Medium,61,Low,3,69
60,18,Medium,69,Medium,0,62
73,27,Medium,91,Low,2,68
87,22,Medium,60,Medium,2,67
79,19,Medium,82,Low,1,65
99,23,Medium,73,Low,0,69
95,11,Medium,81,Medium,2,67
74,13,Low,98,Low,0,64
62,13,Medium,90,Low,3,62
94,21,Medium,65,Medium,5,71
96,30,High,53,Medium,0,72
93,33,High,98,High,0,74
65,24,High,79,Low,1,66
100,23,Low,59,High,2,72
70,9,Medium,81,High,1,65
89,17,Medium,52,High,0,67
96,15,High,59,Medium,2,70
69,16,Medium,82,High,0,62
96,19,Low,70,Low,0,66
72,17,Medium,66,Low,2,65
99,8,High,83,Low,2,70
71,24,High,93,High,2,69
98,14,Medium,84,Medium,3,70
62,21,High,73,High,2,66
88,32,Low,83,Medium,1,73
81,14,Medium,85,High,3,69
79,5,High,89,High,3,66
69,18,Medium,65,High,4,65
88,27,Low,56,Medium,2,70
68,32,High,84,High,0,70
82,13,Medium,56,High,2,67
70,23,High,73,Medium,1,68
98,17,Low,62,Medium,1,68
61,19,Medium,67,High,0,61
68,36,Medium,74,Medium,2,70
70,11,High,95,High,0,65
77,22,Medium,84,Low,3,66
69,23,Medium,59,Medium,3,67
80,27,Low,94,Low,3,69
95,21,High,75,Medium,1,69
88,22,Medium,60,Medium,1,67
83,18,Low,76,High,0,66
64,22,Medium,60,Low,1,63
88,18,Medium,68,High,0,67
67,24,Low,90,High,0,64
91,18,Low,83,Medium,2,68
70,22,High,74,Medium,2,65
77,20,Low,61,Medium,2,65
74,27,Low,64,Medium,1,65
94,20,Medium,99,Low,0,70
65,9,High,67,Medium,1,62
83,28,Low,81,High,0,68
66,15,High,75,Low,0,62
88,16,High,51,Medium,0,68
96,16,Medium,97,High,0,72
77,28,Medium,54,High,1,70
80,7,Medium,83,High,3,62
97,39,High,91,High,2,79
81,26,High,87,Medium,2,73
80,21,High,90,High,1,68
83,20,Medium,87,High,0,68
88,22,Medium,72,Medium,2,69
64,23,Low,95,Medium,1,63
93,24,Medium,96,Medium,5,74
77,23,Medium,72,Medium,2,69
63,21,Low,74,Medium,0,61
91,19,Low,74,Medium,4,69
75,19,Low,64,Medium,2,64
64,19,Medium,56,Medium,2,63
85,27,High,63,Low,1,68
95,24,Medium,92,High,2,72
96,2,High,77,Low,3,65
98,24,Low,93,Low,2,69
95,21,Low,87,Medium,2,70
60,20,Medium,67,Medium,1,63
75,18,Medium,59,Low,0,62
93,27,Medium,78,Medium,1,72
75,26,High,97,High,1,69
84,15,Medium,92,Medium,2,66
84,22,Medium,88,Medium,2,71
75,14,Low,88,Low,2,62
96,12,Low,76,Medium,2,68
80,16,Low,58,High,0,63
79,25,Medium,64,Medium,0,66
100,26,Medium,79,High,1,75
80,23,Low,66,Medium,1,69
67,24,Medium,89,High,2,68
81,23,Medium,69,High,5,69
93,16,Low,56,High,2,67
91,23,Medium,89,High,3,73
92,25,High,85,Medium,1,71
88,25,Medium,63,High,2,71
70,27,Medium,99,Medium,2,68
94,24,Low,70,High,1,70
96,22,High,84,Low,1,71
68,26,High,96,Medium,1,69
65,20,Medium,58,High,3,63
99,15,Medium,94,Low,2,71
95,19,Medium,85,Medium,2,69
96,16,Medium,58,High,2,71
95,16,Low,83,Medium,2,68
82,19,Medium,94,Medium,1,68
86,15,Low,90,Medium,0,66
82,18,Medium,88,Medium,3,67
62,9,High,58,Low,0,59
90,21,Medium,60,Low,1,66
80,20,Low,77,Low,0,64
86,15,Medium,79,Medium,1,64
80,24,High,97,Medium,0,69
80,26,Low,73,High,1,69
67,10,Medium,65,Medium,3,61
71,15,High,60,High,0,62
66,15,Medium,53,Low,2,61
68,14,Medium,53,Medium,1,63
99,25,Low,79,Medium,2,71
66,19,High,59,High,1,65
71,18,High,93,High,1,68
84,8,High,80,High,1,67
84,24,High,93,Low,2,70
66,13,Medium,71,High,3,64
92,20,High,80,Medium,0,71
91,22,Medium,76,High,2,71
69,28,High,99,Medium,0,67
72,12,Low,90,Medium,0,63
98,2,High,80,Low,2,66
93,21,Low,80,Medium,3,70
88,31,Low,62,Medium,2,70
63,27,Medium,87,Low,3,67
77,21,Medium,99,Low,3,69
82,17,Low,56,High,3,66
67,25,High,82,Medium,1,67
78,14,Medium,76,High,0,65
84,23,High,93,High,1,72
73,23,High,50,High,1,68
91,26,Medium,57,High,3,72
94,37,Medium,52,High,1,76
73,22,Low,58,Medium,4,65
94,17,Medium,85,Low,1,68
64,20,Medium,57,Medium,3,65
94,9,Medium,81,Medium,0,66
66,16,Medium,93,Low,7,63
63,18,Low,52,Medium,2,63
86,17,Medium,51,Medium,2,66
79,21,Low,99,High,2,69
96,15,High,84,Medium,3,72
75,27,Low,57,Medium,3,66
71,20,Medium,65,Medium,2,64
80,20,Low,99,Medium,0,67
78,18,High,61,High,1,67
74,21,Medium,88,Low,1,66
88,25,Low,62,Medium,2,68
90,15,Medium,70,Medium,0,65
94,16,High,94,Medium,2,71
99,18,High,51,Medium,1,71
71,12,Medium,65,Medium,1,62
89,15,High,74,Medium,2,69
76,17,Low,81,Medium,4,65
87,25,Low,51,High,3,70
79,22,Medium,71,Medium,2,66
100,21,Medium,67,Medium,0,70
89,25,High,51,Medium,2,70
98,19,High,68,Low,1,69
93,22,Low,97,High,2,71
96,19,Medium,64,Medium,1,69
93,22,Medium,79,High,2,73
78,17,Medium,65,Medium,1,65
70,5,High,55,High,3,62
75,19,High,64,Medium,2,67
61,29,Medium,74,Low,1,65
81,26,Medium,65,Low,1,65
80,26,High,81,Medium,0,70
81,27,Medium,97,Medium,1,70
99,21,High,53,Medium,0,71
96,21,Low,86,High,1,71
66,16,Medium,50,Medium,1,62
75,18,Low,50,Medium,4,65
77,24,Medium,57,High,3,84
74,27,Medium,74,Medium,2,68
92,19,Medium,52,High,3,70
81,17,High,86,Medium,1,68
83,20,Medium,51,Medium,2,67
94,24,Medium,75,Low,1,69
92,11,High,84,High,2,68
65,6,High,62,High,3,59
89,17,Low,79,High,0,67
77,13,High,63,Medium,0,63
72,17,High,61,High,1,65
62,19,Medium,91,Medium,1,63
79,17,Medium,67,Medium,1,64
74,29,Medium,91,High,3,72
70,22,Medium,61,Low,1,63
88,22,Medium,68,Medium,2,66
91,24,Medium,55,Medium,0,67
70,13,High,75,High,1,66
62,26,Medium,69,Medium,2,66
94,20,Medium,50,Medium,1,68
60,24,High,73,High,1,66
97,14,Medium,54,Medium,3,68
85,11,Medium,92,Medium,2,65
73,25,Medium,75,Medium,0,67
70,22,Low,85,High,0,64
60,15,High,91,Low,0,59
69,15,Medium,53,Medium,0,60
66,27,High,67,Low,1,65
84,13,Medium,51,Medium,0,64
67,30,High,52,Medium,1,66
81,15,Medium,52,Medium,0,65
84,24,Medium,74,Medium,2,69
72,18,High,73,High,0,66
61,24,Medium,53,High,1,65
61,17,Medium,63,High,1,62
61,19,Low,62,Medium,2,60
90,20,Medium,65,Low,4,68
73,14,High,82,Medium,1,64
92,24,High,85,High,0,73
77,17,Medium,67,Medium,1,64
78,19,High,89,High,2,69
81,14,Medium,71,Low,1,63
89,5,Medium,76,Medium,2,65
71,19,Medium,57,Medium,2,65
65,34,Medium,62,Medium,0,67
82,25,Medium,86,Medium,0,67
73,20,Medium,99,Medium,1,66
78,18,High,85,Medium,1,68
86,20,Low,53,Medium,1,65
80,23,Low,57,Low,1,66
85,13,Low,72,High,2,66
82,27,Medium,87,Medium,2,69
90,24,Medium,58,Medium,2,70
88,24,Low,88,Medium,2,71
81,23,Medium,78,High,4,70
87,20,Medium,89,Medium,2,68
95,24,High,78,High,2,73
77,24,High,80,Medium,1,68
77,18,Medium,62,Medium,2,66
91,17,Low,86,Medium,1,67
83,21,Low,92,Medium,2,66
63,29,High,94,Medium,0,69
96,13,Medium,51,Medium,1,67
61,11,Low,81,Medium,5,61
90,21,Medium,99,Medium,2,70
90,20,High,79,High,2,70
98,21,Medium,59,Medium,3,70
62,21,Medium,94,Medium,1,64
84,19,Medium,63,High,0,65
77,29,Medium,52,Medium,5,70
73,10,High,72,Low,1,62
64,15,High,55,High,1,64
83,19,High,56,Medium,1,67
79,10,Medium,73,High,1,63
64,19,Medium,81,Low,0,62
84,30,Medium,95,Low,2,72
90,20,Medium,85,Low,3,69
91,21,High,92,Medium,5,72
96,12,Medium,71,Low,2,68
76,16,Medium,66,Low,1,64
98,18,High,80,High,3,72
95,18,High,85,High,2,73
72,28,Medium,78,High,5,67
66,23,Low,63,High,0,64
77,13,Medium,68,Medium,3,65
76,21,High,72,High,1,67
83,23,Medium,51,Medium,3,68
83,27,High,94,Medium,2,72
90,29,Low,76,High,1,71
80,14,Medium,88,Medium,1,66
64,15,Medium,59,High,0,59
94,12,Medium,78,Medium,1,68
72,19,High,96,Low,3,64
99,23,Medium,61,Low,2,70
65,26,Medium,67,Low,4,65
98,20,Medium,69,High,2,72
64,18,High,69,High,3,66
69,21,Medium,80,Medium,2,68
62,15,High,70,Medium,1,62
88,33,Low,84,Medium,1,70
94,10,Medium,74,High,3,70
77,21,Low,58,Medium,0,64
97,32,Low,97,High,1,76
84,20,Medium,62,Medium,1,67
85,19,High,78,High,2,69
94,18,Low,53,Medium,4,68
72,19,Medium,96,Medium,1,67
74,28,Medium,96,Medium,0,69
96,7,Medium,68,High,2,67
96,29,High,56,High,0,73
99,11,High,88,Medium,4,71
96,18,Low,63,Medium,4,70
65,17,Medium,85,High,1,65
93,24,Medium,96,High,0,73
76,10,Medium,80,Medium,1,65
100,23,Medium,93,Low,4,73
79,32,High,61,Low,0,70
82,12,Medium,96,High,0,66
81,21,Medium,61,Low,3,66
73,16,Medium,61,Medium,4,64
63,23,Medium,94,Medium,2,68
96,20,Medium,78,Medium,1,70
92,16,Medium,90,Medium,6,72
66,23,High,90,Medium,2,66
91,31,Medium,82,Medium,2,74
85,19,Medium,59,High,0,67
76,24,High,85,High,2,71
70,12,High,53,Low,2,60
94,14,Medium,60,Low,3,68
88,23,Medium,82,Medium,0,69
82,29,High,95,High,2,74
84,22,Medium,89,High,2,71
64,18,Medium,67,High,0,63
79,20,Low,91,High,2,66
68,12,High,98,Medium,1,65
68,24,Low,67,Low,0,60
86,25,Low,59,Medium,3,69
96,17,Medium,60,High,1,69
76,17,High,70,Medium,2,67
68,22,Medium,53,High,1,65
86,17,High,74,High,1,70
95,20,Medium,87,High,0,71
90,33,Medium,77,Low,3,73
95,19,High,99,Low,0,70
81,18,Low,73,High,1,67
90,16,High,51,Low,1,67
66,24,High,74,Low,0,65
74,19,High,96,High,2,69
76,16,High,55,High,1,65
80,28,High,61,Medium,1,68
97,29,Medium,86,High,0,74
95,16,Medium,65,Low,0,68
65,9,Medium,88,Medium,1,61
67,26,Low,71,Medium,3,67
74,16,High,90,High,1,66
72,25,Low,78,Low,8,69
85,8,Low,54,Medium,1,62
96,25,High,69,Medium,0,71
98,13,High,67,High,1,71
86,24,High,91,Medium,0,72
94,20,High,81,Medium,1,69
81,14,Medium,89,Low,6,67
68,18,High,69,Medium,1,63
81,24,Medium,85,Medium,1,68
82,21,High,53,High,0,69
90,24,Low,52,Medium,0,65
69,32,High,64,High,0,70
75,11,Medium,89,Medium,2,65
75,30,Medium,77,Medium,0,67
98,21,High,70,Medium,0,72
78,15,High,95,Medium,1,69
90,12,High,75,High,2,69
90,19,Low,81,High,4,71
71,26,Low,99,Medium,1,67
83,19,Low,76,Low,3,65
96,29,Low,89,Low,2,70
79,11,Medium,71,Medium,1,63
98,20,High,52,High,0,71
69,12,Medium,92,High,1,64
63,22,High,97,Medium,5,69
96,25,Medium,72,Low,0,69
94,17,Medium,75,Medium,1,70
100,4,Low,71,High,2,64
87,21,High,100,Medium,1,70
97,23,High,95,Medium,0,74
93,22,Medium,52,Medium,1,69
94,27,Medium,89,Low,3,73
83,14,Medium,80,Medium,1,66
75,24,High,51,High,1,67
97,27,High,72,High,6,76
77,9,Medium,57,Medium,2,61
82,22,Medium,94,Low,0,68
78,17,Low,51,Medium,1,63
83,20,Low,94,High,1,67
79,22,Low,97,Low,3,66
62,17,Low,54,High,2,62
95,16,Low,86,High,0,69
78,20,Medium,77,Medium,3,67
84,13,Medium,98,Medium,2,66
66,13,Medium,90,High,2,63
60,24,Medium,85,Medium,1,64
70,13,Medium,96,Low,2,64
88,24,Medium,58,Low,1,67
64,23,Medium,69,Low,4,66
96,10,High,92,High,1,68
69,16,High,55,Medium,1,62
68,27,Medium,97,Medium,1,68
67,14,Low,87,High,1,63
61,17,High,72,Medium,1,62
91,23,High,67,High,2,72
95,25,Low,57,Medium,4,69
85,18,Low,55,Medium,3,67
68,16,High,71,Medium,1,65
71,29,Medium,92,High,1,69
79,30,High,77,High,1,72
98,26,Medium,73,Low,2,70
70,21,High,66,High,1,91
89,15,Low,58,High,2,65
78,15,Medium,100,Low,0,62
72,23,High,51,Low,2,65
78,23,Medium,66,Medium,1,67
63,28,Low,88,Medium,4,67
92,24,High,76,Medium,2,72
70,11,Low,66,Medium,1,60
89,26,Low,100,Medium,0,69
63,14,Medium,81,Medium,0,61
98,18,Medium,65,Low,1,70
68,22,High,92,Medium,2,68
95,32,High,58,Medium,2,75
92,39,Medium,73,Medium,1,75
99,24,Medium,92,High,2,72
79,19,Medium,99,Low,1,66
89,23,High,69,Low,5,71
75,25,High,57,Low,4,70
67,18,High,78,Medium,2,63
78,31,High,97,High,0,72
67,21,Medium,83,Medium,1,65
99,23,Medium,80,Medium,3,71
64,24,Medium,65,Medium,0,65
84,23,Low,80,Medium,1,69
85,25,Low,94,Medium,3,71
82,16,High,69,Medium,2,68
86,17,Medium,62,Low,2,66
65,13,Medium,74,High,0,60
82,23,Medium,69,Medium,0,68
71,25,High,73,Medium,1,67
98,23,Low,55,Medium,3,71
90,30,Medium,67,High,2,74
99,20,Medium,91,Low,2,70
62,24,High,70,Low,2,63
71,13,Medium,98,Medium,0,64
68,18,High,85,Medium,3,66
60,24,Medium,68,Medium,0,64
70,25,High,63,High,1,69
87,18,High,84,Medium,2,71
69,20,Medium,65,High,1,64
80,11,Medium,96,Medium,1,65
96,18,Medium,56,High,2,69
88,25,High,51,Medium,1,68
76,23,Medium,61,Medium,3,68
75,23,Medium,80,High,0,68
78,20,Medium,92,Low,1,65
67,20,High,59,High,1,65
85,16,Low,79,Medium,1,66
75,24,Low,57,High,0,66
94,23,Low,78,Medium,2,71
90,23,Medium,51,High,0,68
84,17,Medium,78,Low,0,65
75,7,High,76,Medium,0,63
68,27,Medium,52,High,1,66
91,17,Low,84,High,7,71
79,15,Medium,79,Low,2,65
69,24,High,81,Medium,3,68
68,18,Medium,76,Medium,2,66
67,26,High,86,Low,2,64
91,24,Low,76,Medium,1,70
69,24,Low,96,High,4,70
81,12,High,97,Medium,1,66
78,27,Medium,86,Medium,3,70
83,22,High,96,High,2,71
95,18,High,96,Low,2,70
95,21,Medium,63,Medium,1,70
78,9,Medium,100,High,2,66
61,22,Medium,63,High,1,64
77,14,High,51,High,5,66
84,12,Medium,98,High,1,68
82,11,Low,61,Low,2,61
86,27,Medium,79,Medium,2,72
66,16,High,99,High,1,66
86,29,Low,52,Low,1,68
67,17,Medium,63,Low,1,61
90,10,Medium,80,High,0,67
74,13,High,88,High,3,66
88,27,Medium,90,Medium,3,74
62,19,Medium,94,High,0,66
76,17,Medium,58,High,4,67
88,21,Low,69,High,4,71
69,23,Low,86,High,0,66
92,27,Medium,86,Medium,0,71
85,29,Medium,65,High,4,72
84,18,Medium,65,Medium,2,66
74,12,Low,66,High,1,62
79,18,Medium,95,High,1,66
84,22,High,95,Low,2,69
79,14,Medium,51,Medium,0,64
88,14,Medium,66,Medium,4,69
77,22,Low,70,High,2,69
68,20,Low,99,High,0,64
69,20,High,97,Medium,3,68
60,15,Medium,81,Medium,4,63
72,19,Medium,52,High,1,64
90,14,High,60,Medium,2,69
92,25,High,72,Low,1,71
68,26,High,98,Medium,2,67
98,9,Medium,55,High,3,67
80,14,Low,90,High,2,66
97,11,High,60,Medium,0,67
88,16,High,75,Low,2,68
89,19,Medium,88,Medium,1,69
63,11,High,85,High,0,62
69,14,Medium,89,Medium,2,66
60,14,Medium,91,Medium,1,63
89,21,Low,65,Low,2,67
74,20,Medium,68,High,3,68
91,16,Low,91,Medium,2,66
74,21,Medium,52,Medium,3,66
93,17,Medium,76,High,0,67
65,18,Medium,96,High,1,66
67,30,Medium,94,Medium,1,69
74,28,High,90,Medium,2,72
76,12,Low,51,Medium,0,60
74,25,High,94,Low,0,68
91,25,Medium,96,Low,3,72
64,13,High,83,Medium,1,64
74,25,Medium,65,Low,0,65
93,29,High,74,High,3,76
63,13,Medium,88,Low,0,59
98,14,Medium,91,Medium,0,67
99,26,Medium,67,Medium,4,73
64,22,High,66,Medium,1,64
72,23,High,87,Medium,3,67
75,22,Medium,84,High,3,69
91,22,Low,76,Medium,1,69
84,12,High,71,High,2,67
86,26,High,83,Medium,2,72
90,27,Medium,52,Low,2,86
65,19,High,54,Medium,0,62
93,20,Low,79,Medium,1,69
88,11,High,61,High,2,68
83,23,High,89,High,1,99
96,23,Medium,89,Low,1,70
88,20,Medium,85,Low,2,68
68,27,Medium,95,Medium,0,67
77,18,Medium,57,High,1,66
80,23,High,63,Low,0,66
62,14,High,63,Medium,2,62
98,20,Medium,89,Medium,3,72
65,19,High,76,Medium,0,64
88,21,Medium,63,Medium,1,68
80,18,High,57,Medium,2,66
61,19,High,95,Medium,4,68
97,25,High,85,Low,3,75
94,17,Low,76,Low,3,67
81,10,Medium,98,Low,2,65
69,30,Medium,92,Medium,2,68
65,28,Medium,59,Medium,2,67
75,12,Medium,75,Medium,1,63
70,24,High,74,Medium,2,67
80,17,Medium,92,Medium,0,67
99,22,Medium,57,Medium,2,73
83,22,Medium,73,Medium,0,67
96,19,Medium,82,Medium,1,71
86,15,Medium,97,Low,2,67
79,16,Low,95,High,0,68
94,15,Low,77,Low,1,68
79,15,Medium,80,High,1,66
95,20,Low,93,High,0,68
72,16,Low,87,Medium,2,63
65,24,High,94,High,2,68
94,29,High,95,Low,1,74
83,17,Medium,92,Low,3,65
96,21,Medium,50,Medium,1,69
98,23,High,66,Medium,1,70
62,23,Low,70,Medium,3,65
80,20,Medium,84,Medium,1,68
75,24,Medium,65,Low,0,65
85,23,High,66,Medium,0,68
92,13,High,70,Medium,4,68
71,25,Medium,98,Medium,0,66
82,25,Medium,72,High,0,70
88,15,Medium,57,Medium,1,66
65,20,High,50,Medium,0,64
93,24,High,62,Medium,1,70
84,19,Medium,97,High,1,68
98,26,High,98,Low,4,74
74,34,Low,76,High,2,71
64,15,Medium,82,Medium,0,61
80,12,Low,90,Medium,3,64
63,22,Low,53,High,2,64
99,24,Medium,69,High,0,73
62,19,High,82,Medium,0,62
90,29,Medium,95,Low,0,71
81,12,Medium,86,High,2,68
75,24,Low,68,Medium,2,67
63,16,Medium,95,Medium,1,63
85,30,Medium,83,Low,2,71
83,32,Medium,92,Medium,1,72
71,15,Medium,69,High,3,66
96,17,Medium,50,Medium,1,67
72,25,Medium,58,High,0,66
78,18,Medium,96,Low,4,68
82,20,Low,52,Low,0,64
64,20,Medium,80,Medium,1,65
97,8,Medium,70,High,0,66
75,20,High,71,High,1,69
63,16,High,70,High,2,64
75,17,High,53,Low,1,65
84,29,Medium,56,High,3,72
81,12,Medium,53,High,1,65
88,25,High,53,Low,2,70
62,18,Medium,54,Medium,2,64
71,18,Low,85,Medium,1,62
93,25,High,56,Medium,0,69
63,22,Low,63,High,1,62
94,23,Low,83,Low,2,69
64,26,High,56,Medium,3,66
93,18,High,96,Medium,2,71
74,16,High,74,Medium,4,66
84,13,Medium,98,High,0,64
66,15,High,60,Medium,2,63
63,38,High,52,Medium,1,69
69,27,High,80,High,1,68
65,12,High,66,High,0,63
72,12,Medium,79,Medium,1,64
81,23,Low,74,Medium,0,66
84,23,High,73,Medium,1,71
92,23,Medium,93,High,0,72
86,18,Medium,60,High,2,88
84,19,High,75,Medium,1,66
76,22,Medium,71,Medium,0,65
79,21,Medium,84,Low,2,66
77,7,Medium,53,Low,4,62
94,19,Low,76,Medium,4,68
69,15,Medium,74,Medium,2,65
60,21,High,99,Low,0,62
86,38,Medium,88,High,1,74
68,22,Low,58,Medium,0,64
96,18,High,75,High,2,72
94,26,Medium,89,Medium,0,70
63,23,Medium,76,High,2,65
64,23,High,68,Medium,3,66
80,24,Medium,69,Medium,0,67
84,32,High,68,Medium,1,73
71,13,High,51,Medium,4,65
89,23,High,87,High,4,74
84,14,Medium,81,Medium,0,66
73,23,Medium,63,Medium,1,67
61,14,Medium,82,Medium,0,58
90,17,High,65,High,2,71
69,18,High,62,Low,1,63
93,26,High,87,Low,1,73
77,26,Medium,90,High,1,68
83,13,Medium,81,Low,4,66
95,20,Medium,89,Low,3,68
95,16,Low,68,Medium,2,66
75,12,High,54,Medium,1,62
68,19,Medium,80,Medium,0,78
91,18,Medium,63,Medium,1,68
77,35,High,89,High,5,77
68,23,Low,68,High,1,65
96,12,High,84,High,3,73
68,17,Low,78,Medium,4,64
61,26,High,91,Low,0,67
61,33,Medium,92,High,1,69
85,10,Low,53,Low,1,60
86,9,Medium,65,High,0,66
72,31,High,94,Low,2,70
73,22,Medium,70,High,2,66
74,15,Medium,76,High,1,64
87,23,High,59,Medium,1,70
62,4,Medium,78,Medium,3,58
97,20,High,63,Medium,0,69
69,22,Medium,91,Medium,0,64
100,26,Medium,60,Low,2,72
67,14,Medium,68,Medium,1,60
91,21,Medium,55,Medium,2,70
69,14,Low,79,Medium,1,62
63,22,Medium,97,Medium,1,66
95,15,Medium,59,Medium,0,66
94,18,Medium,51,Low,1,65
76,14,Medium,71,High,1,64
88,24,Medium,87,High,1,72
82,25,Medium,99,Medium,3,71
94,19,High,53,Low,1,68
73,20,Medium,89,High,2,68
81,11,Medium,68,Low,2,64
79,18,Medium,58,Low,3,65
74,20,High,60,Medium,1,64
96,36,Low,96,Medium,1,75
67,13,Medium,90,Low,2,61
66,29,High,66,High,0,68
83,26,Medium,97,Medium,2,70
86,22,Medium,55,High,5,71
68,31,High,66,Low,0,66
76,22,Low,83,High,0,66
98,22,Medium,100,Medium,0,70
70,20,Medium,73,Low,0,62
87,27,Low,91,High,4,72
90,27,Medium,96,High,0,72
78,16,Medium,50,Low,2,63
98,12,Low,64,High,5,69
89,19,Medium,55,Medium,0,68
78,15,High,89,High,0,67
83,20,High,78,High,3,71
88,27,Medium,55,Low,2,67
84,17,Low,71,Low,0,62
95,20,Medium,76,Medium,0,69
74,20,Medium,85,High,2,67
72,25,High,89,Medium,2,71
69,7,High,54,Medium,1,87
62,16,Medium,74,Low,2,62
62,21,Low,58,High,2,64
95,27,High,88,Medium,3,74
87,17,High,83,High,0,69
86,9,Medium,86,High,1,65
85,24,Medium,54,Low,2,66
94,16,Medium,76,Medium,3,70
79,13,High,92,High,3,68
95,16,Low,86,Low,4,70
74,19,High,93,High,1,68
97,16,Low,60,High,0,69
88,7,High,64,Medium,2,66
70,25,Medium,72,Medium,0,65
83,28,Medium,76,Medium,1,71
81,24,Low,63,Medium,1,66
66,13,Medium,69,Low,2,61
84,19,Medium,84,Medium,3,69
73,20,Medium,82,Medium,1,65
62,24,Medium,56,Medium,0,63
98,24,Low,99,Medium,2,73
86,16,Medium,78,High,1,68
95,20,Medium,74,Medium,1,70
87,23,Medium,98,Medium,3,72
74,29,Medium,57,High,3,68
81,24,Medium,77,Medium,0,68
87,25,Medium,90,High,1,71
98,21,Low,70,Low,1,68
70,28,Low,87,High,3,70
95,22,Low,95,Medium,2,70
97,15,Medium,63,High,2,69
87,28,Medium,62,High,2,73
97,24,Medium,68,Medium,1,72
76,17,High,71,Medium,0,67
98,17,Medium,56,High,2,69
88,22,Medium,62,Low,1,68
62,23,Low,94,High,0,64
96,21,High,78,Low,2,71
79,22,Medium,63,High,1,68
78,30,High,97,Medium,1,70
83,26,High,89,Medium,3,72
66,21,High,68,Low,2,65
79,26,High,88,Medium,1,70
93,14,Medium,80,Medium,2,69
61,22,Medium,84,Medium,0,64
71,31,High,66,Low,3,67
60,19,High,60,High,1,65
77,15,Medium,63,Low,0,62
89,16,Medium,54,High,2,68
92,13,High,74,Medium,2,68
98,15,Medium,70,Medium,1,68
84,18,Low,50,Medium,4,68
70,12,Medium,93,Medium,1,62
97,20,Low,84,Medium,4,72
91,25,Medium,72,Low,1,69
83,15,High,98,Medium,3,68
88,29,Medium,97,Low,4,71
97,23,High,55,Low,0,69
88,26,High,81,Low,1,71
75,16,High,91,Medium,2,65
89,25,High,59,Medium,1,68
62,13,Medium,56,Medium,1,60
75,25,Medium,63,Medium,3,68
76,21,High,64,Low,1,66
67,23,Medium,98,Medium,4,66
61,13,Medium,89,Medium,4,62
65,15,Medium,53,Medium,2,61
86,24,Medium,89,High,2,69
92,14,High,58,Medium,1,69
100,23,Medium,68,Medium,4,74
74,12,High,66,Medium,1,62
84,25,Medium,64,Medium,0,67
97,13,Medium,65,High,1,69
67,23,Low,88,High,1,66
89,24,High,63,Medium,2,72
90,16,Low,90,High,2,69
64,23,High,55,Medium,0,65
94,22,High,80,Medium,0,72
93,17,Medium,93,Low,2,69
61,14,High,54,Medium,3,60
64,8,Medium,82,High,0,61
62,22,Low,76,High,1,63
73,11,Medium,67,Medium,3,63
80,21,Medium,55,Medium,1,68
81,18,Medium,84,Medium,1,68
71,24,Medium,65,High,1,65
96,18,High,67,Medium,1,71
75,18,Medium,86,Medium,1,64
62,24,Medium,97,Medium,1,65
72,22,Medium,67,High,2,67
81,22,Medium,87,High,0,67
76,23,Medium,98,Low,1,67
71,11,Medium,55,Low,1,87
65,25,High,76,High,1,67
93,24,Medium,51,High,4,72
100,14,Low,91,Medium,0,69
73,19,Medium,64,Medium,1,65
75,20,Medium,67,High,1,66
85,19,High,84,High,3,70
89,22,High,89,High,0,71
76,29,High,70,Medium,1,67
96,26,Medium,83,High,0,72
82,12,Medium,98,Low,0,63
78,24,Low,94,High,0,67
86,28,Medium,85,Low,6,72
98,22,Medium,97,Medium,1,72
92,27,Medium,94,Medium,1,70
62,32,Medium,86,High,0,67
73,26,Medium,96,Medium,0,68
79,21,Medium,91,Low,1,67
73,26,High,75,High,3,70
88,21,Low,75,Medium,1,67
93,20,Medium,50,Medium,1,71
89,18,Low,52,High,1,69
100,29,Medium,87,Medium,3,74
71,15,Low,78,High,0,63
95,29,Low,88,Medium,0,72
91,23,Low,97,High,2,71
74,12,Medium,73,High,1,64
89,22,Medium,54,Medium,1,69
64,7,High,81,High,2,62
92,24,Medium,55,Medium,1,69
81,25,Low,81,High,2,68
72,16,Medium,76,High,6,67
86,21,Medium,86,Medium,2,71
86,32,Medium,68,Medium,1,70
68,17,Medium,57,High,2,63
61,14,High,62,Low,0,60
77,29,Medium,84,Medium,0,69
83,32,Medium,74,Medium,3,71
95,20,Low,77,Low,1,69
97,26,Low,66,High,2,73
81,28,High,92,Medium,1,73
90,16,Medium,100,Medium,1,68
78,17,Medium,66,High,2,67
90,27,High,86,Medium,2,74
68,30,High,59,Medium,3,68
75,23,Medium,87,High,1,69
85,15,Medium,72,High,4,69
61,32,High,80,High,0,68
89,17,High,62,Low,1,66
93,18,Low,93,Low,3,69
76,22,Medium,59,Medium,1,66
78,29,Medium,96,Low,5,72
94,25,Low,53,Medium,1,69
91,22,Medium,64,Medium,1,68
72,23,Medium,78,Medium,1,66
73,20,Low,93,Medium,1,65
87,23,Medium,79,Medium,2,71
83,5,Medium,61,Medium,2,61
66,18,Medium,93,Low,1,63
72,21,High,80,Medium,1,66
96,13,High,62,Medium,0,69
88,22,High,78,High,0,71
99,19,Medium,84,High,0,73
91,31,Medium,84,High,2,72
98,29,High,86,Medium,2,73
69,17,High,95,Low,1,65
91,19,High,91,Low,1,71
61,20,Medium,80,High,1,65
87,17,Medium,52,Medium,1,67
79,21,High,87,Medium,1,69
74,15,High,99,Low,0,63
94,13,High,65,Low,2,68
94,24,Low,80,High,1,70
61,24,Medium,88,Medium,1,64
84,15,Medium,82,Medium,1,64
75,25,High,96,Low,1,68
77,16,High,74,Medium,0,65
93,22,Medium,77,High,0,70
72,25,Medium,52,Medium,0,66
98,20,Low,95,High,1,70
67,23,Medium,63,Medium,3,66
87,17,Medium,99,Medium,2,69
87,19,High,60,High,2,69
70,19,High,63,High,1,64
73,16,Medium,74,Medium,1,64
93,19,Medium,83,Low,1,69
90,11,Medium,72,Medium,3,67
73,17,Medium,68,Low,2,63
81,18,High,77,Low,1,67
62,18,High,98,Medium,3,65
68,19,Medium,98,Medium,2,64
79,20,Medium,66,High,3,68
63,23,Medium,84,Low,0,64
94,25,Medium,86,High,2,70
89,16,Medium,83,High,0,70
98,13,Low,56,High,1,67
88,14,High,77,High,2,69
98,17,Medium,88,High,2,70
82,18,High,60,High,5,69
84,15,Low,67,Medium,1,65
99,12,High,60,Medium,0,66
86,17,High,94,High,2,70
61,21,Low,93,Medium,1,63
89,24,Medium,58,Low,3,69
96,17,High,88,High,4,74
92,18,Medium,68,Medium,2,70
83,14,Medium,84,High,1,66
87,20,High,75,Low,0,68
100,15,Low,74,Medium,2,67
64,23,Medium,94,Medium,2,66
87,9,Medium,82,High,0,65
71,18,Medium,62,Low,3,66
86,22,Medium,56,High,1,69
84,21,Medium,97,Low,2,67
66,36,High,58,Low,1,69
68,22,Medium,87,Medium,2,66
85,14,Medium,75,Medium,2,64
65,19,Medium,57,Medium,1,61
71,9,High,89,Low,0,61
93,20,Medium,95,Medium,1,70
73,15,High,56,Medium,1,65
80,25,Low,53,High,1,67
98,17,Medium,92,Low,0,69
69,19,Low,75,Medium,2,63
76,16,Medium,84,Medium,1,66
84,30,Medium,72,High,3,73
90,18,High,71,High,0,68
96,31,High,65,High,0,74
97,25,Medium,78,Low,0,70
91,23,Low,58,High,0,68
69,22,High,86,High,1,67
61,22,Medium,77,High,1,65
75,8,Medium,92,Medium,5,66
66,18,Medium,96,High,0,64
88,25,Medium,95,Medium,1,72
86,20,Medium,80,Medium,2,70
62,12,Medium,66,Medium,1,60
93,20,Medium,68,Medium,1,68
70,30,High,83,Medium,1,71
77,27,Medium,86,Medium,1,68
87,20,Medium,58,High,2,67
77,26,Medium,100,Medium,1,70
78,18,High,55,Medium,0,65
63,10,Medium,80,Medium,0,60
76,14,Low,77,High,2,65
91,29,Medium,80,Medium,0,70
97,18,Low,77,Low,4,69
77,19,Low,53,High,1,64
77,18,Medium,100,Low,2,67
88,31,Medium,99,Low,2,73
98,30,High,76,Medium,1,74
71,33,Low,60,Medium,0,67
78,19,High,59,Low,2,66
92,22,Medium,53,Medium,4,69
84,11,Medium,81,High,1,64
64,29,High,74,Medium,0,69
85,13,High,71,Low,1,66
67,21,Medium,76,High,1,65
80,13,Medium,94,Medium,1,67
81,16,High,54,Medium,3,67
95,15,Medium,77,Medium,0,68
78,16,Low,85,Medium,4,65
71,17,Low,99,Medium,4,66
69,17,Medium,87,High,2,65
95,25,Medium,77,Medium,0,71
67,13,High,88,Medium,0,63
77,21,Low,100,High,2,70
67,27,High,94,High,0,70
91,17,Medium,54,Low,3,67
79,16,Medium,79,High,2,68
74,19,Low,89,Medium,0,63
74,27,High,84,Medium,3,70
94,21,Medium,71,Medium,1,69
82,17,Medium,66,Medium,1,66
89,23,High,81,Low,2,70
96,13,High,71,Medium,1,68
96,24,Medium,70,Medium,0,70
73,22,High,92,Low,0,67
98,18,High,66,Medium,0,69
61,15,Low,82,High,2,64
75,15,Medium,94,High,1,62
96,23,Medium,81,Medium,1,71
71,27,Medium,75,High,2,69
71,16,High,52,Medium,0,62
72,23,Medium,84,Low,0,66
84,7,High,100,Medium,3,64
78,16,High,90,Low,3,66
89,20,Medium,82,High,2,72
96,15,High,73,High,3,71
87,14,High,61,Medium,0,65
68,16,Medium,85,Medium,1,65
97,22,High,59,Medium,1,70
71,19,High,94,Medium,1,68
66,7,Low,68,High,0,57
64,7,High,70,Medium,4,59
83,16,Low,61,Low,0,64
65,23,Medium,74,High,2,67
66,4,High,84,Low,2,60
72,17,High,65,High,3,67
71,17,High,85,Medium,2,65
84,28,Medium,81,Medium,1,71
93,18,Medium,69,Low,0,67
90,22,Medium,66,Medium,0,69
70,21,Medium,93,High,1,68
70,7,Medium,51,Medium,0,59
99,25,High,86,High,3,75
60,21,Medium,71,Medium,0,59
95,23,Medium,86,High,0,71
68,44,Low,75,High,3,71
98,7,Medium,54,Medium,0,66
74,30,Low,99,Medium,1,69
78,18,Medium,54,High,4,65
88,22,Medium,58,Medium,3,68
84,20,Low,71,High,5,68
73,17,Medium,97,Medium,1,67
82,17,Medium,65,High,1,68
89,22,Medium,78,Low,0,68
62,11,Medium,76,High,3,88
60,25,High,67,Medium,1,66
78,18,Low,85,High,3,67
65,13,High,75,Medium,2,63
87,17,High,79,Medium,3,68
69,28,Low,61,High,2,65
77,17,Medium,96,High,1,67
68,22,High,56,High,3,67
82,16,Medium,85,Medium,1,67
65,25,Low,94,Medium,1,64
61,24,Medium,54,Medium,1,61
62,31,Medium,51,Medium,2,65
98,19,High,67,Low,1,70
66,24,High,89,Medium,0,67
88,21,Low,86,High,1,68
63,28,Medium,91,Medium,1,65
64,16,Medium,70,High,3,63
80,24,High,100,Medium,1,72
79,19,Medium,68,High,2,68
98,20,High,90,Medium,2,73
98,21,Medium,68,High,0,71
91,22,High,61,Medium,3,70
84,19,Medium,67,High,0,68
78,21,High,60,Medium,3,68
74,29,Medium,56,Medium,2,68
98,26,High,68,Low,1,71
84,25,Medium,57,Medium,4,70
83,17,Medium,75,High,2,67
69,15,Medium,52,Low,0,61
62,26,Low,72,High,1,64
98,25,Medium,98,Low,1,72
73,29,Medium,68,High,1,67
78,16,Low,57,High,1,65
65,19,Low,65,Medium,1,64
93,10,Medium,90,Low,0,66
61,18,Medium,66,Medium,1,62
93,26,Medium,69,Low,2,70
66,17,Medium,89,Medium,1,64
95,24,Low,63,Medium,3,70
89,19,Low,74,Medium,1,66
67,22,High,53,Low,0,62
83,13,Low,59,Low,4,63
73,21,Medium,60,Low,2,66
67,2,Medium,73,Medium,1,58
94,19,High,91,Medium,1,70
76,10,Low,68,Medium,1,63
76,27,High,69,Medium,0,70
67,25,Medium,65,High,1,65
75,23,Low,66,Medium,5,67
95,29,Medium,70,High,1,73
75,14,Medium,95,Medium,0,82
98,30,Medium,51,Low,0,71
98,26,Medium,81,Medium,1,73
66,19,High,94,Medium,1,65
67,27,Medium,71,High,1,67
95,13,Medium,83,Medium,1,67
76,15,High,79,High,4,69
60,16,High,67,Medium,0,61
71,17,Low,57,Medium,3,64
84,14,High,61,Low,1,64
92,27,Medium,53,Low,2,68
65,18,Low,88,Medium,1,62
64,22,Medium,77,Medium,5,66
97,17,Low,89,High,1,70
90,9,Medium,65,High,3,67
84,22,Medium,90,Medium,2,70
91,9,Medium,65,Medium,0,65
77,20,Medium,56,Low,1,65
90,12,High,77,Medium,3,70
75,32,Medium,97,High,1,72
70,25,Medium,71,Medium,0,65
89,21,High,76,High,1,71
77,28,High,73,High,3,71
99,15,High,73,Medium,1,72
74,23,Low,61,Low,0,64
97,21,Medium,71,Medium,2,72
97,22,Medium,75,Low,1,71
70,28,Medium,87,Medium,0,66
92,24,Low,57,High,3,71
77,22,Medium,79,Medium,2,67
97,10,High,83,High,1,69
78,14,Medium,69,High,0,67
90,19,Medium,77,High,0,71
79,21,Low,86,Medium,1,66
69,13,High,73,High,1,62
68,34,Medium,67,Medium,0,67
77,29,Low,91,Medium,2,70
90,24,High,99,High,0,72
84,20,High,61,High,3,69
88,19,High,94,Medium,1,70
71,14,High,77,High,0,64
79,20,Medium,72,Medium,1,65
62,22,High,95,Medium,2,66
93,13,Medium,96,Low,2,68
100,22,Medium,64,Medium,2,72
76,19,Low,68,Medium,2,65
60,9,Low,93,Medium,3,60
67,15,Medium,75,Medium,0,63
86,18,Low,64,Low,3,66
84,31,Medium,98,Low,1,73
92,23,Medium,61,Medium,4,71
70,12,Medium,81,Medium,1,59
91,23,Low,71,Medium,5,70
88,11,Low,73,Medium,1,63
73,26,Medium,55,Medium,1,67
82,17,Medium,63,Low,2,65
66,19,Low,58,Medium,5,64
78,28,Medium,87,High,2,71
95,12,High,85,Medium,2,70
77,12,Low,90,Medium,2,63
94,16,Medium,85,Low,3,68
84,26,Medium,56,Medium,1,67
68,11,High,99,Medium,1,66
83,3,Low,59,High,2,63
80,17,Medium,68,Medium,0,65
76,23,High,85,Medium,2,66
65,27,Medium,57,Medium,2,65
77,17,Medium,59,Low,2,65
63,18,Low,94,High,2,63
64,27,High,67,Medium,0,65
77,9,High,83,Low,1,62
72,18,Medium,93,Medium,1,66
97,21,Low,99,Medium,1,71
75,23,Low,61,Low,2,64
90,17,Medium,56,Medium,0,67
81,20,Medium,87,Medium,1,68
88,5,Medium,59,Medium,3,63
70,16,Medium,79,Low,0,64
98,23,High,77,High,1,74
81,14,Medium,78,Low,2,68
93,20,Medium,82,Medium,1,68
75,23,High,93,High,2,69
64,18,Medium,64,Low,4,61
87,21,High,78,Low,1,69
60,14,Low,67,Low,3,61
79,19,High,66,Medium,3,67
68,24,High,51,Low,0,63
85,21,Medium,80,Medium,3,68
99,16,Medium,99,Medium,0,68
79,21,Low,88,Medium,2,67
93,24,Medium,62,Low,1,69
80,8,Medium,86,High,2,64
80,27,Low,65,Low,1,67
97,18,High,88,Medium,1,70
96,23,High,93,Low,5,72
91,27,High,67,Low,1,71
72,12,Medium,50,Medium,1,62
82,16,Medium,65,Medium,2,67
69,18,High,60,Medium,3,64
78,15,Medium,81,Medium,0,64
79,30,Medium,65,High,1,70
93,15,Medium,52,Medium,3,68
96,17,Medium,77,Medium,1,70
77,21,Low,94,Medium,1,65
61,13,Low,73,Low,2,59
94,18,Medium,69,Medium,1,69
67,22,Medium,59,Medium,2,67
85,18,High,69,Medium,2,68
61,19,Medium,67,Medium,1,62
76,17,Medium,100,High,0,65
99,11,Medium,52,High,0,69
64,22,Medium,62,Medium,3,65
77,31,Low,53,High,1,68
72,20,Low,93,High,4,68
96,21,Medium,71,High,3,71
95,24,Low,90,Medium,3,71
70,12,Medium,85,High,1,66
63,30,High,96,Medium,4,71
85,21,Medium,51,Medium,2,66
73,30,Low,60,High,0,66
87,16,High,85,High,2,69
61,31,Medium,79,Medium,0,65
65,25,Low,85,High,2,66
87,23,Low,79,Medium,2,67
68,21,Medium,79,Medium,1,66
94,19,Medium,97,Medium,0,69
62,27,Low,96,High,2,66
69,21,Medium,52,High,0,64
100,8,High,71,High,0,70
77,13,Medium,76,Low,1,62
88,19,Medium,68,Low,1,67
67,22,Medium,52,Low,1,60
84,20,Low,74,Low,1,66
89,27,Medium,99,Medium,0,72
73,8,High,54,Medium,2,63
93,21,Low,91,Low,1,69
84,9,High,60,High,1,66
76,25,Medium,79,Medium,2,69
82,19,Medium,69,High,2,68
83,23,Low,67,Medium,3,66
67,15,Medium,94,Medium,0,63
76,28,Medium,99,Medium,1,70
74,26,Medium,69,Medium,2,68
76,24,Medium,82,Medium,2,68
90,19,Medium,78,Medium,1,67
79,23,High,54,High,1,67
98,16,Low,52,High,3,69
72,25,Medium,89,Medium,3,68
77,30,Low,70,Medium,0,67
91,26,Medium,65,High,0,70
82,16,High,99,High,3,70
82,22,Low,54,Medium,2,66
62,12,High,63,High,0,61
76,23,High,93,Low,2,68
71,23,Medium,71,Low,1,64
100,9,Low,79,Low,1,66
72,13,High,52,Low,3,65
95,18,High,96,Medium,3,73
87,18,Low,57,Low,3,66
74,13,High,61,High,2,65
82,22,High,58,Medium,0,68
94,22,Medium,75,Medium,0,69
95,19,High,91,Low,1,72
66,15,Medium,63,Medium,3,63
74,26,Medium,57,Low,0,65
73,30,Medium,70,High,0,69
62,17,Low,99,High,2,62
84,16,High,51,Medium,0,66
94,23,Low,75,Low,3,69
75,18,Medium,83,High,2,67
90,19,High,90,Medium,0,94
85,24,Medium,87,Medium,2,71
75,9,Medium,54,Medium,2,61
66,28,Medium,73,High,2,68
88,20,Medium,54,Medium,0,66
94,18,High,81,High,0,71
87,19,Medium,54,Low,3,66
61,20,Medium,52,Low,2,60
69,10,Medium,65,Medium,0,60
63,29,Low,97,Low,3,66
83,20,Low,85,Medium,1,67
90,23,Low,50,Low,4,67
64,26,Medium,64,Medium,2,64
94,14,Medium,51,Medium,0,66
82,23,Low,65,High,1,68
88,18,Low,84,High,1,70
99,25,Medium,88,High,3,75
63,7,High,90,High,0,86
96,19,Medium,95,Medium,3,73
65,16,Low,68,Medium,1,61
76,23,High,93,High,0,68
94,23,High,86,Medium,1,70
96,16,Medium,77,Medium,1,71
80,16,Medium,98,High,2,71
84,19,Medium,97,Medium,2,68
88,15,High,95,High,2,70
93,25,Medium,60,Medium,1,70
65,18,High,60,Medium,0,62
92,3,Low,95,High,3,67
79,18,Medium,70,Medium,3,68
78,14,High,90,High,1,68
77,10,High,84,High,2,64
80,13,High,88,Medium,1,68
98,21,High,51,Low,0,69
82,28,High,71,Medium,1,70
98,22,Medium,93,Medium,4,73
67,16,Medium,74,High,1,66
89,23,Medium,85,Low,0,68
92,17,Medium,88,Low,1,68
87,16,Medium,56,Low,2,65
84,13,Medium,58,Medium,2,66
83,9,Low,86,High,0,62
94,18,Low,53,Low,3,67
93,21,High,67,Medium,1,73
65,19,Low,96,Medium,2,65
94,18,Low,79,High,2,70
77,14,Medium,96,High,3,68
70,24,Medium,65,High,3,67
95,12,Medium,82,Low,2,66
77,25,Low,64,Medium,3,65
92,14,Low,56,High,1,66
71,15,High,100,High,2,66
60,11,High,59,Medium,2,60
80,17,Low,59,High,0,66
64,26,Medium,92,High,2,68
90,23,Medium,90,Medium,3,72
71,26,High,99,Low,1,68
78,23,Medium,54,Medium,0,67
63,13,Medium,55,High,0,62
71,18,Medium,72,Medium,0,66
91,15,Medium,80,High,0,69
66,28,Medium,52,Medium,0,64
86,13,Medium,58,Low,0,63
97,25,High,85,Low,2,74
87,25,Medium,83,High,0,72
92,31,Medium,54,Medium,1,71
64,18,High,97,Low,2,64
70,24,High,63,High,0,65
96,34,Medium,94,Medium,1,75
89,16,Medium,96,High,2,69
86,11,Medium,75,Medium,1,65
87,9,Low,71,Low,0,60
77,24,Medium,64,Medium,2,69
62,9,High,90,High,4,65
91,18,Medium,60,Low,0,67
87,23,Low,81,High,5,70
79,21,Low,78,Medium,1,66
96,23,Medium,62,Medium,0,69
73,21,Medium,99,Medium,2,69
72,28,Medium,92,High,1,68
95,14,Medium,51,Medium,5,70
92,16,Low,71,Medium,2,66
81,15,Medium,68,High,0,65
65,25,Medium,94,Low,1,65
69,25,Medium,63,Low,1,65
86,23,Medium,100,Low,0,69
75,27,Medium,60,Medium,4,69
93,13,High,62,Medium,0,65
98,30,High,83,High,1,76
92,29,High,58,Medium,2,72
75,24,Low,94,Medium,2,67
92,31,Medium,55,High,3,74
74,10,Medium,99,Medium,2,66
67,17,High,94,High,2,66
61,16,High,92,Medium,4,66
75,24,High,70,Low,5,71
96,14,Low,76,Medium,0,66
70,25,High,73,Low,1,65
68,28,High,99,Low,1,69
99,24,Low,52,Medium,1,69
61,22,Medium,69,Medium,2,63
91,14,Medium,98,Low,0,68
73,15,Medium,68,Medium,1,64
61,27,Medium,70,Medium,2,64
97,25,High,82,Medium,1,73
66,20,High,95,Low,2,66
82,17,High,65,Medium,4,67
71,8,Medium,97,High,3,63
63,14,Medium,64,Medium,1,61
62,31,Medium,91,Medium,4,71
65,12,Medium,64,Low,1,61
63,21,Low,54,Medium,1,62
90,26,High,91,High,1,74
79,12,Medium,73,Medium,2,65
74,21,Low,70,Low,2,64
77,26,Low,71,Low,1,66
97,20,High,81,High,1,72
96,37,Medium,63,High,0,76
89,10,Medium,62,Medium,4,67
95,26,High,74,Medium,3,71
73,19,Medium,52,High,1,65
75,25,Low,82,Low,3,68
85,23,Medium,91,Medium,1,68
85,16,Low,86,High,3,67
79,21,Low,73,Medium,1,64
76,9,High,78,Low,0,60
99,24,Medium,51,Medium,1,70
93,22,Medium,96,High,1,73
77,24,Medium,78,Medium,2,69
89,26,Medium,66,High,0,70
71,22,Medium,65,Medium,1,64
64,21,Low,83,High,2,64
74,15,Medium,79,High,0,65
76,16,Medium,59,Medium,0,62
61,27,Medium,70,Medium,0,64
93,29,Medium,84,Medium,0,72
74,19,Low,65,Medium,1,64
83,20,Medium,75,Medium,0,67
63,15,High,63,High,4,64
67,27,Medium,54,Low,0,61
96,24,High,69,Medium,1,72
84,32,Medium,87,Medium,2,70
98,15,High,61,Medium,4,70
100,18,Medium,88,Medium,2,71
75,21,High,83,High,1,68
72,24,Medium,75,Medium,3,68
94,19,High,99,High,0,70
100,15,High,94,High,2,73
85,25,Medium,78,High,2,69
92,24,High,78,Medium,0,71
91,15,Medium,64,Low,1,64
74,28,Medium,96,Medium,0,68
83,27,Medium,95,Medium,0,69
93,21,Low,87,High,1,70
88,20,Medium,56,Medium,1,67
61,23,High,85,Medium,1,66
73,15,High,63,Medium,2,65
66,20,High,59,Medium,4,66
69,7,Medium,88,Low,0,61
96,25,Medium,98,Low,0,71
61,11,Low,55,High,5,60
69,29,Medium,58,Medium,1,66
72,18,Low,61,Low,1,61
85,19,Medium,98,Medium,2,68
81,16,High,85,Medium,2,68
69,18,Medium,84,Medium,2,65
67,29,Low,75,High,3,65
69,5,Medium,77,Medium,2,60
80,28,Medium,65,Low,2,67
71,22,Medium,58,High,2,65
98,13,Medium,89,High,1,70
79,14,Medium,74,Medium,1,64
62,30,High,63,Medium,2,68
89,14,Medium,82,High,2,69
73,13,High,60,Medium,0,65
86,27,Medium,74,Medium,2,71
71,22,Medium,60,Medium,1,65
83,14,High,88,Medium,0,65
91,21,Medium,66,Medium,0,68
97,14,Low,72,Medium,1,66
70,27,Low,88,Low,1,65
73,26,High,83,High,2,71
79,23,Medium,70,Low,3,68
97,22,Medium,54,Medium,2,70
96,31,Low,96,Medium,3,74
64,20,Low,50,High,0,62
65,13,High,87,Medium,1,61
80,23,High,97,High,0,70
64,33,Medium,65,Low,0,65
74,14,Medium,54,Medium,2,62
66,18,High,62,High,2,65
85,22,Medium,66,High,0,68
98,20,High,73,Medium,2,70
100,14,Low,76,Medium,1,68
75,27,Medium,86,Low,3,69
84,34,High,95,Medium,1,73
94,21,Medium,73,Medium,1,71
65,15,High,87,Low,0,63
88,11,Medium,56,High,2,66
76,22,Low,66,High,1,67
68,27,High,56,Low,0,64
76,23,Low,85,Medium,1,66
63,20,High,95,High,2,69
88,16,High,94,Medium,4,72
70,13,High,66,Medium,1,63
72,25,High,62,Medium,2,67
65,25,Medium,64,Low,1,64
95,11,Medium,64,Medium,4,68
80,30,High,54,High,1,71
83,23,Low,57,Medium,2,67
83,28,Low,61,Medium,1,67
76,12,Medium,50,Medium,2,64
68,12,Low,52,High,5,63
90,19,High,85,High,2,72
65,23,Medium,81,Low,2,63
64,31,Medium,97,High,2,67
88,24,Medium,70,Low,1,68
68,19,High,72,Low,2,64
72,14,High,53,Medium,4,65
79,27,Low,58,Medium,2,68
78,14,High,85,Medium,2,66
88,30,Medium,62,Medium,4,73
85,18,Medium,89,Low,1,68
86,30,High,85,Medium,2,72
89,24,Medium,87,Medium,3,70
72,19,Medium,85,Medium,1,66
73,17,Medium,85,Low,3,66
78,18,Low,77,Low,2,66
72,23,Low,84,High,2,65
99,20,Low,76,High,2,71
93,16,Medium,60,Low,1,66
67,19,Low,61,Medium,1,63
60,20,Medium,70,Medium,2,63
62,7,Medium,51,High,0,58
70,23,High,94,Medium,3,68
65,14,Medium,63,High,2,61
81,13,High,53,Medium,2,65
94,10,Low,71,High,1,67
89,9,High,91,Low,1,67
69,12,Low,70,High,1,62
76,16,High,63,Medium,0,86
80,32,Medium,77,High,0,71
92,17,Medium,79,Medium,1,70
94,21,Medium,88,Medium,1,71
96,22,Low,90,High,2,71
80,21,High,85,High,1,70
88,20,High,50,Medium,2,67
64,13,Low,50,Medium,0,60
83,29,High,99,High,0,73
70,31,Low,63,High,1,67
77,10,High,64,Low,1,62
85,14,High,87,Medium,0,67
70,18,Low,79,High,1,65
62,14,Medium,73,Medium,1,61
60,23,Medium,56,High,0,61
61,16,Medium,54,High,1,60
60,33,High,85,High,4,68
64,27,Medium,56,High,0,65
70,21,High,72,High,3,67
69,26,Low,87,High,2,67
99,27,Medium,96,High,0,74
72,17,Medium,94,Low,4,64
65,15,High,93,Medium,2,64
82,20,Low,68,Medium,2,67
94,25,High,96,High,6,74
87,21,Medium,84,Medium,1,69
72,11,Medium,94,Low,1,62
82,15,Medium,54,Medium,1,66
89,20,High,52,High,2,69
89,20,Medium,71,High,1,68
87,32,Medium,91,High,2,74
95,12,Medium,70,Medium,4,68
95,23,Medium,94,Medium,2,73
83,29,Low,62,Medium,4,70
77,34,High,52,Medium,0,69
86,18,Medium,88,Medium,2,68
93,23,High,81,Medium,2,71
60,23,Medium,72,Low,3,64
100,21,Medium,92,Medium,3,71
67,19,Medium,91,Medium,1,65
79,23,Medium,66,Low,1,68
95,5,High,92,Medium,1,67
69,24,High,67,Medium,2,67
79,21,Low,81,Medium,2,67
65,19,High,60,Medium,1,63
76,32,Medium,63,Medium,0,68
67,16,High,72,High,1,66
75,18,Medium,66,Medium,1,67
75,32,Low,56,Medium,3,68
100,15,Medium,74,High,2,72
100,17,Medium,76,Medium,3,70
65,19,High,58,Low,3,62
89,25,Low,59,Medium,2,69
62,21,Low,51,Medium,0,61
61,12,Low,52,Medium,2,58
64,17,Medium,68,Low,5,63
99,16,Medium,57,High,4,71
98,20,Medium,96,Low,1,70
68,23,Medium,60,High,1,64
66,23,Low,53,High,2,63
70,9,Medium,70,High,1,63
81,26,Low,60,High,2,71
83,22,High,53,Low,0,65
69,28,High,88,High,2,68
90,23,High,78,Medium,1,70
72,27,High,53,High,3,68
97,23,High,73,Medium,3,69
86,28,Medium,52,Medium,0,70
77,23,Medium,68,High,0,67
92,19,High,68,Low,2,69
93,34,Medium,91,Low,2,73
72,25,Medium,87,Medium,3,68
74,23,Medium,95,High,2,67
97,12,High,57,Medium,0,67
67,12,High,77,Medium,2,64
62,22,Medium,51,High,2,63
78,21,High,91,Low,1,67
92,16,High,68,Medium,1,70
91,21,Medium,53,High,1,71
97,30,High,66,Medium,1,74
81,24,High,64,Medium,2,70
64,13,Low,88,Low,1,59
84,19,Medium,56,Low,0,64
91,15,Medium,78,Low,2,67
64,18,Medium,90,Medium,1,63
67,18,High,87,Low,5,66
60,17,Medium,97,Medium,1,62
84,12,Medium,50,Low,3,65
95,19,High,68,High,3,73
87,17,High,68,High,1,70
99,2,Low,52,Medium,0,62
63,32,High,91,Medium,2,68
96,27,Low,84,High,1,74
93,18,Medium,76,Medium,2,96
73,20,High,70,High,1,66
99,13,High,95,Low,0,69
72,30,High,63,High,1,70
96,31,Low,67,Medium,2,73
95,21,Low,98,Low,1,69
90,26,High,53,High,1,71
83,21,Low,89,High,0,65
65,12,Low,86,Medium,1,62
81,18,High,95,High,1,69
74,21,Medium,55,Low,3,65
92,17,Medium,99,Medium,1,68
90,19,Low,51,Low,1,65
96,19,High,67,Medium,4,72
61,20,High,54,High,2,67
92,20,Low,53,Medium,2,68
98,14,Medium,98,Low,0,68
92,16,Medium,86,Medium,2,66
65,12,High,75,Medium,0,62
63,26,Medium,55,Medium,2,65
61,7,High,76,Low,1,60
85,27,Medium,66,High,2,70
85,28,Medium,64,Medium,1,68
99,18,High,81,Medium,1,72
76,4,Medium,90,Medium,2,63
73,18,High,72,Medium,1,63
85,20,Medium,75,Low,1,67
93,14,Low,83,Medium,4,68
97,17,Medium,56,Medium,2,69
92,29,Medium,91,High,1,75
77,24,Medium,92,Low,0,67
85,14,High,77,High,2,69
94,10,Medium,59,Low,0,65
80,18,High,75,Low,2,65
69,19,Medium,55,Medium,1,63
67,23,Medium,88,Low,2,65
60,17,Low,66,Medium,0,58
89,23,High,66,High,0,70
64,32,Low,97,Low,1,66
70,25,Low,71,Medium,2,63
72,20,Low,89,Medium,1,62
82,19,Medium,82,Medium,2,69
76,18,Medium,66,Medium,1,66
87,27,Low,56,High,0,68
62,16,Medium,90,Low,2,62
65,20,Medium,88,High,0,64
80,20,High,58,Medium,0,65
73,17,High,62,Medium,2,64
72,12,Medium,88,Medium,2,65
63,22,Medium,99,Medium,3,65
96,20,Medium,92,Low,0,70
88,23,High,84,Low,2,71
65,17,Medium,96,Medium,2,65
63,27,Medium,64,High,1,67
99,15,High,50,Low,4,68
87,30,High,66,High,1,73
77,10,High,99,Medium,0,64
88,23,High,94,High,3,71
90,23,High,53,Medium,2,70
91,15,High,75,Low,4,68
79,23,Medium,54,High,2,68
77,28,High,89,Low,3,68
60,7,High,69,Medium,0,59
97,23,Medium,96,Medium,2,74
84,5,Medium,53,Medium,1,62
68,14,Low,87,High,2,64
97,30,High,70,High,0,76
97,17,Medium,63,High,2,70
100,13,Medium,76,High,0,69
95,19,Medium,74,Medium,0,69
100,32,High,67,Low,4,74
70,9,Medium,82,High,2,62
94,14,Medium,83,Medium,2,70
93,29,Medium,54,Low,4,71
69,31,Low,80,Medium,4,68
64,19,Low,86,High,3,66
99,13,Medium,54,Low,3,67
72,33,Medium,83,High,3,71
95,30,Medium,90,Medium,3,74
60,24,Medium,92,Low,3,65
61,15,Low,52,High,1,60
79,20,High,85,High,2,69
70,19,Medium,90,Medium,2,65
88,22,Low,70,Medium,3,69
83,29,Low,77,Medium,1,70
63,25,Low,63,High,0,65
67,14,Low,66,Low,0,57
76,28,Medium,75,Medium,0,68
67,22,High,58,High,2,67
92,24,Medium,69,Medium,2,70
77,29,Medium,65,Medium,1,68
64,13,High,62,High,1,62
79,20,Medium,74,High,1,67
64,17,High,92,High,0,66
65,11,Low,62,Medium,2,60
70,22,Low,83,High,0,65
94,35,Medium,63,High,1,75
97,9,Medium,57,Low,4,67
93,20,High,97,Medium,1,71
73,24,Low,82,Low,0,63
71,21,Medium,55,High,2,67
82,19,Medium,82,High,2,68
89,12,Low,59,High,2,65
100,21,High,94,Low,1,72
65,15,Medium,62,Medium,1,61
62,7,High,90,Low,1,60
88,27,High,60,High,2,72
93,26,Medium,78,Medium,2,72
94,20,Medium,96,Low,2,70
87,21,Medium,65,Low,2,67
98,26,Medium,54,Medium,0,71
80,21,Low,78,Medium,0,66
97,25,High,59,High,0,72
99,18,Medium,86,Medium,1,70
94,28,Low,80,Medium,2,71
72,22,Low,67,Low,2,64
68,21,Medium,85,Medium,3,66
82,12,Low,62,High,2,64
78,22,Medium,96,Medium,0,67
95,15,Low,67,Low,3,67
64,16,Low,88,High,1,64
70,15,Medium,63,Low,0,61
90,14,High,86,High,4,99
64,33,Medium,52,Medium,3,67
73,28,High,65,Medium,3,72
75,32,Low,55,Low,1,66
85,13,High,73,Low,3,68
66,20,Low,72,High,1,64
94,12,High,68,High,1,69
78,16,High,99,Medium,0,65
97,14,High,62,Low,1,66
79,27,High,90,High,3,73
71,18,Medium,72,Medium,0,63
66,26,Medium,67,Medium,3,66
60,24,Medium,60,Medium,3,65
81,34,Medium,82,Medium,1,71
64,11,Low,67,Medium,1,58
76,28,Medium,91,Medium,0,68
84,27,Medium,98,Medium,0,69
71,14,Low,61,High,0,63
67,26,Medium,56,Medium,1,66
91,22,Medium,66,Medium,0,69
98,19,Low,73,Medium,3,69
64,15,Medium,65,High,2,63
66,16,High,99,Low,1,65
98,32,High,89,Low,2,76
62,20,Medium,98,High,0,67
99,25,Medium,69,Low,1,70
60,15,Low,65,Medium,1,60
95,15,Low,70,High,2,68
72,26,Medium,76,Medium,1,68
98,12,High,87,Low,2,70
73,18,High,94,Medium,1,68
86,20,High,73,High,3,69
63,21,Medium,64,Medium,0,62
70,19,Low,66,High,1,64
91,22,Medium,85,High,2,71
81,24,Medium,78,Medium,1,68
97,24,Medium,74,High,0,72
77,14,Medium,60,Medium,1,64
95,18,High,94,Medium,6,73
78,27,High,89,Medium,0,69
99,25,Medium,57,Low,1,70
98,12,High,68,Medium,3,69
73,22,Low,77,Medium,1,64
95,8,Medium,73,Medium,2,66
94,20,Medium,70,Medium,1,69
68,31,Medium,86,High,1,68
85,14,Low,53,Medium,4,65
63,15,Low,74,High,4,62
93,25,High,63,High,2,75
67,11,Medium,54,Medium,0,60
63,16,High,73,Medium,0,63
76,24,Low,59,Medium,2,66
83,16,Medium,63,High,0,67
94,19,Medium,75,Low,1,68
99,24,Medium,99,Medium,0,72
78,23,Medium,84,Low,0,66
62,22,Medium,64,Medium,0,63
90,18,High,69,Medium,1,71
83,22,Medium,70,Low,2,67
78,19,Medium,58,Medium,1,66
72,23,Medium,58,High,2,66
80,17,High,57,High,4,68
74,19,Medium,76,Medium,1,66
90,14,Medium,84,High,0,68
82,20,Medium,80,High,3,68
95,15,Medium,99,Low,0,68
82,13,High,56,Medium,2,66
70,22,Low,99,High,1,66
94,21,High,73,Medium,0,70
82,25,Medium,61,High,1,68
68,17,Medium,97,Medium,2,65
85,22,High,73,Low,1,70
74,23,Medium,67,Medium,3,66
94,23,High,61,Medium,0,68
78,15,Medium,63,Medium,1,64
89,21,Medium,99,Medium,0,69
64,22,Medium,65,Medium,2,65
76,20,High,99,Medium,3,69
99,7,High,67,Low,1,66
92,21,Low,62,High,1,68
66,33,Medium,59,Medium,3,70
71,18,Medium,71,High,1,65
73,16,Medium,62,High,0,65
86,22,Low,85,Medium,1,68
90,22,Medium,62,Low,0,67
90,27,High,92,High,0,72
80,12,High,92,High,1,70
92,24,High,64,Low,1,72
77,24,High,88,High,1,71
65,19,Medium,93,Low,1,64
83,22,High,80,Low,2,69
98,26,Medium,68,Medium,4,73
92,25,High,72,Low,1,70
83,13,Medium,89,High,1,68
86,25,Medium,65,High,2,71
97,20,High,67,Medium,1,71
77,20,High,58,Low,0,66
73,20,High,70,Medium,3,68
99,19,High,54,Medium,0,70
95,27,Medium,66,Medium,3,72
73,19,High,69,Low,1,66
79,13,High,63,Medium,3,65
77,18,High,55,Medium,3,66
66,21,Medium,76,High,3,65
98,27,Low,93,High,0,72
76,24,Medium,67,Medium,2,68
95,15,Medium,62,Medium,0,68
68,35,High,64,Low,0,67
82,22,Medium,93,Medium,2,68
61,28,Medium,76,High,1,67
91,19,High,57,Medium,3,69
83,23,Low,85,Low,2,65
85,25,Medium,58,Medium,2,70
62,27,Medium,53,High,1,64
68,26,Medium,63,Medium,2,66
63,25,Medium,58,Low,1,64
72,18,High,80,High,1,66
85,17,Medium,74,Medium,1,67
83,22,Low,86,Medium,3,68
84,26,Medium,76,Medium,5,71
82,19,Low,71,High,1,67
71,26,Medium,76,High,3,69
70,29,Low,72,Medium,1,67
65,15,High,52,Low,4,61
94,15,Medium,84,Medium,0,68
85,19,Low,98,Low,2,67
67,22,Medium,71,Low,1,64
67,17,Medium,71,Medium,3,63
95,28,Medium,52,Low,3,72
90,23,Medium,95,High,2,69
86,20,High,96,Low,1,66
76,11,Medium,91,Medium,1,64
70,12,Medium,55,Low,2,61
99,22,High,95,Medium,2,71
92,7,Medium,51,Low,0,63
72,26,Low,72,Medium,2,65
94,19,Low,75,High,2,71
90,39,High,92,High,2,78
72,34,High,88,Medium,1,73
77,19,Medium,90,Low,1,65
67,19,Medium,93,Low,0,66
64,26,Low,74,High,3,66
89,30,Medium,89,Medium,3,74
71,10,Low,53,Medium,4,62
93,9,Low,72,High,1,66
100,16,High,52,High,4,71
63,23,Medium,96,High,2,67
79,23,Low,98,High,0,69
92,26,High,54,Medium,2,72
92,13,High,77,High,2,72
90,6,Medium,66,Medium,2,65
74,25,High,67,High,1,71
78,15,Medium,73,Medium,0,64
84,8,Low,56,Medium,1,61
99,21,Low,59,Medium,1,69
73,25,Medium,79,Low,1,65
97,19,Low,51,Medium,3,69
71,17,Medium,80,Medium,2,64
100,19,Low,66,Medium,1,69
87,18,Medium,92,Medium,1,68
79,12,Low,80,Medium,1,63
85,16,Medium,85,Low,1,66
71,23,Medium,56,Medium,1,65
71,22,Medium,63,High,2,66
65,21,Medium,100,Medium,3,67
65,14,High,72,Medium,3,62
74,19,High,68,Medium,2,66
91,7,Medium,94,High,3,68
84,21,Medium,52,Medium,2,68
64,29,Medium,77,Low,0,63
94,11,Low,61,High,1,66
84,16,Low,68,High,3,65
98,22,Medium,60,High,1,72
87,28,Medium,52,Medium,4,70
67,17,Low,71,High,1,63
79,16,Medium,89,Medium,0,65
86,8,Low,98,High,1,65
61,21,High,81,High,1,66
61,32,Medium,69,High,0,68
65,22,Low,88,Medium,2,64
70,20,Medium,75,High,3,66
77,22,Medium,68,Low,3,68
79,20,Medium,59,Low,0,64
66,15,Medium,90,Medium,2,62
87,25,Medium,75,Medium,0,67
84,21,High,98,Low,1,67
72,20,Medium,90,Medium,1,65
61,14,Medium,71,Low,2,59
63,28,High,87,Medium,0,66
76,24,Low,73,High,4,68
66,17,Medium,54,High,2,63
75,26,Low,76,Medium,2,68
85,17,Low,93,High,2,68
82,15,Medium,93,Medium,3,66
69,15,Low,79,High,1,63
74,9,Low,69,Medium,3,61
85,23,Medium,51,High,0,68
94,9,Low,66,High,0,66
90,13,High,99,Medium,1,69
82,8,High,86,Medium,0,64
74,19,Medium,86,Medium,1,68
75,19,High,88,Medium,0,66
95,18,Medium,81,Medium,0,68
62,14,High,79,Medium,2,62
100,13,Low,73,Medium,1,68
87,23,High,72,Medium,1,69
87,17,High,94,High,2,70
62,22,Medium,70,High,4,65
84,15,Medium,92,Low,3,68
79,21,High,92,Medium,0,67
64,28,Medium,89,Low,0,64
71,24,Medium,52,Low,2,63
96,18,Low,57,Medium,1,67
82,22,Low,66,High,1,66
77,19,Low,92,High,2,67
63,20,Medium,94,Medium,2,63
89,18,Medium,52,Medium,3,69
88,19,High,66,High,3,70
85,21,Medium,93,High,0,70
80,14,Medium,62,High,0,65
77,14,Low,99,Low,2,64
84,12,High,74,Medium,1,67
69,10,Medium,97,Low,1,61
98,13,High,71,Medium,1,70
84,21,Low,66,High,2,68
72,15,Medium,68,Medium,0,64
78,23,Medium,94,High,1,68
92,20,Low,67,Medium,1,68
66,8,High,83,High,0,63
72,24,Medium,73,Low,1,65
87,25,Medium,97,Low,4,69
73,14,High,58,Medium,2,63
92,23,Medium,71,Low,1,69
65,15,Low,56,High,3,61
91,21,High,79,Low,2,69
63,12,Medium,70,High,1,62
61,9,High,53,Low,0,58
96,18,High,92,Medium,2,71
83,19,Low,69,High,5,69
74,18,Medium,75,High,1,68
69,13,Low,70,Medium,0,61
85,18,Medium,74,High,3,67
80,22,High,51,Medium,2,68
100,20,Medium,91,Medium,3,72
99,21,Low,67,High,1,71
85,16,Medium,86,Medium,3,67
78,27,Medium,53,Medium,3,68
80,13,Medium,76,Medium,0,64
87,23,High,95,Medium,3,73
64,27,Medium,70,Low,0,65
73,23,High,60,Low,1,67
63,19,Medium,55,High,0,63
63,17,Medium,93,Medium,0,63
68,26,Medium,62,Medium,4,69
79,11,High,99,High,1,68
91,14,Medium,62,Medium,2,68
79,18,High,74,High,3,69
73,27,High,73,High,5,73
63,22,High,53,High,3,66
82,14,Medium,77,Medium,3,68
71,18,Medium,84,Medium,2,65
85,16,Medium,87,Medium,4,67
99,16,Medium,76,Medium,2,70
64,26,High,91,Medium,1,66
68,12,High,88,Medium,3,64
79,30,High,60,Medium,1,69
99,25,Medium,70,Low,1,71
91,27,Low,57,Medium,0,68
96,17,Medium,57,High,2,68
73,19,Medium,86,Low,0,66
100,11,High,77,Low,2,70
64,17,High,80,Medium,0,65
62,23,Low,87,Medium,1,63
94,28,Medium,64,Low,0,70
97,13,Medium,70,Low,0,67
64,18,Medium,80,Medium,1,63
65,19,Medium,55,High,1,64
61,12,Medium,92,Low,2,60
64,24,Medium,67,Medium,0,62
68,16,High,83,Medium,2,65
99,19,Low,100,Low,0,69
87,17,High,74,Medium,1,68
91,15,Medium,61,Medium,1,66
91,20,High,61,High,4,72
81,19,High,53,Medium,2,68
92,18,Medium,88,Medium,3,69
84,16,Medium,65,Medium,1,65
73,22,Medium,59,High,0,65
82,30,Medium,86,Low,2,70
81,21,Low,65,Medium,1,67
93,26,Medium,80,High,4,73
99,12,High,71,High,2,70
76,21,Medium,67,Medium,1,66
91,13,Medium,74,Medium,1,68
64,11,Medium,66,Medium,2,61
91,16,High,94,Medium,0,70
75,27,Low,54,Medium,2,66
62,26,Medium,52,High,4,67
75,21,High,70,High,1,69
84,11,Low,59,Medium,2,64
65,19,Medium,87,High,0,65
97,22,Medium,68,High,7,75
63,21,Medium,63,High,2,63
97,9,Medium,68,High,5,69
88,15,High,61,Medium,2,68
73,20,Low,65,Medium,2,66
76,23,Medium,78,Low,2,66
90,7,Medium,93,Low,4,66
84,19,Medium,69,Medium,2,68
87,21,Medium,66,Low,1,65
76,25,High,89,Medium,3,70
80,24,High,51,Medium,3,68
100,23,Medium,65,Medium,1,70
69,15,Medium,73,Low,2,61
77,9,Low,80,Low,3,61
72,18,High,58,Low,6,64
91,26,Medium,72,Low,4,71
91,28,Medium,78,High,1,72
72,24,High,76,Medium,1,66
63,23,Medium,79,Medium,0,63
60,22,Low,83,Low,3,62
77,17,Medium,69,Medium,3,65
76,19,Medium,53,Medium,2,66
100,30,High,53,Low,2,72
79,14,Medium,93,High,2,68
70,30,Low,84,High,2,70
96,18,Medium,88,Medium,1,70
80,28,High,96,Medium,2,73
84,12,High,88,Medium,2,67
64,24,Low,85,Medium,3,65
75,16,Low,83,High,1,65
98,12,Medium,63,Low,0,65
84,21,Medium,98,Medium,0,70
74,26,Low,77,Medium,3,66
85,15,Medium,61,Medium,0,65
96,11,High,60,High,2,68
71,19,Medium,91,Medium,3,66
80,19,Medium,63,Low,1,65
98,23,High,52,Medium,2,71
67,26,Medium,71,Low,2,65
89,20,Medium,91,Low,0,70
85,31,Medium,71,Medium,0,69
87,21,Medium,90,Medium,3,71
74,18,High,91,Medium,0,67
73,10,Medium,93,Medium,3,64
87,18,Low,79,Low,1,82
69,18,High,85,Medium,2,66
77,26,Medium,63,Low,1,66
68,23,Medium,55,High,1,65
60,13,Medium,77,Medium,2,61
99,21,High,51,Medium,2,72
77,24,Medium,73,High,3,70
99,29,Medium,55,Medium,0,71
66,25,Medium,55,High,4,84
83,25,High,94,High,2,72
68,20,High,82,Medium,1,67
92,22,Low,82,High,2,72
91,27,High,70,Low,1,70
65,12,High,71,Medium,1,62
96,18,Medium,65,High,3,71
68,15,Medium,72,Low,3,62
85,22,Medium,79,Medium,1,68
99,27,Medium,59,High,2,74
95,16,High,63,High,0,68
98,6,Low,75,Medium,1,64
74,18,Medium,69,High,0,65
64,25,Low,91,Medium,1,66
68,23,High,91,Medium,5,68
80,23,Medium,67,Medium,2,67
92,18,Medium,73,Medium,1,67
66,12,High,99,Medium,2,63
86,23,High,91,Medium,2,71
73,15,High,61,Medium,1,63
74,33,Low,64,Medium,0,66
86,23,Medium,54,High,2,67
79,17,High,84,Medium,0,66
92,16,Medium,66,Medium,2,70
66,19,Medium,77,High,3,64
92,19,Medium,88,Medium,1,71
63,27,High,92,High,0,68
68,21,Medium,66,Low,2,64
86,16,Medium,62,Medium,1,66
94,31,Medium,92,Low,1,72
70,20,Medium,69,Low,2,66
73,25,High,91,Medium,0,70
81,16,Medium,57,Medium,1,66
68,22,Medium,96,High,1,68
92,22,Low,74,Medium,2,70
91,9,Medium,59,Medium,0,64
66,32,High,77,High,3,71
79,28,High,94,Medium,2,72
91,18,Medium,69,High,5,71
73,13,Low,59,Medium,0,63
85,22,Medium,79,Low,1,68
62,21,Medium,92,Medium,1,63
84,22,Medium,56,Medium,0,66
66,21,Medium,52,Medium,1,63
93,23,High,53,High,1,72
74,29,High,62,Medium,3,70
71,23,Medium,50,Medium,1,65
94,14,High,71,Medium,0,67
62,28,High,85,Low,2,66
76,30,Medium,86,Medium,1,69
75,39,High,82,Medium,1,73
71,13,High,65,Medium,2,66
96,21,Medium,87,Medium,0,70
90,8,High,79,High,2,68
63,23,Medium,93,Low,2,65
89,17,Medium,74,Medium,1,67
81,32,Medium,59,High,2,71
96,15,High,82,High,2,70
73,10,Low,58,Medium,5,61
83,17,Medium,98,High,0,69
80,8,Medium,85,Low,1,63
80,25,Medium,88,Medium,0,67
78,8,Medium,84,High,0,65
68,20,Medium,55,High,0,63
90,8,Medium,73,Medium,3,67
78,18,High,83,Low,2,66
98,30,Medium,61,Low,0,72
70,22,High,84,Medium,3,68
87,15,Medium,91,High,1,67
98,20,Medium,64,Medium,1,72
87,20,High,60,Medium,0,66
95,23,Medium,94,Medium,1,73
93,12,High,50,High,4,71
74,24,Low,63,Low,1,65
84,4,Medium,70,Medium,5,65
66,16,Medium,84,High,2,65
81,17,Medium,100,Medium,2,68
69,24,Medium,69,High,7,70
90,20,Low,97,Medium,1,68
81,12,Medium,68,Low,0,62
76,14,Medium,85,Medium,3,66
71,21,Medium,58,Medium,3,65
100,20,Medium,73,Medium,1,71
63,17,Medium,94,Medium,0,61
62,17,Medium,66,Medium,2,63
69,24,High,55,Medium,3,67
99,17,Medium,76,Medium,2,70
99,19,Medium,72,Medium,3,73
86,33,Medium,61,Medium,1,72
95,11,Medium,95,Medium,1,69
69,9,Medium,80,Low,1,61
99,25,Medium,67,Medium,1,71
66,16,Medium,100,Medium,1,64
64,18,Medium,57,Low,1,61
64,15,Medium,92,Medium,3,63
83,18,Low,62,Medium,2,65
91,30,Medium,62,High,3,73
75,25,Low,75,Medium,2,68
99,25,Medium,83,Medium,1,72
77,12,Low,85,Low,1,62
66,13,Medium,51,High,3,63
79,3,Medium,64,Low,0,58
87,15,Medium,83,Medium,1,68
93,26,High,94,High,1,74
78,23,Medium,83,Medium,1,68
84,19,Medium,63,Medium,1,67
71,20,Medium,75,Medium,0,65
86,16,Low,82,Low,0,63
99,21,Low,57,Medium,2,71
62,25,Low,77,Medium,0,62
95,10,Low,74,High,2,66
82,22,Medium,67,Low,1,65
70,26,Medium,81,High,0,66
98,18,Low,82,High,3,71
79,24,High,99,Low,2,68
73,37,High,71,Medium,0,72
67,19,High,77,Medium,1,66
70,22,Low,58,Medium,4,66
93,16,High,77,Low,2,67
85,21,High,52,Low,5,71
97,23,High,57,High,2,72
69,21,Medium,59,Low,3,64
65,14,High,82,Low,1,60
60,21,Low,78,High,2,64
80,29,Low,90,Medium,2,70
100,23,Low,73,Medium,3,72
88,26,High,74,Medium,0,68
72,19,Low,58,Medium,0,62
95,24,Low,87,Medium,0,68
91,22,High,50,High,2,72
61,14,Low,71,Medium,0,60
93,22,High,59,Medium,3,72
72,14,High,89,Low,2,65
66,16,Low,84,Medium,3,63
69,21,Low,85,Medium,2,66
79,22,Medium,57,Low,1,65
77,13,High,83,Medium,1,65
72,26,High,85,Low,2,67
67,23,Medium,50,Medium,4,65
90,16,Medium,66,High,0,67
100,11,Medium,54,Medium,1,66
91,19,High,84,Low,2,71
72,17,Medium,61,Medium,1,64
70,21,Low,63,Low,0,61
69,18,High,54,High,1,65
65,8,Medium,74,Medium,1,61
82,18,Low,52,High,1,64
84,18,High,92,High,0,69
88,24,Medium,51,Medium,4,71
87,16,Medium,53,High,3,70
72,30,Medium,82,High,1,70
73,9,Medium,96,Medium,0,62
87,28,Medium,95,Medium,2,73
74,19,High,54,Medium,0,66
69,25,Medium,64,Medium,1,66
75,20,Medium,76,Low,3,66
71,27,Medium,51,Medium,3,66
64,18,Medium,76,Medium,2,65
93,13,Low,72,Low,2,67
94,29,Medium,79,High,6,76
69,19,Medium,96,Medium,0,66
63,21,Medium,64,Medium,1,63
90,27,Medium,82,Medium,0,71
68,14,High,71,Medium,1,63
76,24,Low,72,High,1,67
63,16,Medium,82,Medium,0,63
69,19,Medium,98,High,0,66
92,20,Medium,93,Medium,3,72
92,11,Medium,82,High,4,70
68,15,Low,73,High,0,62
73,28,Medium,71,High,0,69
65,25,Medium,89,Low,2,66
63,20,Medium,61,Medium,2,64
100,21,Medium,79,Low,2,70
86,18,Medium,75,Medium,0,67
82,28,High,82,Medium,1,71
91,19,Medium,59,Medium,1,69
94,21,Low,85,High,1,70
92,27,Medium,81,Medium,0,70
61,15,Low,59,High,1,61
67,29,High,72,Low,0,65
86,11,High,84,Medium,0,67
75,30,Low,95,Medium,1,70
99,18,Medium,56,Medium,2,67
87,19,High,50,Low,3,68
98,9,High,58,High,2,69
68,17,Medium,99,Medium,1,65
95,14,Medium,88,High,2,68
73,16,Medium,81,High,1,67
100,19,High,57,Medium,1,70
66,26,High,71,High,2,68
81,21,Medium,86,High,1,69
92,22,Low,95,High,0,70
77,13,High,69,High,2,67
79,15,High,100,High,4,70
99,31,Low,57,Medium,1,74
77,16,Low,69,Medium,1,63
84,30,Medium,94,High,1,72
62,19,Medium,82,High,0,62
94,20,Medium,91,Medium,1,71
86,26,Low,95,Medium,0,68
76,28,High,75,Medium,3,72
61,19,High,62,Medium,1,64
84,18,Low,85,Low,0,64
61,20,High,78,Low,0,63
60,22,Medium,89,High,2,66
85,25,Medium,76,Medium,2,71
68,20,High,91,Medium,4,70
68,24,Medium,95,High,3,67
86,30,High,87,High,0,73
62,22,Medium,87,Low,2,64
73,22,Medium,79,Low,4,65
66,11,Medium,74,Medium,3,62
83,4,Medium,99,High,1,64
86,22,Medium,82,Low,1,67
89,19,High,92,Medium,5,74
70,17,Medium,75,High,1,63
64,21,Low,78,High,1,64
63,20,Low,83,Medium,4,64
77,27,High,86,Low,1,70
98,21,Medium,72,Medium,3,71
69,16,Medium,68,Medium,0,63
70,26,High,62,Medium,0,66
64,19,High,71,Medium,1,65
84,23,High,61,Medium,2,70
87,17,Low,71,Low,2,65
86,16,Medium,94,High,0,68
94,21,High,99,Medium,1,72
79,20,High,79,Medium,0,67
65,23,High,57,High,1,65
72,18,Medium,71,Medium,2,66
86,9,High,80,High,1,67
85,17,Low,69,Medium,1,65
81,25,Medium,60,Medium,2,68
87,18,Medium,61,Medium,2,68
85,19,High,74,Medium,1,69
95,26,Low,61,Medium,2,71
83,16,Medium,62,Medium,0,64
91,11,High,94,Low,1,65
70,19,Medium,89,Medium,1,64
87,17,Medium,53,Medium,3,67
96,14,High,66,Medium,3,70
75,19,High,77,Medium,1,66
91,23,Medium,53,High,3,70
89,20,High,84,Medium,1,70
62,22,Medium,69,High,1,64
83,31,High,70,Low,3,71
65,18,High,63,Medium,1,63
99,22,Medium,67,Medium,1,72
92,17,High,93,High,4,72
64,15,Low,89,High,0,61
65,16,Low,97,High,2,63
84,17,High,85,Low,0,67
74,22,Low,79,High,3,67
61,34,Low,63,Medium,2,65
82,16,Medium,83,Low,0,64
76,18,Low,95,Medium,2,69
64,20,High,53,Medium,4,65
92,22,High,72,High,1,71
97,22,Medium,57,Medium,0,70
90,28,Medium,91,Low,0,98
93,5,Medium,81,Medium,1,65
69,6,Medium,94,High,1,63
71,17,Medium,53,Medium,0,61
68,27,Low,95,Medium,1,67
91,11,Medium,53,Medium,0,64
98,2,Medium,64,High,1,65
89,23,High,58,High,2,73
95,21,High,57,Medium,1,69
86,13,High,59,Medium,3,67
76,14,Medium,74,High,0,63
77,14,High,89,High,0,67
63,21,High,95,Low,2,66
61,16,High,78,Medium,2,64
88,23,Low,58,High,2,68
78,3,Medium,54,Medium,2,61
82,15,Medium,75,Medium,1,66
82,13,Medium,88,Medium,0,65
71,18,High,81,Medium,0,65
79,17,Medium,79,Medium,3,67
79,25,Medium,52,High,1,68
76,9,Medium,71,Medium,1,63
93,20,Medium,78,High,1,70
78,23,High,80,High,0,68
84,31,Medium,50,Medium,2,69
96,17,Medium,60,High,0,67
95,22,Medium,97,Medium,0,69
96,9,Low,75,Medium,1,65
71,6,High,85,Medium,1,61
61,25,High,65,Medium,3,65
70,20,Medium,79,Low,4,67
71,27,High,68,Medium,1,66
96,12,Medium,65,Medium,2,69
86,23,Medium,71,Medium,3,71
63,31,High,73,High,1,68
65,23,Medium,67,High,3,65
66,22,Medium,63,Medium,1,64
85,20,Low,81,Medium,1,68
89,11,High,69,Low,1,64
94,28,High,60,Medium,1,71
98,16,Medium,88,High,1,70
68,23,Medium,86,High,0,68
72,11,Medium,94,Medium,2,63
70,13,High,78,Medium,0,61
74,29,Low,64,Medium,2,66
97,18,High,93,Medium,5,75
83,29,High,64,High,2,71
90,20,Medium,83,Medium,1,69
80,9,Low,60,High,2,62
61,25,Medium,81,Medium,0,65
63,16,Low,92,Medium,0,61
82,24,Medium,77,Medium,3,69
89,20,Low,74,Low,1,66
69,11,Medium,100,High,1,64
89,21,Medium,51,High,1,69
92,33,High,67,High,6,78
76,23,High,96,Low,2,68
90,20,High,82,High,2,70
76,26,Medium,77,Low,1,68
87,21,Low,82,Low,0,68
91,21,Medium,66,Medium,1,69
100,13,Low,54,Medium,0,68
74,21,Low,64,High,3,80
76,26,Medium,67,Medium,1,67
67,15,Medium,74,Low,1,64
68,29,Low,70,Medium,0,64
88,19,Medium,76,Medium,1,68
97,15,Medium,60,Low,4,67
76,26,Medium,59,Medium,0,65
67,18,High,68,High,0,66
71,25,Low,74,Medium,4,67
78,18,Medium,67,High,0,64
72,20,Low,79,Medium,1,66
69,23,Low,66,Medium,1,63
89,22,High,59,Medium,5,71
60,8,Medium,93,High,0,62
82,13,High,60,Medium,1,64
92,26,Medium,98,Low,2,72
71,19,Medium,99,High,0,65
84,17,High,85,Low,1,67
87,12,High,75,High,1,65
86,14,Low,90,Low,0,63
78,8,High,94,High,1,65
74,19,Medium,85,Medium,1,67
93,16,Medium,55,Medium,0,67
90,14,Medium,50,Low,0,65
73,20,High,60,Medium,1,64
64,22,Low,59,High,0,64
63,33,High,59,High,1,69
64,11,Medium,75,Medium,1,60
83,27,Medium,76,Medium,1,70
62,26,High,86,Low,2,66
73,15,Medium,60,Medium,3,66
90,21,Low,55,Medium,2,68
72,17,Medium,83,Low,3,62
91,21,High,74,Medium,0,70
90,29,Medium,83,Medium,0,72
70,24,Low,69,Low,1,64
89,23,Medium,88,Low,1,71
90,17,High,84,Medium,1,67
76,11,Medium,83,Low,3,64
68,19,High,51,High,1,64
81,27,High,93,Medium,0,72
97,11,Low,69,Low,3,66
86,14,Medium,57,High,3,68
67,21,Medium,88,Medium,1,95
87,14,Low,74,Medium,0,64
77,15,Medium,52,Medium,1,64
84,17,High,89,Low,2,68
89,12,Low,72,Medium,1,67
81,14,Medium,88,Medium,1,67
93,24,Medium,88,High,1,71
89,12,Low,55,Medium,1,63
85,10,Medium,81,Medium,3,66
66,16,High,68,High,2,65
93,24,Low,77,Medium,0,68
97,19,Low,54,Medium,0,68
65,17,High,79,Medium,0,62
80,20,Medium,89,Low,0,67
70,10,High,99,High,1,65
90,23,Medium,66,High,2,71
89,22,High,58,Medium,4,71
66,18,Medium,68,High,1,61
95,26,Medium,51,Medium,1,70
67,13,Low,70,Medium,0,60
92,27,Medium,96,Low,0,70
78,21,High,60,Medium,1,67
73,18,Medium,74,Medium,3,66
66,20,Low,79,Low,2,63
67,19,Medium,59,Medium,3,65
86,27,Medium,67,High,5,75
82,14,Medium,96,High,2,66
65,15,Medium,65,Medium,1,61
65,26,Medium,82,Medium,1,65
63,16,Medium,57,Low,2,61
90,25,High,83,High,2,73
88,30,Medium,64,High,1,73
62,18,Medium,62,Medium,1,63
82,24,Medium,56,Low,1,67
63,13,High,52,Medium,2,62
96,25,Low,98,Low,1,71
96,21,Medium,71,Medium,2,70
88,23,Medium,89,Medium,0,70
97,16,Medium,96,Medium,4,69
92,10,Medium,60,Medium,3,66
93,23,High,93,Low,1,72
83,8,Low,85,High,1,63
72,18,Medium,79,Low,1,65
69,26,High,90,High,3,71
73,21,Medium,56,Medium,5,66
85,32,Low,63,Medium,2,69
67,26,Medium,57,Low,0,62
70,16,High,95,High,1,66
79,20,Low,55,Medium,3,66
69,20,Low,99,Medium,1,64
84,11,Medium,55,Low,0,63
97,14,Medium,83,Medium,0,68
90,17,Medium,83,Medium,5,68
87,8,High,97,High,2,67
83,20,Low,66,High,1,67
80,19,High,67,High,2,68
67,10,Medium,92,High,1,65
96,22,High,99,Low,4,74
70,24,High,52,Medium,1,85
64,21,Medium,82,Medium,2,64
90,18,Medium,62,Low,3,67
67,24,High,86,High,2,68
75,24,Medium,89,Low,0,67
61,22,Medium,88,High,1,65
65,15,High,72,High,2,63
67,22,Medium,58,Medium,1,64
62,27,Low,79,Low,0,62
86,16,High,89,Low,1,68
93,33,Medium,96,Medium,0,75
75,17,Low,73,Medium,0,63
95,20,Low,62,Medium,2,68
69,16,Medium,56,Medium,2,63
73,21,High,90,High,0,68
66,10,High,77,Medium,0,62
85,17,Medium,84,Low,3,67
77,13,High,58,High,2,66
85,21,Medium,50,Medium,1,65
90,26,Medium,98,Medium,0,69
82,24,Medium,91,High,2,70
85,6,Medium,70,High,0,64
97,32,Medium,73,High,0,75
72,22,Low,96,Low,1,66
74,15,Low,60,Medium,2,62
89,21,Medium,90,Low,4,70
84,21,High,51,High,0,68
67,16,High,94,Medium,1,66
75,21,High,79,Low,0,65
79,16,Medium,74,High,3,68
77,18,Medium,85,High,2,68
67,16,Medium,53,Medium,2,62
97,11,Medium,60,Low,2,66
90,21,Low,70,Medium,2,68
79,24,Medium,81,High,0,69
87,23,Low,57,Medium,2,67
96,25,High,69,Low,3,74
65,22,Medium,63,Low,2,61
70,17,Medium,82,High,2,64
82,25,Medium,96,Medium,1,69
92,12,Medium,58,High,2,66
61,15,Medium,59,Medium,0,61
99,14,Medium,80,Medium,3,71
78,26,High,73,High,2,71
74,26,Medium,86,Medium,2,69
72,23,Medium,64,Medium,1,66
67,26,Medium,77,Low,2,64
92,15,Medium,69,Low,1,68
98,22,Medium,64,High,0,71
77,19,Medium,86,High,0,66
98,25,Medium,90,Medium,1,94
93,19,High,66,Low,1,68
79,18,Medium,81,Medium,1,66
87,23,Low,59,High,4,70
77,25,Medium,90,Medium,1,68
82,16,Low,64,High,1,65
62,20,Medium,59,Medium,3,64
88,14,Medium,97,High,0,69
62,5,High,71,High,1,59
93,21,Medium,82,Low,2,70
93,24,Low,90,High,0,72
69,22,Medium,84,Low,0,64
73,8,High,78,Medium,0,63
79,18,Medium,69,Medium,2,67
84,7,Medium,96,Medium,1,62
71,28,Medium,57,Medium,1,69
84,13,Medium,94,Medium,3,66
72,28,Low,85,Low,4,66
62,26,Medium,79,Low,1,63
60,15,Medium,66,Medium,2,62
64,13,High,57,Medium,1,58
92,22,Low,72,Medium,0,67
98,15,Medium,89,Medium,2,68
77,21,Medium,87,High,1,67
81,17,Medium,82,Medium,3,67
66,9,Medium,100,Low,3,62
82,7,High,99,Medium,2,66
66,21,Medium,70,Medium,1,65
84,17,High,60,Medium,0,67
97,17,Low,73,Medium,1,69
68,24,High,92,Medium,1,67
91,27,Medium,73,Low,0,69
61,18,Low,67,Medium,2,62
75,18,Medium,87,Medium,3,67
64,23,Low,83,Medium,0,63
74,12,Medium,98,Medium,2,65
67,21,Medium,77,Medium,3,66
75,23,High,98,Medium,3,71
77,24,High,65,Low,1,70
72,8,High,93,High,4,68
86,15,Medium,68,High,0,67
97,15,High,90,Medium,2,71
76,21,Medium,96,Low,1,65
68,23,Medium,81,Low,1,64
71,29,Medium,86,Medium,1,69
94,17,Low,98,Medium,1,68
83,17,Low,69,Medium,4,67
78,27,Medium,76,Medium,1,71
66,22,Low,95,Medium,1,64
78,28,High,84,Medium,2,69
71,22,High,94,Medium,1,68
98,13,Low,81,High,1,69
95,12,Medium,87,Medium,0,67
63,11,High,51,Medium,0,58
81,24,Medium,67,Low,0,66
69,27,High,89,Medium,2,69
76,31,High,70,Medium,3,70
95,25,Low,68,Medium,1,70
81,27,Low,98,Medium,0,70
73,17,High,78,High,0,66
68,13,High,60,Low,1,61
92,25,Medium,74,Medium,3,71
85,23,Low,76,High,2,69
79,21,Medium,99,Medium,2,69
69,22,Medium,86,High,0,65
73,22,High,76,High,3,69
98,28,High,72,Medium,1,74
81,28,Medium,96,Medium,2,71
76,23,Medium,82,High,0,68
81,25,High,68,High,0,69
91,23,Medium,73,Low,3,68
74,17,Low,64,Medium,2,63
67,25,Medium,98,Medium,0,68
83,12,Medium,85,High,2,67
87,26,High,70,Medium,3,71
89,13,High,59,High,0,66
95,22,Medium,59,High,2,69
75,15,Medium,74,High,3,68
63,23,Medium,73,Medium,1,63
98,20,Medium,71,Medium,0,69
77,10,High,93,Low,3,66
85,23,Medium,99,Medium,1,71
87,17,High,68,Medium,2,68
82,25,Medium,65,Medium,0,69
68,20,Medium,89,Medium,0,65
90,22,Low,72,Medium,0,68
92,14,Medium,61,High,0,67
82,16,Medium,59,Medium,1,65
80,17,Medium,64,Low,1,65
65,25,Low,50,Medium,2,64
63,30,High,97,High,1,69
74,15,Low,72,High,2,64
72,26,Medium,54,Medium,2,66
98,7,Low,58,Medium,2,65
91,13,Medium,66,High,2,69
86,14,Medium,78,Low,3,66
81,12,Medium,85,Medium,0,64
67,10,Medium,65,Medium,1,61
99,22,Medium,98,Medium,1,72
75,19,Medium,88,Medium,1,67
64,22,Medium,91,Low,0,63
80,24,High,66,Medium,1,69
95,22,High,69,Low,3,70
95,24,High,77,Medium,1,71
60,20,Low,73,Medium,0,60
95,13,High,63,Medium,3,70
71,26,High,100,Low,1,69
62,16,High,92,Medium,0,63
94,14,Medium,62,Medium,2,69
95,19,Medium,95,Medium,0,71
84,15,High,79,Medium,1,68
83,17,High,51,Medium,0,64
93,22,Medium,67,Low,0,68
91,22,Medium,51,Low,2,69
96,15,Low,54,Medium,0,65
82,17,Medium,59,Medium,3,68
99,26,High,74,Medium,1,74
100,23,Low,69,High,0,72
65,32,Medium,57,High,1,67
94,27,High,70,High,1,73
80,27,Medium,65,Medium,1,68
76,12,Low,71,Medium,0,61
85,25,High,59,High,3,70
62,20,Low,80,Medium,1,62
80,17,Medium,52,Medium,2,67
95,21,High,69,Low,0,69
69,26,High,95,High,0,93
77,23,High,71,Medium,3,68
98,15,Medium,72,Medium,1,69
77,24,Medium,53,Medium,2,68
74,16,High,80,Medium,0,64
78,21,Medium,97,High,0,69
81,18,Medium,65,Medium,2,66
85,19,Medium,70,Medium,4,68
92,25,Medium,79,Medium,3,72
78,14,Medium,55,High,2,63
93,32,Medium,98,High,0,73
81,9,Medium,73,High,1,65
74,16,High,56,High,1,65
86,22,Medium,67,Low,0,68
89,24,Medium,69,High,3,70
82,19,Medium,67,Medium,0,65
62,20,Medium,85,High,2,66
67,22,High,67,Medium,1,66
71,19,High,66,Medium,2,65
71,28,High,66,Medium,2,69
87,25,High,89,Low,1,69
61,25,High,65,Medium,2,64
90,14,Medium,51,Medium,1,66
71,20,Medium,68,Low,1,63
72,18,Medium,64,High,4,68
81,14,Medium,95,High,2,68
69,22,Medium,74,High,1,65
95,17,Medium,62,High,1,69
63,24,Medium,99,Medium,2,66
78,14,Medium,62,Medium,1,63
94,30,Medium,88,Low,2,72
85,15,Medium,82,High,2,67
72,21,High,73,High,1,67
77,25,Medium,70,High,0,68
88,17,High,94,High,2,71
99,25,High,74,Medium,1,73
96,13,Medium,69,Medium,2,68
74,29,Medium,68,High,0,69
100,20,Medium,64,Medium,0,69
60,16,High,70,Medium,3,63
61,18,Medium,56,Medium,3,62
93,25,Medium,53,Medium,0,70
68,16,Medium,77,High,1,66
62,16,Medium,73,Medium,3,62
69,19,High,59,Medium,2,64
77,13,Medium,55,Medium,2,63
89,31,Medium,57,Medium,1,71
85,17,Medium,66,High,1,67
70,25,High,73,Low,2,67
80,21,High,60,Low,1,67
97,14,Medium,88,Low,2,71
93,20,Medium,60,High,0,69
73,25,Medium,56,Medium,2,93
99,19,Medium,100,High,1,72
88,27,High,72,Medium,1,71
62,26,Medium,59,Medium,1,63
61,26,Low,95,High,0,65
67,17,Medium,62,Low,0,61
89,14,Low,96,Medium,2,66
67,16,Medium,56,Medium,1,61
80,21,Medium,92,Medium,1,67
64,23,Low,59,Medium,3,64
97,7,High,97,Low,3,69
74,20,Medium,79,Low,1,64
96,21,Medium,59,Medium,2,70
98,18,Medium,92,High,2,73
60,28,Medium,70,Low,0,63
79,23,Medium,87,Medium,2,68
61,28,Low,82,Low,0,64
96,19,Low,86,Medium,3,69
81,26,Medium,67,Medium,3,69
63,30,Low,97,High,2,67
64,28,Low,78,High,3,69
75,13,High,54,Medium,1,62
98,18,Medium,53,Low,0,66
88,18,Medium,87,Low,2,68
95,23,Low,92,High,1,71
75,24,Low,85,Medium,1,66
62,15,High,64,Low,2,62
99,20,Low,61,Low,1,68
61,8,Low,78,Medium,0,59
98,29,Medium,60,Medium,0,70
75,17,Low,69,High,1,66
60,20,Medium,81,Medium,3,65
88,18,Medium,64,Medium,0,66
99,27,Medium,69,Medium,2,73
99,3,Low,68,Medium,2,65
66,20,High,73,Medium,0,65
67,19,Medium,84,High,0,64
83,17,Medium,89,Medium,0,69
85,30,Medium,83,Medium,2,74
90,15,High,51,High,2,68
67,25,Medium,95,Low,0,65
98,22,High,79,Medium,2,72
86,28,Medium,96,Medium,2,71
94,16,Medium,98,High,0,69
82,16,High,73,Low,3,67
77,27,High,96,Medium,0,71
99,23,Low,68,Low,1,68
83,11,Medium,63,Low,3,63
95,17,Medium,54,High,2,69
98,22,Low,73,Medium,1,68
87,25,High,84,High,2,73
82,16,Medium,99,Medium,3,69
60,3,Medium,76,Medium,0,58
62,23,Low,87,High,1,65
68,13,Medium,95,Medium,2,63
67,8,Low,77,Low,1,59
70,3,Medium,58,Medium,0,58
72,25,Medium,92,Medium,1,66
74,21,High,79,Medium,0,67
77,19,Medium,88,High,3,67
64,28,Medium,83,High,2,67
62,24,Low,53,High,0,65
87,30,Medium,58,High,1,71
81,12,Medium,64,Medium,2,66
78,20,High,64,Medium,2,68
85,10,High,92,Medium,0,65
93,19,High,80,High,1,71
77,19,Low,54,Medium,2,64
86,24,High,69,Medium,1,72
98,20,Low,78,Low,4,69
94,24,Medium,63,Medium,1,70
77,24,Medium,52,Medium,0,66
86,33,Medium,69,Medium,0,70
67,18,Low,73,High,0,62
82,14,Medium,95,Low,1,66
99,21,Low,95,High,2,70
81,15,Low,75,Low,1,63
97,29,Medium,74,High,1,73
76,18,High,82,Medium,2,70
100,17,High,63,High,1,71
83,17,Medium,64,Low,1,65
62,24,Low,50,Medium,1,64
83,19,Low,54,High,1,66
71,16,Low,59,Low,1,82
61,30,High,82,Low,2,68
93,15,Medium,61,Medium,1,67
71,20,High,56,Low,5,68
92,24,High,81,Low,2,69
72,10,Medium,83,Medium,0,63
68,23,High,53,Medium,3,66
99,14,Medium,89,Medium,0,68
74,25,Medium,80,High,4,71
84,14,High,70,Medium,2,69
84,24,Medium,99,Low,1,70
82,27,Medium,51,Medium,3,70
97,25,Medium,77,Medium,1,73
87,22,High,58,Medium,0,68
76,19,Low,66,Medium,1,65
94,17,High,57,High,4,72
67,29,Low,83,High,2,67
82,16,Medium,70,Low,4,68
98,14,Medium,99,Medium,0,69
85,24,Medium,83,Medium,1,70
93,15,Medium,96,High,1,69
86,14,High,62,High,1,68
94,11,Medium,66,Medium,2,65
98,17,High,68,Medium,1,70
71,20,Low,92,Medium,1,65
67,21,Low,61,Medium,0,61
79,26,Low,97,Medium,1,69
88,23,Low,52,Medium,0,67
69,19,Medium,94,Medium,1,65
60,19,Medium,73,Medium,3,63
74,23,High,76,Medium,0,67
99,28,Low,100,High,6,76
88,21,Medium,94,Medium,0,70
76,17,High,95,Medium,1,67
68,14,High,79,High,2,66
74,11,High,98,Medium,1,65
67,24,High,84,Low,0,65
64,23,Medium,91,Low,2,63
96,23,High,86,Medium,3,74
100,19,High,89,Low,2,72
67,28,High,82,High,1,68
62,17,Low,86,Medium,2,62
73,26,High,72,Low,1,65
78,20,Medium,85,High,1,69
68,16,Low,64,Medium,2,61
72,24,Medium,82,Medium,2,67
68,22,High,76,Medium,1,66
91,22,Medium,95,Low,1,70
89,20,High,84,Medium,5,72
85,20,Low,80,High,3,69
75,34,Medium,66,Low,0,68
96,27,Medium,93,Medium,2,74
99,24,Medium,53,High,1,70
67,21,Medium,95,Medium,1,67
69,26,Medium,83,Medium,4,68
81,23,Low,59,High,2,69
64,20,Low,95,High,4,66
77,18,Low,66,Medium,3,66
83,20,High,58,High,1,68
81,1,Medium,66,Medium,1,60
73,21,Medium,98,High,0,69
82,17,Medium,88,High,1,66
98,30,High,96,Medium,1,77
68,20,Low,65,Medium,1,63
86,13,Low,54,Medium,3,66
62,20,Medium,78,High,1,64
63,14,High,74,High,1,63
82,23,Medium,86,Low,0,68
64,22,Medium,77,High,1,65
61,26,Medium,70,High,1,65
67,15,High,50,High,0,64
83,20,Medium,73,High,0,68
88,12,Medium,56,Low,0,62
68,24,Medium,96,Medium,1,67
87,23,High,96,High,1,73
67,23,High,90,High,2,69
85,20,Medium,58,Medium,0,65
76,22,Medium,57,Medium,1,66
86,30,Medium,78,High,4,73
100,18,Medium,86,High,1,72
98,21,Medium,95,Medium,3,72
60,13,High,95,Low,1,61
95,15,Medium,58,High,2,69
63,21,Medium,100,High,1,66
98,27,High,58,High,1,74
71,18,Low,92,High,1,64
75,19,High,79,Medium,1,66
64,18,Medium,84,High,2,64
64,17,High,80,High,3,66
89,22,High,93,Medium,2,72
98,11,High,82,High,1,71
84,28,Medium,92,High,1,70
89,16,Medium,58,High,2,67
90,24,High,93,Medium,1,71
71,12,Low,100,Medium,2,63
62,24,High,83,Medium,1,64
60,24,Medium,99,Medium,2,64
74,22,Low,61,Medium,1,65
70,14,Medium,91,Medium,2,65
62,21,Low,58,Medium,2,62
67,13,High,76,High,2,65
65,18,High,83,Medium,1,64
97,26,Medium,83,Medium,2,74
66,25,High,84,Medium,2,67
82,20,Medium,66,Low,0,66
84,14,High,99,High,3,70
82,24,High,50,Medium,0,68
64,20,Medium,81,Medium,0,64
73,6,Medium,93,Medium,0,58
62,25,Medium,95,Medium,1,65
76,20,High,86,Medium,2,68
68,27,Medium,79,Low,2,64
82,13,High,73,Medium,4,66
88,1,High,72,Medium,3,92
81,22,Medium,71,High,2,69
77,22,High,85,Medium,2,68
75,10,Medium,87,Medium,2,63
94,14,Medium,76,Low,0,64
69,37,High,87,Medium,1,68
89,18,Low,76,Medium,0,67
90,24,Medium,55,Low,1,68
77,16,Medium,93,Medium,1,66
72,7,Medium,94,Medium,4,66
79,19,High,63,Medium,4,68
64,18,High,89,Medium,1,64
62,18,Medium,76,High,2,63
64,19,Medium,56,Medium,0,62
67,22,High,70,Medium,2,66
80,19,Medium,54,High,0,65
94,12,Low,89,Medium,1,66
69,23,High,60,Medium,2,66
97,8,High,58,Medium,2,69
98,8,Medium,60,Low,1,67
98,24,High,61,Medium,6,75
94,23,Medium,84,High,0,73
75,20,Medium,82,Medium,0,66
63,12,Medium,56,Medium,4,61
83,16,Medium,86,Medium,5,68
82,18,Medium,67,Medium,1,67
94,10,High,73,Medium,1,66
100,16,High,56,Medium,1,69
80,24,Medium,85,Medium,3,69
74,29,High,69,Medium,1,67
67,17,Medium,82,High,0,65
60,25,Low,71,Medium,2,63
80,9,Low,52,Medium,1,63
82,24,Medium,85,Medium,1,66
93,15,Medium,78,Medium,0,66
80,22,High,72,Medium,2,69
97,19,Medium,60,High,3,72
85,28,Medium,81,Medium,2,70
94,15,High,64,Medium,2,68
66,24,Medium,71,High,1,66
94,18,Medium,53,Low,3,67
87,19,Medium,89,High,0,68
67,19,Low,55,Medium,0,62
68,15,High,95,Medium,1,64
97,20,Low,93,High,1,71
61,20,Medium,99,High,0,65
79,21,Medium,95,Medium,0,69
73,21,Medium,99,Medium,1,65
87,25,Medium,94,Medium,0,71
94,26,Medium,56,Low,1,69
74,14,Medium,72,High,2,65
77,25,Medium,54,Low,2,66
99,13,Medium,77,Medium,0,68
91,24,High,76,High,0,72
96,24,High,96,High,1,74
78,9,Medium,98,Medium,3,64
69,21,Low,63,High,0,64
76,17,Medium,79,Medium,1,63
89,15,Low,73,High,2,66
64,28,Medium,77,Medium,1,67
71,16,Low,77,High,4,64
62,15,High,96,Low,0,62
77,20,Low,95,Medium,0,66
93,24,High,56,Medium,4,71
61,19,Low,67,High,1,63
87,27,Medium,88,High,1,72
97,23,High,84,Medium,1,71
69,7,Medium,82,Low,1,61
88,17,High,100,Medium,1,71
99,17,Medium,67,Medium,2,69
98,23,High,76,Medium,3,74
69,4,High,99,Medium,0,61
64,35,Low,85,Medium,2,68
66,23,High,82,Medium,1,67
88,21,Low,58,High,3,70
89,27,Medium,62,Medium,0,69
87,34,Low,69,Medium,3,72
73,25,Low,73,Medium,1,66
67,26,Medium,75,Medium,2,67
83,21,Medium,95,Medium,4,70
79,19,High,55,Medium,3,68
89,17,Medium,62,Low,2,68
78,15,High,57,Medium,2,65
74,16,Low,87,Medium,0,63
72,12,Low,99,Low,0,62
68,20,High,95,Medium,0,66
71,10,High,86,Medium,1,62
64,21,High,51,Low,0,61
74,20,Medium,67,Low,0,63
61,21,Medium,93,Medium,3,65
67,17,Low,83,High,3,64
90,38,Medium,60,High,2,74
73,28,Medium,73,Low,2,70
87,13,Medium,54,Low,2,63
89,21,Medium,76,Low,3,68
83,16,High,95,Medium,2,69
98,14,High,52,Medium,1,70
61,12,Medium,81,Medium,2,62
90,23,Medium,62,High,3,71
98,16,Low,100,Medium,2,69
94,26,Low,53,High,0,69
67,26,High,81,Low,4,68
73,28,Medium,63,Low,0,65
67,15,High,94,Medium,1,65
84,23,Low,56,Low,1,65
88,24,High,71,High,2,72
73,17,Low,59,Medium,2,63
82,15,High,90,Medium,2,68
88,30,Medium,68,Medium,1,72
77,21,Low,59,Medium,3,66
94,24,Medium,86,Low,2,71
91,15,Low,91,Medium,0,67
63,13,Medium,73,Medium,2,61
85,17,High,69,High,4,70
69,19,Medium,82,Medium,2,64
82,14,Medium,83,Medium,0,64
98,20,High,83,Low,0,68
95,10,Medium,64,High,4,70
76,13,Medium,97,Low,4,65
72,24,High,61,High,3,67
69,24,Low,69,Medium,0,65
81,18,Medium,64,Low,1,65
65,14,High,97,Medium,3,65
82,14,Low,91,High,1,66
60,18,High,91,Medium,2,62
73,24,Medium,50,Medium,1,63
69,26,Low,84,Low,0,63
99,17,Medium,62,Medium,3,70
89,13,High,98,Low,0,67
74,22,High,77,High,0,66
64,15,Medium,78,High,2,63
81,17,Low,68,High,1,66
69,28,Medium,77,Low,3,67
81,25,Medium,87,Medium,1,68
93,21,High,78,Low,1,67
85,12,High,82,Medium,1,66
85,21,High,74,High,2,71
82,26,Medium,86,Medium,0,69
97,18,Low,95,High,1,72
97,28,Low,53,High,0,70
81,28,Medium,55,Medium,2,68
72,30,Medium,84,Medium,1,68
78,22,High,69,Low,2,67
67,24,Medium,64,Medium,1,62
85,28,Low,59,Medium,1,67
80,23,Medium,79,High,1,69
64,17,High,67,Medium,3,64
68,17,High,75,Medium,2,66
79,21,Low,98,High,2,69
96,12,High,88,High,0,70
83,19,Medium,90,High,3,69
87,27,Medium,56,Medium,3,72
74,7,Medium,66,Medium,1,61
83,29,Medium,55,Medium,2,68
78,27,Medium,98,Medium,1,68
86,17,Medium,84,Low,0,66
62,23,Medium,51,Medium,5,65
80,20,Low,74,High,2,66
72,27,Medium,63,Medium,1,67
73,26,High,77,Medium,0,68
98,12,Medium,59,Low,1,67
67,24,Medium,53,Low,0,63
72,19,Low,66,Medium,0,64
80,20,Low,65,Medium,1,66
95,16,Medium,86,High,0,69
77,30,Low,74,Medium,3,70
90,26,Medium,65,Medium,3,72
94,16,High,79,Medium,2,71
72,12,Medium,54,Medium,3,63
76,18,High,83,High,1,68
74,23,High,57,Medium,1,67
93,21,Low,64,Medium,2,69
62,28,Medium,64,Medium,1,65
72,25,Low,73,High,4,69
87,26,Medium,98,Medium,0,71
83,22,Low,66,Medium,2,67
77,12,Medium,64,Low,2,64
82,19,Medium,58,High,2,68
68,26,Low,70,High,1,67
77,20,Low,59,Low,1,62
80,23,Medium,57,High,2,68
96,18,Medium,93,Medium,0,72
70,14,High,53,Medium,0,61
95,19,Low,86,Low,0,67
86,22,Medium,60,High,0,70
61,16,Medium,51,Low,1,59
89,19,Medium,90,High,0,70
61,14,Medium,85,Low,1,60
100,27,Medium,67,High,1,74
95,18,High,54,Low,0,68
72,29,Medium,68,Medium,0,67
70,29,Low,59,Medium,2,67
75,20,Medium,97,Low,0,66
74,14,Medium,76,Medium,1,63
75,7,Medium,98,Medium,1,62
73,11,Low,68,High,3,64
85,12,Medium,78,Medium,3,68
67,28,Medium,60,Medium,0,65
94,21,Low,90,Medium,1,71
92,22,Medium,52,Medium,1,68
79,7,High,85,Low,0,62
94,13,High,70,High,1,68
70,25,Medium,79,Medium,3,68
61,22,Medium,80,High,3,67
85,19,Medium,86,Medium,0,67
78,23,High,60,High,2,70
83,30,Medium,77,Low,0,69
96,19,Medium,71,Low,2,70
99,20,Low,64,Medium,1,69
85,21,Medium,75,High,1,70
91,34,Low,98,Medium,0,72
63,7,Medium,97,Low,1,59
66,24,Medium,64,Medium,0,64
89,19,High,94,High,0,72
77,23,High,94,Low,0,70
78,16,High,62,Low,0,63
72,20,Medium,80,High,1,66
84,24,High,93,High,3,72
67,39,High,76,High,2,71
85,25,High,68,High,1,71
67,15,Medium,83,Low,3,62
63,17,Medium,59,Medium,1,62
73,17,Low,58,Medium,4,64
69,9,High,92,High,2,65
96,18,Low,52,High,1,68
62,24,Medium,90,High,0,67
67,12,Medium,65,Medium,1,61
82,26,Low,74,Low,2,68
79,23,High,77,Medium,1,68
62,16,Medium,88,Medium,1,62
60,19,Low,94,Medium,1,62
100,30,High,90,High,0,74
86,24,Medium,79,Medium,0,68
75,20,High,67,Low,1,66
79,19,Medium,76,Medium,1,67
71,20,Medium,52,High,1,65
74,17,Medium,62,Medium,2,66
86,7,Medium,68,High,5,67
95,32,Medium,66,Medium,5,76
67,21,High,55,Low,2,66
94,22,Low,53,Low,1,68
65,20,Medium,71,High,2,63
69,16,High,54,Medium,4,65
61,19,Medium,64,High,3,63
66,10,Medium,74,Medium,2,59
97,34,Medium,60,Medium,2,74
78,13,Low,54,Medium,2,62
63,14,Low,72,Low,3,59
98,17,High,72,Medium,0,71
95,28,Medium,96,Medium,1,73
90,20,Medium,56,High,0,68
97,13,Medium,81,Medium,3,68
69,28,Medium,66,Medium,0,66
93,24,High,56,Low,1,69
88,23,Medium,70,Medium,2,70
95,24,High,71,Medium,1,74
92,34,Medium,68,High,0,75
74,33,Medium,88,Medium,2,71
91,16,High,92,High,2,71
70,30,Medium,57,Medium,1,65
73,22,Medium,58,Low,1,65
64,23,High,71,Medium,2,65
97,10,Medium,66,Medium,2,67
72,19,Medium,91,Medium,1,67
81,15,Medium,100,Medium,1,67
76,25,High,59,High,4,71
98,26,Low,88,High,1,72
73,8,High,80,Medium,0,62
91,20,Low,82,High,0,70
94,27,High,63,Medium,0,72
77,19,Medium,55,Low,0,64
75,24,Low,77,High,1,66
90,22,Medium,81,Low,0,69
97,22,Medium,98,High,0,71
90,18,Low,84,Medium,2,68
69,13,Medium,72,Medium,2,63
96,13,High,100,Medium,4,71
76,24,Low,69,High,3,65
83,20,High,58,Low,0,66
93,19,Low,81,Low,2,68
68,17,Medium,63,Medium,0,61
91,18,High,96,Low,2,71
84,26,High,71,Medium,0,70
96,18,Low,57,High,1,66
67,12,Medium,57,High,0,61
77,24,Low,82,High,1,67
93,19,Medium,68,High,1,72
61,20,High,68,High,1,65
64,30,Medium,81,High,3,68
100,20,Medium,61,Low,3,70
71,22,Low,57,Medium,1,63
99,13,Low,83,High,1,69
67,19,Low,50,Medium,0,62
74,24,High,95,High,1,71
90,11,Low,59,Low,1,64
86,21,Medium,72,High,0,69
83,21,High,61,Medium,2,71
81,20,Medium,61,Low,0,63
94,26,High,92,Low,1,72
69,22,Medium,79,Medium,1,66
78,29,Medium,66,High,2,69
66,14,Medium,63,Medium,0,60
84,21,High,61,High,1,68
70,21,High,78,Medium,3,65
73,14,Medium,87,High,2,67
79,26,Low,63,Medium,0,66
61,34,Medium,67,Medium,1,68
64,20,Medium,86,Low,0,63
87,23,High,87,High,1,73
77,21,Medium,60,Medium,1,66
95,16,Medium,69,Low,2,67
88,9,Medium,93,Low,2,66
60,16,Low,87,Medium,0,60
85,12,High,58,High,1,67
64,30,Medium,69,Medium,3,67
91,19,Medium,99,Medium,0,70
100,18,Low,76,High,1,69
81,25,Low,86,Medium,1,68
87,13,Low,55,High,1,67
69,15,High,92,Medium,0,63
78,20,Medium,80,High,2,70
94,26,Medium,59,Low,4,71
67,23,High,69,High,1,67
71,21,Medium,54,Medium,1,64
78,20,Medium,89,Low,0,66
88,22,Medium,87,Medium,1,70
75,21,Low,75,Medium,1,65
97,14,Medium,73,Low,2,68
64,20,Low,73,Medium,3,65
75,14,Medium,52,High,3,65
88,20,Medium,68,Medium,0,69
69,17,Medium,56,Medium,1,63
86,35,Medium,59,Low,2,70
67,20,Low,98,Low,1,64
62,12,High,63,Medium,1,62
65,19,High,74,High,1,66
97,23,Low,94,High,2,73
82,30,High,71,Medium,3,72
92,16,Medium,76,Medium,0,68
73,11,High,58,Medium,0,62
84,25,Low,64,Medium,2,67
80,12,Low,75,Medium,1,62
98,17,High,68,High,2,72
90,18,High,52,Low,2,67
89,20,Medium,70,High,1,68
62,24,High,91,Low,2,65
82,16,Medium,56,Medium,0,79
79,18,Low,51,High,2,66
97,20,Medium,56,Medium,1,68
70,21,Low,84,Low,1,65
71,21,High,90,Medium,3,67
76,23,High,52,Medium,3,67
70,25,Medium,94,Low,1,67
65,22,Medium,81,Medium,5,68
94,23,High,76,Medium,3,72
82,11,Medium,63,High,1,65
94,20,Medium,69,Low,0,65
93,23,Medium,97,Medium,1,70
71,24,Medium,96,Medium,2,67
82,16,High,81,Medium,1,68
63,16,Medium,79,Medium,2,63
97,17,Medium,61,Medium,2,68
76,23,High,98,Medium,0,69
76,26,Low,88,Low,2,66
72,18,Medium,69,High,2,64
78,25,Low,91,High,3,69
70,21,Medium,61,Low,1,62
75,19,High,61,Medium,0,65
92,19,Medium,90,Medium,1,70
93,24,High,78,Low,1,72
72,22,Medium,78,Medium,1,66
79,34,Low,79,High,3,70
95,15,Medium,56,Medium,3,67
62,23,High,67,High,1,65
96,17,Low,79,Medium,3,68
69,15,Medium,62,Low,2,62
87,20,Medium,75,Low,1,68
83,21,Medium,78,High,2,69
82,38,Low,97,Medium,2,72
94,19,Medium,62,Low,0,65
64,13,High,72,Medium,2,63
74,22,High,99,High,0,68
82,8,Low,59,High,1,62
92,19,Medium,89,Medium,0,69
69,20,Low,59,Medium,2,65
92,25,Medium,93,High,3,74
76,26,Low,74,High,4,70
68,17,Low,99,Medium,2,65
90,19,High,59,High,3,70
64,15,Low,84,Low,0,59
81,13,Medium,85,Low,1,63
63,22,High,86,Low,0,64
74,12,High,55,Low,0,63
84,18,Low,64,High,2,67
82,14,Medium,67,Medium,1,65
76,23,Medium,66,Medium,2,67
77,31,Medium,84,High,2,73
69,12,High,53,High,2,64
78,9,High,87,Low,0,65
98,19,High,76,Medium,2,72
94,20,Medium,59,High,3,72
66,21,Medium,61,High,2,66
61,17,Medium,55,High,1,62
97,19,Medium,73,Low,2,68
81,22,Low,80,Medium,1,67
82,26,Low,79,High,1,69
91,8,Low,98,High,1,67
73,18,Medium,65,Medium,1,63
79,21,Medium,88,Low,0,65
99,14,Medium,86,High,2,71
87,30,Medium,53,Medium,1,70
66,16,Medium,97,Medium,5,68
65,20,Medium,97,Medium,0,65
68,23,High,70,Medium,4,68
91,16,Medium,71,Medium,2,69
72,9,High,91,Medium,1,62
61,17,High,75,Low,2,62
98,26,Low,90,High,1,72
67,18,Medium,52,High,0,64
60,15,Medium,63,High,0,58
69,26,Medium,55,High,1,66
69,18,Low,73,Medium,1,64
77,17,High,93,Medium,3,68
97,21,Low,78,Low,0,69
95,25,High,76,Low,1,71
78,34,High,68,Medium,1,71
76,25,Medium,53,Medium,0,67
82,27,Low,88,High,2,71
70,17,Medium,79,Medium,2,64
62,14,Medium,97,Medium,0,62
98,20,Medium,72,Medium,1,70
67,21,High,70,Low,2,63
68,14,Medium,99,High,0,66
79,19,Medium,57,Medium,2,65
80,22,High,63,Medium,1,69
61,22,Low,74,High,1,63
66,23,Medium,76,Medium,1,64
75,22,Medium,77,Medium,2,66
87,17,Medium,61,Medium,4,67
69,17,High,96,High,2,66
77,13,High,85,Low,2,65
82,31,Medium,63,High,2,72
96,20,Medium,65,High,0,70
73,19,Medium,94,Medium,1,67
65,14,High,69,Medium,4,64
80,38,Medium,78,High,1,72
90,14,Medium,56,Medium,0,65
64,17,Low,63,High,0,62
77,22,High,71,Medium,3,67
61,24,Medium,83,Medium,0,64
61,26,Medium,64,Medium,0,63
79,31,High,98,Medium,1,72
72,23,Medium,61,Low,1,66
94,14,Medium,89,High,0,70
84,18,Low,68,Medium,0,66
78,22,High,92,High,1,70
76,32,Low,96,Low,0,67
80,12,Medium,59,Medium,1,64
62,27,Medium,75,High,2,67
96,21,High,58,High,0,72
100,25,Low,85,High,1,72
67,19,Medium,92,High,2,68
65,15,Medium,69,Medium,1,64
66,25,Medium,70,High,1,66
86,24,High,60,Low,0,68
86,26,Low,65,Low,0,66
94,20,High,66,Low,1,70
90,16,High,58,High,1,70
78,11,High,65,Low,0,62
85,25,Medium,95,Low,0,69
88,23,Medium,66,Medium,2,69
81,14,Medium,64,Medium,2,66
79,17,High,69,High,4,68
86,17,High,98,Medium,2,71
82,11,Medium,88,Medium,1,64
86,15,High,60,Low,2,67
85,13,High,88,Medium,2,68
89,18,High,88,Low,0,67
86,16,Medium,98,Medium,1,68
81,10,High,95,Medium,5,69
87,32,High,55,Medium,0,71
78,28,Low,73,High,3,68
70,15,High,85,High,0,65
60,22,Medium,99,Low,1,63
82,23,Medium,54,Low,0,65
84,27,High,68,High,3,72
99,15,Medium,75,Low,2,67
74,27,High,71,Medium,1,69
76,17,Medium,73,Medium,3,67
68,12,Medium,68,High,2,64
63,24,Low,99,Medium,0,62
91,28,Medium,90,Low,2,71
70,36,High,87,Low,2,70
84,13,Medium,71,Low,1,64
88,24,Medium,94,Medium,0,69
79,18,Medium,55,Medium,1,65
95,25,High,57,High,2,73
78,11,Low,98,Medium,2,64
71,12,High,78,Medium,2,64
96,15,Medium,58,Medium,3,70
94,20,Low,97,Low,2,70
67,16,High,99,High,2,64
61,24,Medium,94,Low,3,64
64,26,Medium,62,Medium,3,66
71,24,High,64,Low,1,66
99,30,Medium,70,Medium,2,74
82,22,High,79,High,2,69
75,13,High,100,Low,1,67
96,28,Medium,98,Medium,5,73
78,16,Medium,96,Low,0,66
73,25,Medium,54,High,2,67
98,29,High,88,Medium,3,75
94,23,High,94,Medium,2,73
94,11,Medium,67,Medium,2,67
80,14,Low,61,High,0,65
92,28,Medium,87,Medium,1,71
67,19,Medium,55,Medium,1,63
83,20,Low,97,Medium,2,68
99,25,High,58,Medium,0,72
72,24,High,73,Low,2,67
92,22,High,99,Medium,1,71
80,19,Low,99,Low,1,67
62,18,High,89,Medium,0,66
91,25,High,92,Medium,3,72
67,23,Low,98,Low,2,64
85,18,Medium,96,Medium,0,68
63,26,High,81,High,0,65
98,19,High,87,Medium,1,74
72,15,Low,80,Medium,4,65
69,15,Low,75,High,2,63
65,14,Medium,94,Medium,5,65
98,18,High,87,Low,0,70
88,27,High,93,Medium,0,71
90,15,Medium,55,Medium,1,66
80,21,Medium,79,Medium,2,69
79,16,High,66,Medium,2,67
64,18,High,76,Medium,1,64
82,11,High,81,High,2,67
70,19,High,92,Medium,1,67
99,19,Medium,52,High,1,70
92,23,High,58,High,2,71
77,21,Low,96,Medium,2,68
66,13,High,98,High,1,65
91,27,Medium,53,Medium,1,70
65,21,High,67,Medium,1,64
68,21,High,50,High,3,67
68,20,Low,88,Low,5,63
82,17,Low,84,Medium,2,65
91,21,Medium,78,Medium,2,70
73,23,High,85,Medium,1,67
63,10,High,77,Medium,3,60
79,17,High,62,Low,1,64
90,18,Medium,88,Low,1,65
69,22,Medium,89,Medium,0,64
69,27,Low,93,Medium,1,67
98,15,Medium,98,Medium,0,71
98,17,Medium,87,Medium,0,69
100,17,High,53,Medium,1,70
92,15,Medium,51,Medium,1,69
68,18,High,87,High,3,69
68,25,Medium,53,Low,2,64
74,14,Medium,66,Low,0,63
73,23,Medium,57,High,3,67
98,10,Medium,98,Medium,0,66
92,17,High,66,Medium,2,69
89,18,Medium,53,Medium,5,69
67,30,Medium,97,Medium,2,69
96,18,High,80,Medium,1,72
93,7,High,52,High,1,65
67,8,Medium,92,Medium,0,63
95,20,Medium,58,Medium,1,69
71,24,Medium,90,High,3,69
63,22,Low,80,Medium,2,64
86,21,Low,59,Medium,2,69
86,27,High,88,Medium,1,72
64,17,Low,73,Medium,1,62
73,25,Medium,82,High,1,66
100,10,Medium,93,Low,2,65
87,15,High,63,High,0,69
89,9,Low,68,Medium,1,65
69,18,Medium,100,High,3,67
63,20,Medium,75,Low,2,63
71,21,Medium,78,High,2,66
70,20,Medium,64,Low,0,61
69,14,Medium,71,High,1,64
68,19,Low,75,Medium,1,64
83,11,Medium,63,Medium,2,65
73,28,Low,62,Medium,3,68
93,18,High,80,Low,1,69
67,17,Medium,59,Medium,0,61
79,30,High,78,Medium,3,72
61,13,Low,85,Medium,4,61
79,13,High,60,High,1,66
62,13,Medium,87,Low,1,60
99,20,Low,68,Medium,1,69
92,23,High,100,Medium,1,72
80,24,High,99,Medium,2,69
63,35,High,90,High,0,71
84,7,High,67,Medium,1,64
90,24,Low,97,Low,3,71
68,17,Medium,100,Low,1,64
83,16,Medium,73,Medium,3,67
93,16,Low,81,Medium,2,67
91,15,High,50,Low,1,66
92,30,Medium,52,Low,3,73
95,25,High,75,Medium,1,73
98,20,Medium,80,Medium,0,70
76,28,Medium,66,Low,5,70
83,11,Low,55,Medium,0,62
92,12,Low,89,High,1,68
88,7,High,71,High,0,65
100,16,High,82,High,2,73
61,21,Medium,83,High,1,65
74,21,High,77,Medium,0,66
71,21,Medium,59,Low,3,64
70,12,High,81,Medium,0,63
69,25,Medium,66,Medium,0,62
88,21,Medium,91,High,0,70
63,24,Medium,60,Medium,3,65
90,9,Medium,65,Medium,0,64
88,22,Medium,72,Medium,4,70
70,13,Medium,87,Medium,1,62
70,18,Medium,86,Medium,5,67
85,23,Low,67,Medium,1,66
90,21,High,76,High,2,74
95,15,High,62,Medium,2,69
94,20,High,89,Medium,0,70
99,11,Medium,60,Medium,1,68
83,27,Low,91,Medium,3,70
96,19,Medium,97,Medium,3,71
92,27,Low,100,Medium,2,73
96,17,Medium,93,Medium,3,69
60,17,Low,61,Low,1,61
99,15,Medium,71,Medium,0,68
79,25,Low,54,Medium,1,66
92,16,Low,58,High,0,67
65,24,High,52,Low,1,64
76,18,High,82,Low,1,67
71,8,Medium,77,High,0,61
72,17,Medium,96,Low,2,65
65,13,High,73,Low,0,62
92,20,High,82,Low,0,69
60,13,High,70,High,1,61
73,26,Medium,91,High,4,69
67,19,Low,96,Medium,1,64
84,19,Low,72,Medium,1,65
70,24,High,54,Medium,1,64
70,26,High,58,High,1,68
80,20,Medium,86,Low,1,67
86,15,Medium,66,High,0,68
65,9,Medium,89,Low,2,61
67,16,High,87,Medium,5,69
70,16,High,85,Low,0,64
99,21,Medium,91,High,3,74
76,18,Medium,88,Medium,1,66
84,24,Medium,82,Medium,1,68
70,16,High,50,Medium,3,65
80,20,High,76,Medium,0,66
63,27,Low,80,High,2,66
61,22,Low,98,Medium,3,65
79,20,Medium,83,Medium,3,67
76,16,Medium,79,Low,0,65
65,16,Medium,77,Medium,1,63
88,15,Medium,55,High,1,67
100,17,High,71,Medium,2,70
76,25,High,57,High,0,68
85,19,Medium,53,Medium,1,66
99,12,Medium,66,Medium,3,67
93,31,Low,82,Medium,2,72
79,22,High,93,High,0,68
89,12,High,91,Medium,1,66
65,17,Medium,65,Medium,0,62
80,21,Low,52,High,1,65
71,30,Low,70,High,3,67
66,13,Medium,66,Medium,3,62
77,26,Low,69,Medium,1,66
65,28,Medium,78,Medium,1,67
88,16,Medium,52,Medium,2,68
78,18,Medium,69,Medium,1,66
81,14,High,78,High,0,68
66,19,Medium,72,Low,2,62
66,20,High,83,Medium,1,64
83,24,Low,59,High,1,68
99,27,Low,58,Low,2,71
64,16,Medium,65,Medium,2,63
71,8,Medium,55,High,1,62
95,20,Low,62,High,1,69
63,22,Medium,54,Medium,0,62
95,21,Medium,70,Low,3,71
81,18,High,86,Low,3,69
76,21,Medium,64,Medium,1,66
72,29,Medium,50,Low,0,64
72,22,High,78,Low,1,65
72,18,High,85,High,1,68
95,17,Medium,70,High,1,69
89,19,Medium,65,High,2,68
87,30,Medium,75,Low,3,71
92,19,Medium,55,Low,1,66
70,20,Low,82,High,2,65
85,17,Medium,87,High,1,68
78,27,High,85,High,0,72
91,32,Medium,66,High,3,75
72,23,Low,92,High,2,67
86,20,Medium,97,Medium,1,67
95,20,Medium,65,Medium,2,70
76,6,Medium,63,Medium,5,64
63,24,Medium,85,Medium,1,65
81,21,Medium,85,Medium,1,68
74,23,High,76,High,1,67
87,16,Medium,96,Low,1,66
98,18,Medium,57,High,0,69
79,18,High,74,Low,2,64
79,26,High,52,Medium,1,68
86,18,Medium,53,High,5,68
64,32,High,53,Low,1,65
70,23,Medium,75,Medium,0,65
97,12,Medium,79,Low,1,65
87,19,Medium,50,High,0,67
61,16,Medium,82,High,2,63
68,7,Medium,74,High,1,62
87,30,Medium,61,High,2,73
91,24,High,51,High,2,72
94,23,Medium,58,Low,5,71
72,21,Medium,80,Medium,3,67
97,12,Low,83,Medium,0,66
82,17,High,82,Medium,1,68
88,25,High,58,High,0,70
84,14,Medium,96,Medium,2,66
65,5,High,71,Low,0,56
99,19,High,88,Medium,1,71
65,19,High,58,Low,2,64
70,21,Medium,74,Medium,2,65
93,24,Medium,76,Medium,2,70
85,24,Low,89,High,1,70
94,22,High,81,Low,2,71
81,27,High,70,High,0,70
75,11,High,64,Low,3,62
97,23,Medium,99,Medium,1,72
61,24,Medium,64,Medium,0,62
94,13,Medium,56,Low,2,67
69,11,Medium,65,Low,0,58
94,16,Medium,66,Low,3,69
66,16,Low,56,Medium,0,60
83,25,High,85,High,2,72
96,16,Medium,81,Medium,0,66
79,15,High,66,Medium,2,66
90,16,High,100,Medium,1,69
92,27,Medium,83,Low,2,70
89,20,Medium,85,Low,2,70
97,19,High,78,High,0,70
78,19,High,78,Low,2,67
67,28,Medium,51,High,2,67
62,16,Low,89,Low,0,59
70,28,Medium,96,Medium,1,67
66,21,Medium,56,High,1,65
82,19,Medium,90,Medium,1,68
67,35,High,77,High,1,71
62,14,Medium,64,Medium,2,61
61,18,Medium,96,Medium,0,63
93,13,High,51,Medium,1,67
84,26,Medium,64,High,1,69
74,30,High,94,Medium,0,70
96,30,Low,74,Medium,0,69
63,27,Medium,80,High,1,66
99,19,Low,87,Medium,1,70
85,18,Medium,57,Medium,2,67
67,10,High,61,High,0,61
87,32,High,100,Medium,2,74
91,23,High,62,Medium,1,70
77,17,Medium,77,High,0,66
94,28,High,65,Medium,1,73
66,14,Medium,93,Medium,1,62
71,22,Low,98,Medium,2,65
64,19,Medium,57,High,0,62
68,24,Medium,80,Low,1,64
70,20,Medium,91,Medium,1,63
97,11,Medium,91,Medium,1,69
63,20,Medium,72,Medium,3,63
77,26,Medium,61,Medium,1,67
81,20,Low,69,Medium,1,65
96,25,High,88,Medium,0,71
100,14,Medium,100,Medium,3,71
90,20,Medium,78,Medium,0,69
99,16,High,60,Medium,2,71
91,24,Medium,52,Low,1,68
99,20,Medium,97,Low,2,70
88,24,High,74,Medium,0,71
63,27,Medium,86,Medium,1,68
76,24,High,83,Low,1,69
86,22,Medium,95,Medium,4,71
74,14,Medium,63,High,2,63
71,20,Medium,72,Low,4,66
83,17,Medium,96,Medium,1,67
97,18,Low,79,High,3,71
61,18,Low,54,Low,0,59
91,14,Medium,60,High,0,67
89,8,High,62,High,2,66
99,16,High,100,Low,1,72
97,21,High,61,High,0,70
90,12,Medium,93,Medium,3,68
81,20,Medium,54,Low,0,63
68,31,Medium,59,Medium,3,69
82,26,Medium,94,Low,0,67
91,30,High,95,Medium,1,75
96,22,Low,59,Low,0,67
92,27,High,61,High,0,74
68,16,High,77,Medium,1,66
84,16,High,53,Medium,2,65
73,4,Medium,97,Low,1,60
60,27,High,68,Medium,1,63
68,29,High,74,Low,3,69
65,17,High,55,High,1,64
94,18,Medium,52,Low,1,68
70,15,Medium,73,Medium,2,63
71,22,Medium,56,Medium,0,65
98,27,High,82,Medium,0,74
75,10,High,90,Medium,2,65
60,22,Medium,52,Medium,0,61
71,18,High,81,Medium,1,66
65,21,High,91,Medium,1,67
64,23,Medium,72,High,0,66
63,19,Medium,98,High,4,69
84,19,Medium,56,Medium,2,65
68,19,High,66,High,2,65
74,26,Medium,62,High,0,66
94,23,High,100,Medium,2,73
77,21,Medium,65,Low,2,64
97,12,Low,69,Medium,0,67
80,18,Low,92,Medium,0,67
76,25,Low,96,Medium,3,68
90,20,Low,97,Medium,2,71
63,24,Medium,78,Medium,0,64
64,31,Medium,83,Medium,1,67
86,26,Low,67,Medium,2,68
79,21,Medium,80,Low,1,67
92,17,Medium,65,Low,3,70
97,5,Low,87,Medium,2,64
76,19,Medium,65,Medium,0,63
84,18,High,94,High,3,71
80,22,Low,57,Low,1,64
99,19,Low,79,Low,3,70
93,18,High,76,Medium,3,70
96,9,High,63,Medium,1,67
70,14,Medium,51,Medium,1,62
91,23,Medium,57,Medium,2,69
71,30,High,98,Low,2,69
68,19,High,97,Low,0,62
98,22,Medium,56,Low,1,70
61,26,Medium,69,Medium,2,66
99,15,Medium,73,High,1,69
66,22,Low,74,Medium,3,65
93,16,High,65,Low,0,66
71,25,Medium,96,High,2,69
74,21,Medium,95,High,1,66
69,22,High,51,Low,1,65
83,15,Low,83,Medium,1,66
74,24,Low,54,Low,1,63
86,33,Medium,80,Low,0,72
61,14,Medium,93,Medium,3,62
63,18,High,82,High,1,64
64,21,Low,73,Medium,2,61
77,25,Medium,98,High,0,70
93,17,Medium,87,Medium,1,67
96,3,High,62,High,3,66
70,28,Medium,69,Medium,2,66
83,25,Medium,88,Low,1,68
91,10,High,51,High,0,67
72,16,High,53,Medium,1,65
76,29,High,93,Medium,0,70
81,29,Medium,52,Medium,1,69
65,26,Medium,84,Medium,1,68
61,19,Medium,66,Medium,0,61
66,20,High,91,Medium,0,65
85,19,High,92,High,3,71
63,27,High,98,Medium,0,66
68,15,High,55,Medium,0,62
74,15,Low,71,Low,0,61
63,26,High,79,High,1,67
68,20,High,96,Medium,0,66
96,28,High,63,Low,1,71
61,16,High,54,Medium,0,62
86,20,Medium,60,Medium,1,67
75,14,Medium,75,Medium,0,64
87,20,Low,84,Medium,2,68
84,11,Medium,85,Medium,3,67
69,17,Medium,54,Medium,1,63
94,11,High,88,High,2,70
80,24,High,83,Low,1,67
93,24,High,70,Medium,1,71
76,10,Low,79,Medium,3,62
99,28,Medium,88,Medium,3,75
91,35,Medium,63,Low,1,72
99,20,Low,97,Medium,4,73
81,16,Medium,57,Low,3,64
79,37,High,95,Medium,1,73
90,12,Low,87,Medium,2,66
95,20,Low,83,Low,1,69
99,21,Medium,54,Medium,1,70
73,28,High,96,Medium,1,70
92,22,High,65,High,0,71
68,17,High,87,Low,0,64
82,14,High,94,Medium,7,71
67,18,Medium,62,High,1,63
74,14,High,96,High,2,68
97,20,Medium,81,Medium,3,71
66,17,Medium,83,Medium,4,65
85,11,Medium,96,High,1,66
84,28,High,76,High,0,72
65,17,High,72,High,1,65
73,12,Medium,82,Low,1,60
83,19,Medium,78,Low,2,67
67,20,High,53,Medium,1,65
92,10,Low,59,High,0,64
99,22,High,51,High,2,72
69,14,Medium,55,High,3,62
67,30,Medium,86,Medium,0,67
78,23,Medium,50,Medium,1,67
90,18,Medium,65,Medium,4,69
71,16,High,72,High,1,65
61,19,High,97,Medium,0,62
82,24,Medium,66,High,0,69
98,20,High,89,Medium,1,72
76,19,High,70,Low,1,63
77,20,Medium,55,High,1,64
99,16,Medium,55,Low,1,67
88,18,Medium,72,Medium,2,70
89,7,Low,53,High,3,64
83,26,Medium,79,Medium,1,69
99,22,High,75,High,2,72
88,15,Medium,85,Medium,4,69
96,31,Medium,59,High,3,75
88,21,Medium,80,Low,1,67
89,14,Medium,59,Medium,1,67
72,25,Medium,86,Medium,0,66
72,22,Low,65,Medium,0,64
91,22,Low,81,Medium,2,68
72,17,Medium,94,High,1,66
83,23,Medium,74,High,3,69
70,18,Low,60,High,1,65
93,23,Low,94,Medium,2,70
64,9,Low,68,Medium,0,57
93,17,Medium,87,Medium,2,69
84,30,Low,66,High,0,70
67,15,Medium,65,Low,4,63
82,16,Medium,82,Medium,1,66
71,17,Medium,58,Medium,3,64
73,13,High,93,Medium,0,65
74,7,Medium,69,High,1,64
63,19,Low,51,Medium,2,62
99,21,Medium,65,High,1,71
61,20,High,89,Medium,1,64
86,19,High,93,High,1,72
75,20,Medium,78,Medium,0,64
86,26,Low,65,Medium,2,71
74,19,Medium,76,Medium,5,68
87,17,Medium,92,Medium,3,68
89,18,Medium,66,Medium,2,68
88,23,Medium,69,Medium,3,69
65,28,Medium,77,Low,1,67
86,16,Low,94,Medium,0,66
71,21,Medium,79,Medium,1,65
61,22,High,60,Medium,0,63
77,14,Low,54,High,1,62
77,20,High,55,High,1,67
79,11,Medium,98,Medium,2,65
88,9,Medium,91,Medium,1,66
72,22,High,88,Low,2,66
73,18,Medium,75,Medium,0,64
62,21,Medium,84,High,5,67
87,20,Medium,56,Medium,2,67
83,14,Low,81,Low,1,61
74,20,Medium,91,Medium,1,66
88,13,Medium,53,High,2,66
81,28,Low,65,Medium,1,67
79,12,Medium,56,High,1,64
80,19,Low,63,High,1,64
85,14,Medium,89,Low,2,67
86,23,High,67,Low,2,68
72,18,Low,84,Medium,2,64
66,17,Medium,89,Medium,0,63
66,25,High,91,Medium,2,68
86,20,Low,94,Low,2,64
95,23,Medium,80,Low,2,70
76,14,Medium,64,Low,3,64
67,12,Medium,58,High,0,59
90,21,Medium,75,High,4,71
93,18,Medium,55,Low,3,67
95,24,Low,96,Medium,3,73
84,20,Low,72,Low,3,66
94,21,High,94,High,2,73
61,10,Medium,85,High,1,62
64,31,High,93,Medium,1,69
64,19,High,94,Medium,3,66
89,24,Low,53,Medium,1,68
63,15,Medium,86,Medium,4,65
80,22,Medium,61,Medium,1,67
79,12,Medium,99,Medium,2,64
72,23,High,89,High,0,67
95,18,Low,50,Low,3,66
67,20,Medium,96,High,1,68
74,24,Medium,65,Medium,3,68
91,13,Low,71,Medium,1,64
61,16,Medium,81,High,2,63
87,23,Medium,96,High,2,72
93,33,Medium,96,High,1,75
97,19,Medium,78,High,2,71
95,24,Medium,66,High,2,71
73,19,Medium,64,Medium,4,66
83,32,Medium,68,High,3,71
63,10,Medium,59,High,0,61
70,21,Medium,83,Medium,1,65
64,10,Low,76,Medium,1,58
73,5,Low,89,High,1,62
95,22,Low,55,High,2,69
74,21,Low,70,Medium,1,65
82,18,Medium,62,High,3,69
77,19,Medium,77,High,1,68
78,39,Medium,73,Medium,0,70
99,18,Medium,72,High,4,72
72,23,Medium,66,Low,3,66
85,16,High,86,Low,2,68
77,22,Medium,74,Medium,2,67
62,19,Low,60,High,1,61
80,18,Low,77,Low,1,64
93,31,Medium,80,High,3,74
64,27,Medium,51,Medium,1,64
63,21,Low,60,High,2,64
66,6,Medium,62,High,2,61
91,18,High,62,High,3,71
89,36,Low,62,High,2,72
83,19,High,64,High,0,68
79,27,High,63,Low,2,69
96,29,High,94,Medium,2,74
91,21,High,66,Medium,3,70
92,15,Low,67,High,1,69
93,5,Low,63,Low,2,64
86,24,Low,98,Low,2,71
78,15,Low,77,High,0,65
95,21,Medium,81,High,0,71
97,13,High,87,High,1,71
61,18,Medium,67,Low,5,66
62,20,Medium,98,Medium,1,64
98,22,Medium,58,Medium,0,70
71,13,Low,73,Low,1,61
95,27,Medium,57,Medium,1,71
76,16,Medium,90,Medium,0,65
65,10,High,55,Low,0,59
63,19,Medium,78,Medium,3,63
66,20,Medium,55,Medium,1,64
70,21,Low,73,Low,0,63
80,28,High,64,High,1,70
88,19,Medium,95,High,1,70
99,19,High,53,High,1,72
78,13,High,82,Medium,0,65
81,25,Medium,85,High,3,71
81,21,Medium,94,High,3,70
82,17,Low,94,Medium,1,66
81,9,Medium,99,Medium,2,64
60,29,High,63,Low,0,64
60,13,Low,64,High,1,59
64,16,High,70,Medium,5,65
64,22,Medium,77,High,1,66
88,13,Medium,68,Medium,1,67
68,11,Medium,87,High,1,62
96,7,Low,50,High,1,65
97,24,Medium,51,High,3,73
99,17,Medium,86,Medium,1,70
98,38,Medium,94,Low,2,75
71,14,High,89,High,0,66
80,14,Medium,56,High,1,65
67,17,Medium,97,Medium,1,64
92,21,Low,76,High,2,70
96,17,High,87,Medium,0,71
94,24,Medium,60,Low,0,68
77,14,Medium,77,Medium,1,64
90,12,High,67,High,2,67
64,9,High,99,Medium,6,65
62,7,Medium,74,High,3,62
90,17,High,88,Low,1,68
77,18,Medium,80,High,1,66
100,16,High,55,High,1,69
64,27,Medium,77,Medium,3,68
94,27,Low,77,Medium,0,71
79,18,High,86,Medium,3,68
93,9,Low,66,High,0,64
93,17,Medium,93,Low,0,66
97,16,Low,81,Medium,0,70
72,16,Medium,52,Low,1,60
98,16,Medium,85,Medium,0,69
66,16,Medium,95,Medium,1,65
63,18,High,84,High,1,66
77,16,Low,69,Medium,1,64
93,21,High,80,Medium,0,71
79,22,Low,59,High,0,66
93,15,Low,80,Medium,0,66
89,28,Medium,75,Medium,1,68
68,14,High,51,High,1,63
98,10,Low,66,Medium,1,66
62,22,Medium,60,Low,0,61
96,15,Low,70,Medium,4,70
72,22,High,62,Medium,5,68
80,6,Medium,92,Medium,5,65
77,28,Medium,85,High,0,69
67,24,High,87,Medium,0,67
74,11,Medium,68,High,0,62
68,11,High,50,Low,2,61
68,30,High,61,High,1,70
67,16,Medium,88,High,0,65
80,15,Medium,80,High,1,65
92,6,Medium,77,Medium,1,66
83,18,High,64,Medium,1,66
96,19,Medium,54,Medium,1,69
85,24,High,89,High,1,70
88,12,Medium,52,High,1,63
87,11,Medium,53,Low,1,64
78,23,Low,65,High,1,65
88,26,Medium,79,High,1,71
63,11,Medium,100,Medium,0,61
94,26,Low,55,Low,2,69
91,20,Medium,74,High,1,69
70,27,Medium,80,Medium,1,66
91,20,Medium,91,High,3,72
61,5,Medium,84,High,1,60
69,19,Low,90,Low,0,62
63,26,Medium,76,Medium,3,66
91,15,High,72,Medium,1,69
90,18,Medium,81,High,2,69
93,19,High,95,Medium,3,71
60,3,Low,78,Medium,1,57
80,30,High,80,High,0,72
88,15,Medium,67,Low,1,66
66,23,Medium,80,Medium,1,66
86,19,Medium,81,Medium,3,70
63,28,Medium,88,Medium,2,67
67,22,Medium,79,Medium,1,65
79,19,Medium,60,Medium,1,63
86,15,Low,79,High,3,68
66,25,Medium,65,Low,0,63
67,9,High,54,Medium,3,63
68,24,Medium,91,Medium,1,68
70,13,Medium,53,Medium,2,60
69,28,Medium,82,Medium,0,67
76,21,Low,99,Low,0,65
86,24,Low,54,High,0,68
78,20,Low,61,Medium,0,62
91,9,Low,88,Medium,2,65
89,15,Medium,55,Medium,1,66
65,24,Medium,92,Medium,3,67
62,21,High,50,Low,1,60
95,27,High,94,Low,2,74
63,22,Low,53,Low,1,62
66,14,Medium,96,Low,0,61
61,15,Medium,93,Medium,0,63
85,21,Low,77,Medium,2,66
83,6,Medium,89,Medium,1,65
99,30,Medium,54,Low,0,72
95,23,Medium,57,High,1,70
76,27,High,68,High,1,71
75,11,High,77,High,1,64
72,27,High,93,Medium,1,70
66,33,Medium,77,Medium,2,68
66,12,High,83,Low,1,61
65,25,Medium,84,High,1,68
65,20,Medium,94,Low,1,64
70,11,High,89,Medium,2,64
72,23,High,99,Medium,2,71
98,25,High,51,Medium,0,72
83,16,Medium,60,Medium,0,66
100,27,Medium,97,Low,4,74
75,10,Medium,90,Medium,3,65
78,11,High,63,High,1,64
73,21,Medium,99,High,1,69
67,20,Medium,93,Medium,1,62
66,16,Medium,53,Medium,2,62
98,25,Low,91,Low,2,72
99,23,High,89,Medium,1,73
62,25,Low,61,Medium,1,64
66,19,Medium,83,Medium,2,65
77,24,High,99,High,1,70
67,17,Medium,84,Medium,1,66
75,32,High,91,Low,1,70
65,15,High,55,Medium,2,63
78,33,Low,86,Low,1,69
71,20,Medium,60,High,0,64
74,12,Medium,54,Low,2,63
64,28,Medium,78,Medium,2,66
77,21,Medium,88,Medium,2,68
99,25,Medium,77,Medium,0,97
73,27,Low,97,Low,2,67
95,22,Medium,85,Medium,0,71
94,16,Low,56,Low,2,66
98,26,Low,97,Medium,2,72
92,20,Medium,58,High,2,70
86,24,Medium,88,Medium,1,69
94,7,Low,57,Medium,2,66
63,23,High,100,High,2,69
79,16,Medium,67,Medium,2,65
100,30,High,75,High,0,75
91,24,Medium,73,Low,2,70
98,21,Low,55,High,1,70
91,23,High,75,Medium,2,69
95,14,Medium,57,High,2,68
88,30,Medium,90,Low,4,73
90,32,Medium,98,Medium,0,74
81,22,Low,90,Low,0,66
97,30,Medium,72,High,1,74
93,17,Low,50,Medium,3,67
94,15,Medium,52,High,1,67
87,20,High,75,Medium,3,70
72,23,High,84,Low,1,67
61,18,Low,91,Medium,3,80
97,23,High,80,Medium,1,70
83,22,Medium,99,High,4,71
72,14,Low,75,Medium,4,64
66,23,High,80,High,1,68
93,25,Medium,62,Medium,0,68
93,21,Medium,67,Medium,1,69
93,27,Low,84,High,1,72
86,13,Medium,80,Medium,0,65
75,23,Low,68,Low,1,64
72,13,High,56,Medium,1,64
60,13,Medium,67,Low,1,58
93,16,Medium,52,High,2,69
63,14,Low,79,High,1,61
85,17,High,66,High,0,68
80,19,Medium,69,High,1,66
81,25,Medium,79,Medium,1,68
97,18,High,79,Low,2,70
61,10,Low,79,High,4,62
91,27,Medium,75,Medium,2,71
62,15,Medium,74,Medium,0,61
62,20,Medium,91,High,1,64
77,23,Low,73,Medium,1,65
63,21,Medium,77,Low,3,63
92,27,Medium,99,High,4,74
81,23,High,59,Medium,2,68
61,15,Medium,86,High,2,65
62,33,Medium,74,Medium,2,66
85,21,High,92,Medium,1,69
92,19,Medium,70,Low,2,69
78,26,Medium,65,High,3,70
82,21,Medium,60,Medium,3,70
92,22,Medium,94,Medium,1,71
84,35,Medium,86,Medium,1,72
69,18,Low,54,Medium,1,61
85,18,High,86,Medium,1,68
85,21,Low,52,Medium,3,66
89,26,Medium,59,Medium,1,70
85,11,Low,80,Medium,0,63
99,8,High,73,Medium,1,68
68,16,Medium,92,Low,1,62
98,10,High,80,Medium,3,69
82,17,Medium,98,Medium,3,69
87,23,Low,93,Medium,1,72
64,15,Medium,67,High,2,64
75,11,Medium,92,Low,2,63
91,20,Medium,93,Medium,1,70
88,25,Medium,98,Low,1,69
62,10,High,51,High,1,61
82,25,High,94,High,2,70
64,25,Medium,53,Medium,1,64
100,26,High,76,High,0,76
96,27,Medium,71,Medium,2,73
61,33,Low,96,Low,2,67
94,18,Medium,70,Medium,2,69
97,21,Medium,80,Medium,2,72
74,18,Medium,85,Medium,4,66
89,20,Medium,51,Medium,3,70
78,29,High,80,Medium,2,73
86,12,Medium,76,High,2,68
74,15,High,80,Medium,2,66
73,28,Medium,54,Low,4,67
77,26,Low,53,Medium,3,67
66,18,High,59,Medium,0,62
93,25,Medium,93,Low,2,72
74,22,High,68,Low,0,65
76,29,Low,72,Medium,1,69
96,20,High,70,Medium,2,69
80,26,Medium,86,High,0,69
82,36,Low,63,Low,0,69
98,24,Medium,53,Low,1,69
95,20,High,69,Medium,0,70
67,24,Low,86,High,6,67
79,18,High,96,Medium,3,69
99,34,Medium,53,Medium,0,75
75,21,Medium,91,Low,2,66
75,18,Low,53,Medium,0,63
68,15,Medium,67,Medium,3,64
65,27,Medium,51,Medium,2,66
90,25,Medium,96,Medium,1,72
91,17,High,85,Medium,3,71
99,23,Medium,68,Low,0,70
91,11,Medium,69,High,2,67
70,21,Low,82,Medium,0,65
62,23,High,54,High,3,65
99,30,Medium,57,Medium,0,73
74,15,Medium,92,Medium,1,66
72,12,Medium,60,Low,0,62
96,15,High,86,Medium,2,71
83,12,High,61,Medium,3,66
69,28,High,54,High,1,65
96,29,High,95,Medium,0,75
100,22,Medium,95,High,2,74
63,27,Low,80,Medium,1,65
94,21,Medium,73,Medium,2,71
76,19,Low,78,High,1,65
81,18,Low,70,Medium,0,65
97,18,Low,88,Medium,0,67
99,11,Low,88,Medium,2,67
70,22,Medium,91,Medium,2,66
69,20,Medium,76,High,1,67
63,24,Medium,90,Medium,2,66
82,21,High,58,Low,0,65
61,19,Medium,52,High,1,59
76,15,High,82,High,4,69
63,20,Medium,55,Medium,2,63
76,24,Medium,78,Low,1,65
62,13,Low,86,Medium,2,61
93,21,Medium,70,Low,0,68
68,21,High,52,Medium,3,65
73,16,Low,94,Low,1,61
95,16,High,52,Medium,0,69
90,21,Medium,95,Low,2,72
69,13,Low,53,Medium,2,59
63,22,Medium,87,Medium,0,63
89,15,Medium,96,Medium,3,69
76,26,Low,95,Low,1,67
91,34,Medium,95,Low,1,70
78,15,High,94,Medium,0,67
74,23,Medium,76,Medium,1,66
78,16,Medium,78,Medium,5,68
90,26,High,81,Low,1,71
96,12,Medium,95,High,3,69
62,23,Medium,92,High,0,65
81,15,Medium,89,Medium,0,66
61,19,High,84,Medium,2,66
79,14,Medium,81,High,3,67
95,25,Medium,96,High,1,74
74,15,High,60,High,3,66
97,23,High,60,Medium,1,72
85,18,Low,99,High,0,69
97,19,High,78,Low,0,68
90,21,High,74,Medium,4,71
64,15,Medium,93,Medium,0,61
69,21,Medium,92,Medium,2,65
76,29,High,59,Medium,4,71
67,15,Medium,59,Low,0,59
80,27,Medium,90,High,1,71
79,29,High,89,Medium,0,72
98,15,High,61,High,1,71
77,11,Low,92,Low,0,61
91,22,Medium,74,Medium,1,67
98,17,Medium,73,Medium,0,67
95,31,Medium,99,Medium,1,74
68,20,High,76,High,2,66
80,15,Medium,57,Medium,1,63
74,13,Medium,64,Medium,4,63
76,27,High,67,High,1,68
74,17,Low,98,Medium,1,65
93,20,Low,63,Medium,0,66
78,26,Medium,72,Medium,1,67
81,17,Medium,87,Medium,0,67
99,20,Low,64,Medium,0,70
62,20,Medium,85,Low,5,65
80,24,Medium,60,Medium,1,68
91,24,High,62,Medium,3,70
66,19,Low,99,High,1,66
84,20,Medium,68,High,0,69
70,18,Medium,86,Medium,1,65
95,11,Medium,92,Medium,2,68
73,22,Medium,67,Low,3,65
73,31,High,68,Medium,1,70
84,15,Low,89,Low,1,65
67,15,Medium,80,High,3,67
71,15,Low,68,High,5,64
77,24,Medium,87,Medium,2,68
74,23,High,93,Medium,4,70
81,19,High,62,Low,1,64
84,14,Medium,51,High,4,67
83,21,High,64,High,2,68
86,11,Medium,84,Medium,5,67
72,21,Low,96,Medium,4,66
65,25,High,93,Medium,2,66
90,12,Low,61,Medium,2,66
94,11,Low,94,Low,2,67
70,29,Medium,91,Medium,2,69
76,16,Medium,87,Low,3,65
80,27,Low,84,Low,4,68
81,19,High,90,Low,2,67
86,19,Medium,93,Medium,1,69
62,23,Medium,91,Medium,3,64
89,15,Medium,56,Medium,2,67
62,21,Medium,86,High,2,67
79,18,High,92,Medium,1,67
93,12,High,59,Medium,2,67
78,22,High,61,Medium,2,68
66,18,Medium,89,Medium,4,65
99,19,High,67,Low,3,70
96,13,Medium,70,Medium,1,68
91,30,Low,69,High,2,72
76,25,High,61,Medium,1,67
67,26,Low,97,High,2,66
98,18,Low,90,Low,0,68
81,10,High,63,Medium,1,64
94,32,High,55,Medium,4,75
74,20,Low,69,High,1,66
73,16,High,71,High,0,67
99,23,High,50,High,1,71
81,27,High,94,Low,0,68
66,20,Medium,93,Medium,2,65
69,28,High,93,Low,0,67
79,26,High,90,Low,0,66
62,14,Medium,87,Low,1,60
79,16,Medium,82,Medium,2,64
77,26,Medium,98,Medium,0,69
91,4,Medium,86,Medium,3,64
74,19,High,82,Medium,2,66
99,11,Medium,89,High,3,72
67,17,Low,62,Low,0,60
84,18,High,98,Low,3,69
64,18,Medium,51,Medium,2,62
89,17,Medium,82,Medium,3,70
100,13,Low,54,Low,3,65
93,34,Medium,93,High,2,77
82,31,High,98,Medium,0,71
79,13,High,70,Medium,4,66
93,29,Medium,93,Medium,2,74
97,18,High,67,Medium,1,70
100,21,Medium,58,Medium,2,69
76,20,Medium,64,Medium,2,64
100,16,Medium,65,Medium,1,69
66,26,High,82,High,1,68
70,21,Low,90,Medium,1,63
64,17,Medium,60,Medium,1,61
71,12,Medium,54,Medium,0,61
91,15,Low,61,Medium,0,65
94,10,High,65,Medium,3,65
91,20,Medium,64,High,0,69
85,13,High,61,High,3,69
81,18,Medium,73,Low,1,65
88,28,High,93,Low,3,72
76,27,High,55,High,3,69
94,20,Medium,93,High,1,71
87,19,Medium,75,Medium,2,67
88,31,High,83,Medium,0,72
81,23,High,91,High,0,70
95,18,Medium,65,Low,1,68
70,11,Medium,98,Medium,3,66
75,22,High,54,Medium,4,68
91,25,Low,76,High,1,71
80,16,Medium,63,Low,2,63
96,22,High,70,Medium,2,70
74,18,High,72,Medium,1,65
75,19,High,96,High,2,70
96,5,Low,72,Medium,3,65
79,19,High,85,High,0,68
81,26,Medium,98,High,1,69
73,16,Medium,75,Medium,3,66
71,20,Medium,70,Low,0,62
86,15,High,99,Medium,2,70
65,22,Low,91,High,2,65
95,19,High,97,Low,0,71
91,14,High,70,Medium,2,68
68,28,Low,85,Low,0,65
88,26,High,62,Low,1,70
84,16,High,93,Medium,0,69
67,23,Low,97,Medium,1,66
71,23,Medium,63,Medium,1,66
76,24,Medium,55,High,2,67
88,10,Medium,60,Low,1,63
86,26,High,82,Low,2,70
81,17,Medium,64,High,0,65
91,18,High,82,Medium,3,70
90,36,High,68,Medium,1,74
85,22,Medium,96,High,0,69
91,18,Medium,73,High,0,68
73,7,Medium,75,Medium,1,64
95,28,Medium,67,High,2,73
85,12,Medium,54,Medium,4,66
93,14,Low,75,Medium,0,65
82,18,Low,89,High,0,66
69,28,Low,98,Medium,0,67
82,25,High,54,Medium,0,67
75,19,Medium,90,Medium,0,66
88,22,Low,63,Medium,3,69
79,16,Medium,91,Medium,4,69
93,21,Low,67,Medium,2,68
87,20,Low,56,Low,1,64
87,26,Medium,81,Medium,1,70
69,26,Medium,95,Medium,1,67
99,23,Low,59,Low,1,68
94,18,Medium,51,Medium,0,67
92,24,Medium,94,High,1,73
73,19,Medium,85,Medium,1,65
81,14,High,90,Medium,3,69
65,18,Medium,53,Medium,1,63
82,21,Medium,95,Medium,3,68
66,25,High,71,Medium,0,64
82,19,High,95,Low,2,68
86,13,High,53,Medium,2,66
76,20,Medium,94,Medium,2,65
80,21,Medium,84,Medium,4,69
95,21,Medium,78,Low,2,69
64,26,High,53,Low,2,64
92,26,High,84,High,0,74
67,16,Medium,80,High,1,64
61,16,Low,86,Medium,3,63
67,14,Medium,86,High,0,64
91,24,Medium,72,Medium,3,71
76,29,High,60,Low,2,68
95,18,Medium,96,Medium,4,72
81,19,Low,96,Medium,1,67
61,29,High,61,Medium,0,64
89,23,Low,82,Medium,2,70
64,23,Medium,60,High,2,65
92,13,Medium,93,High,2,69
67,24,Medium,55,High,2,65
74,14,Medium,100,High,1,66
90,13,Medium,81,High,0,67
98,18,Low,51,Medium,1,68
75,16,Medium,94,Medium,0,65
93,19,Medium,84,Medium,0,68
68,11,High,85,Medium,2,63
92,26,Medium,64,Medium,1,71
86,27,Medium,67,High,1,71
68,8,Medium,96,High,2,65
72,26,Low,82,Medium,2,65
65,15,Low,51,Medium,1,61
75,25,High,66,High,0,68
68,20,Medium,80,Low,4,65
86,20,Medium,57,Low,0,66
100,19,Low,55,High,2,69
60,27,High,53,High,3,65
82,13,High,82,Medium,1,65
83,24,Medium,66,High,2,70
97,27,Medium,69,Medium,1,70
80,24,Medium,53,Medium,2,67
82,34,High,87,Medium,3,75
79,17,Low,88,Low,3,65
71,26,Medium,91,Medium,2,66
62,19,Medium,83,High,2,67
76,27,Medium,89,Low,0,67
62,20,Medium,79,Low,2,62
82,18,Medium,75,Medium,0,66
72,28,High,63,Low,1,66
81,17,Low,53,High,0,64
65,12,Medium,65,Low,2,60
97,17,Medium,84,Medium,3,70
96,24,Medium,96,Medium,2,72
68,28,Medium,63,High,0,67
74,21,High,83,Medium,1,67
85,28,Medium,74,Medium,1,72
64,12,High,81,High,1,63
74,17,Medium,50,Low,0,60
70,18,Medium,56,Medium,1,65
97,19,Medium,61,High,2,72
94,21,High,95,Medium,0,70
83,24,Medium,52,High,1,71
81,17,Medium,78,Low,1,66
97,21,Medium,96,Low,2,72
97,20,Medium,83,Low,3,73
99,14,Medium,74,High,2,71
65,19,Low,69,High,4,64
66,19,High,81,Medium,1,66
87,19,Medium,74,Medium,1,69
82,20,Medium,85,Low,1,66
61,20,High,81,Medium,0,63
62,17,Medium,78,Medium,0,62
96,28,Low,98,High,1,98
95,13,High,92,High,1,71
74,16,Medium,80,High,0,66
96,37,Medium,77,Medium,2,75
84,14,Medium,86,High,1,68
92,12,Medium,90,High,2,69
77,24,Low,65,Medium,2,68
65,8,Medium,83,Medium,3,60
77,19,Low,57,Medium,4,64
78,33,Medium,72,Medium,4,71
82,11,High,97,High,2,69
64,8,Medium,66,Medium,1,60
100,11,High,58,High,1,70
70,25,Medium,57,Low,4,66
68,27,Medium,70,High,0,68
81,17,Low,61,High,2,67
81,24,Medium,71,Medium,1,70
78,28,Medium,86,High,0,69
91,31,High,94,Medium,2,75
81,19,Low,56,Medium,1,65
84,6,Medium,88,Medium,1,65
89,15,Low,55,Medium,1,66
61,17,Medium,69,High,1,64
83,18,Medium,100,Low,1,66
95,19,High,53,Medium,3,70
61,27,Low,51,High,1,63
76,28,Low,67,Low,1,66
97,19,Medium,98,Low,1,71
74,27,High,51,Medium,2,68
78,22,Medium,61,Medium,2,68
99,20,Medium,80,Low,0,71
68,25,Medium,62,Low,1,63
63,20,Low,53,Low,1,60
94,32,High,53,Medium,1,73
95,11,Medium,78,Medium,4,68
79,17,High,78,High,2,70
81,19,Medium,85,Medium,1,66
93,23,Medium,57,High,1,72
90,28,Low,75,High,1,70
71,20,High,80,High,2,68
61,11,Medium,61,Medium,3,60
79,25,Medium,77,High,2,68
94,25,High,85,High,1,74
96,8,Medium,100,Medium,1,68
98,20,Medium,80,Low,4,72
95,10,High,93,Medium,0,69
83,16,Medium,92,Low,2,98
78,15,High,97,Medium,1,68
91,25,Low,86,Medium,0,70
90,21,Medium,61,Medium,1,69
82,12,Low,65,High,3,64
63,25,Low,89,Medium,1,65
97,11,Medium,76,Medium,2,69
78,22,Low,63,Medium,2,67
75,15,High,83,Medium,1,65
85,18,High,95,Medium,2,70
87,23,Low,68,High,0,68
68,23,Medium,80,Medium,1,65
93,28,Medium,79,Medium,0,74
72,20,Medium,56,Medium,4,65
67,22,High,55,High,1,65
76,17,Medium,94,High,3,68
89,21,Medium,97,Medium,1,68
99,23,Medium,95,Medium,5,74
92,19,Medium,70,High,2,71
98,9,Medium,64,High,1,67
66,22,Medium,97,Medium,0,64
63,22,Low,94,Low,0,61
82,16,Medium,91,Medium,0,66
72,12,Medium,67,Medium,0,61
93,29,High,82,Medium,5,73
87,23,Medium,88,Low,2,70
99,19,Medium,79,Low,2,70
70,13,Low,80,Medium,1,63
79,15,Medium,88,High,3,69
80,28,High,88,High,2,72
70,21,High,62,Medium,2,66
84,17,High,70,High,1,68
78,23,High,89,Medium,1,67
78,15,High,63,Medium,2,65
75,29,Medium,96,Low,2,68
61,28,Medium,92,High,1,68
81,17,Medium,95,High,2,69
73,16,High,65,High,1,66
60,4,Medium,55,Medium,2,58
72,11,Low,55,High,0,60
71,12,High,78,High,3,67
76,21,Medium,65,Medium,2,65
65,18,Medium,63,High,1,62
80,12,High,61,Medium,0,65
88,18,High,78,High,0,69
85,23,High,77,Low,0,70
92,23,High,71,Low,2,70
78,9,Medium,57,High,1,63
81,19,Medium,96,Low,0,69
92,12,Medium,71,Low,0,64
77,25,High,56,Medium,1,69
88,25,Medium,52,High,1,70
77,15,Medium,58,Medium,1,64
77,15,Medium,65,High,2,65
90,17,Medium,82,High,0,70
67,6,Low,99,Medium,0,60
74,22,High,64,Medium,3,68
69,18,Low,89,Low,2,61
74,26,Low,96,Medium,2,68
69,13,Low,70,Medium,1,61
83,16,Medium,63,Low,2,64
92,11,Medium,75,Medium,2,66
91,14,Medium,95,Medium,2,70
75,13,High,51,High,3,65
100,26,High,74,Medium,1,74
84,16,High,88,High,1,66
76,21,Medium,80,Low,3,65
93,18,High,75,Low,1,69
89,12,High,78,Medium,4,69
90,19,High,81,Low,2,69
68,24,Low,84,High,1,66
79,13,Low,68,Medium,2,63
94,25,Low,76,Medium,1,69
80,15,High,64,Medium,1,65
87,17,Medium,99,Medium,1,67
84,23,Medium,59,Medium,1,66
94,16,Medium,58,Low,2,67
71,20,High,63,Low,1,65
83,18,High,96,Medium,0,69
65,21,High,83,Low,3,65
88,6,High,73,High,3,67
89,9,Medium,96,Medium,0,66
62,24,Medium,95,Low,1,64
87,26,High,70,Medium,1,70
77,15,High,78,Medium,0,65
65,19,Medium,95,Low,2,65
77,22,Low,66,Low,2,64
68,24,Low,70,Medium,1,64
77,8,Low,90,Medium,1,61
75,15,Medium,85,High,1,65
90,18,Medium,52,High,5,68
91,24,High,56,Low,1,70
84,35,Medium,92,Low,6,74
61,19,Medium,51,Medium,1,60
97,12,Low,96,High,2,71
87,22,High,64,High,2,70
61,28,Medium,80,Low,2,67
93,21,Medium,78,Medium,0,68
68,15,Medium,70,High,3,64
83,26,Low,52,High,0,67
79,24,Low,60,Low,0,65
77,14,Medium,81,Medium,3,66
96,22,Medium,72,Medium,1,72
77,26,Medium,71,Low,3,69
63,27,Medium,55,Medium,1,65
98,20,High,67,Low,0,71
97,18,High,76,High,0,72
87,27,Medium,54,High,0,70
79,13,Medium,53,High,1,63
64,23,Medium,75,Medium,2,66
92,12,Low,78,Low,3,67
63,26,High,63,Medium,1,67
63,18,Medium,66,Medium,2,62
81,28,High,90,Medium,3,72
66,23,High,93,Medium,1,69
60,13,Medium,66,Medium,1,61
77,29,Low,68,Medium,1,67
65,29,Medium,92,Low,0,66
66,25,Medium,99,Medium,2,68
63,15,High,66,Medium,1,62
68,18,Low,89,High,0,63
89,21,Medium,74,Medium,3,70
92,16,High,63,Low,2,68
78,30,High,84,Medium,1,71
80,21,Low,73,High,0,65
61,4,High,63,Low,4,59
63,22,Low,55,High,2,64
70,18,High,93,Medium,0,67
82,20,Medium,94,Medium,3,68
90,18,High,54,High,1,95
84,25,Medium,83,Medium,1,70
76,27,Medium,58,Medium,1,68
65,22,Medium,82,Low,2,65
91,18,Medium,95,Low,2,70
75,20,Medium,63,Medium,4,67
89,20,High,67,Medium,2,69
81,15,High,90,Medium,1,68
90,23,High,87,High,1,72
96,23,High,70,Medium,1,71
97,29,High,92,Medium,2,75
81,28,High,96,Medium,0,70
80,16,Medium,73,Medium,2,66
71,25,High,52,Medium,3,67
97,14,Medium,75,Medium,1,70
78,24,High,87,High,2,71
65,17,Medium,61,Medium,5,64
77,14,Medium,55,Medium,2,65
65,22,Medium,64,Medium,1,64
80,4,Medium,51,Low,4,62
82,9,Low,86,High,2,64
74,19,High,57,Medium,1,66
63,20,Medium,86,Medium,0,64
98,18,Medium,62,High,3,71
91,11,Low,100,High,4,68
94,15,Medium,77,Medium,3,70
75,22,Medium,52,High,0,66
90,23,Medium,89,Medium,2,71
79,20,Medium,71,Medium,1,68
68,27,Low,80,Low,3,66
65,22,Medium,98,Low,4,66
74,16,High,76,Low,5,65
66,18,Medium,90,Medium,0,64
100,12,Medium,65,Low,1,67
62,19,Medium,86,Medium,1,65
78,27,Medium,55,Medium,3,69
78,24,Medium,95,High,1,69
72,28,Medium,60,Low,4,69
83,18,High,65,Medium,3,68
66,28,Low,98,Medium,0,67
91,19,Low,58,Medium,2,68
73,29,Low,63,Low,1,65
84,20,Medium,79,High,3,69
89,24,Low,99,Medium,1,73
96,29,Medium,85,High,3,76
93,19,High,56,Medium,0,69
84,21,Low,87,High,2,69
76,28,Medium,71,Medium,3,68
80,19,High,100,High,1,70
91,12,Low,81,Medium,0,64
95,33,Low,77,Low,2,73
64,17,Medium,78,Medium,1,64
75,21,Low,82,Medium,1,65
91,27,High,87,Low,0,69
77,16,Low,54,Medium,0,62
73,14,Medium,57,High,2,64
76,22,High,65,Low,0,64
84,9,Medium,74,Medium,5,67
100,18,Low,66,Medium,3,69
80,21,Low,61,Medium,2,67
68,18,High,96,Low,1,65
67,11,High,52,Medium,3,63
62,30,Low,97,Low,0,66
82,21,High,95,Medium,1,70
82,29,High,84,Medium,1,70
68,18,High,52,High,0,67
88,15,Medium,61,Low,0,65
90,22,High,99,Low,1,70
70,19,Medium,95,Medium,0,66
74,13,High,98,Medium,1,66
100,29,Low,100,Medium,0,72
75,16,Low,53,High,0,64
90,9,High,79,High,4,70
78,28,High,92,Medium,1,71
92,17,Medium,66,Medium,2,66
91,16,Medium,72,High,0,70
87,9,Medium,64,Low,1,64
94,30,Low,52,Medium,3,70
98,12,Low,54,Medium,2,67
83,20,Low,51,Medium,2,65
69,25,Medium,76,High,1,68
76,23,Medium,81,High,3,69
90,20,Low,65,Medium,3,68
86,10,High,91,High,2,68
67,15,Low,94,Medium,0,64
